{
  "type": "FeatureCollection",
  "name": "الأطلس المائي والاستشفائي والسياحي الطبيعي في ليبيا 2026",
  "features": [
    {
      "type": "Feature",
      "properties": {
        "id": 1,
        "name": "أطلال حصن بئر احكيم",
        "primary_category": "آبار وخزانات ومصادر مياه أخرى",
        "all_categories": "آبار وخزانات ومصادر مياه أخرى",
        "description": "تتناثر على مساحة واسعة محيط مصدر مائي يعرف ببئر حكيم جنوب مدينة طبرق، مخلفات إحدى معارك الحرب الكونية الثانية، بمافي ذلك أحجار نقش عليها الجنود أسماءهم وغرفة عمليات، إلى جانب مقبرة تضم رفاة 200 جندي فرنسي لقوا حتفهم أثناء معركة طاحنة، صمد خلالها جنود لواء القوات الفرنسية الحرة الأول طيلة 16 يوماً أمام هجوم القوات الألمانية والايطالية. وقعت معركة بئر حكيم بين 27 مايو و11 يونيو سنة 1942 في الصحراء الليبية بين القوات الفرنسية الحرة (FFL) والقوات الألمانية والإيطالية بقيادة الكولونيل ( إرفين رومل)، الذي حاول الوصول إلى طبرق عبر اقتحام الخط الدفاعي الجنوبي الذي أنشأه الجيش البريطاني الثامن بقيادة الجنرال (ريتشي)، وكلف لواء القوات الفرنسية الحرة الأول بالدفاع عنه. تركزت خطة (رومل) قائد فيلق الصحراء على عنصر المفاجأة والمباغتة، والانتقال من الدفاع إلى الهجوم. الالتفاف ومهاجمة الجيش البريطاني من الوراء، وإطلاق مدرعاته لاحتلال طبرق. وكلل الجزء الأول من الخطة كلل بالنجاح، منذ الأشهر الأولى من عام 1942، فقد تمكن ( رومل) في الالتفاف على الخط الدفاعي الانجليزي، لكن خطوط الاتصال التي يحصل من خلالها على التموين أصبحت طويلة جدا. ومن هنا أصبح بئر حكيم موقعا استراتيجيا استوجب الألمان احتلاله ليس فقط للسماح بضمان وصول الإمدادات بشكل أسرع، ولكن أيضا لمنعها من أن تصبح نقطة انطلاق للهجوم المضاد لقطعهم عن ظهورهم، بيد أن القوات الفرنسية الـ3300 تحت قيادة (كونيغ) كثفت غاراتها حول بئر حكيم، مما تسبب في خسائر كبيرة لقوات المحور. وفي الـ 27 مايو بدأ هجوم بواسطة الفرقة المدرعة للفيلق الإيطالي العشرين \"Ariete\"، الذي اضطر للانسحاب بعد ساعة واحدة عقب تعرضه لخسائر ثقيلة. ومع ذلك استمرت عزلة المواقع الفرنسية وفي 2 يونيو، تمت عملية تطويقهم بالكامل. ثم بدأ الهجوم الحقيقي الذي أجرته الوحدة الآلية الإيطالية \"Trieste\" والوحدة الألمانية الـ90، بقيادة رومل. على الرغم من القصف المكثف الذي قامت به القوات الجوية الألمانية، تدعمها المدفعية الثقيلة بالقصف، رفض الفرنسيون ثلاث مرات عروض الاستسلام. تكثف الهجوم منذ 8 يونيو وعانى المحاصرون الفرنسيون من هجمات قاسية، بما في ذلك فرقة النقيب (بيار ميسمار) الذي يدافع عن الجانب الشمالي. عند انتهاء الذخيرة والماء، حصل الفرنسيون أخيرا على إذن للانسحاب وأجروا في ليلة 10-11 يونيو تراجعا، وسط حقول الألغام وتحت وابل من النار، مما سمح لـ2500 رجل بالانضمام إلى القوات البريطانية. بصمودها لمدة 16 يوما في وجه قوات الجنرال رومل، على الرغم من أنها فشلت في منع سقوط طبرق يوم 14 يونيو، مكنت قوات فرنسا الحرة الجيش البريطاني الثامن من الانسحاب إلى مواقع جديدة وبذلك أمكن تفادي وقوع كارثة له. قبل كل شيء، كشفت معركة بئر حكيم، التي نقلت بمهارة من قبل الإذاعة الفرنسية في لندن، للرأي العام الفرنسي والدولي وجود جيش فرنسي قادر على القتال والوقوف في وجه الجيوش الألمانية.",
        "folders": "Untitled layer",
        "source": "اطلس2026.xml",
        "origin": "أطلس ليبيا السياحي 2026",
        "status": "جاهز مبدئياً",
        "geometry_type": "Point",
        "coord_count": 1,
        "source_type": "KML/XML"
      },
      "geometry": {
        "type": "Point",
        "coordinates": [
          23.4796,
          31.5938533
        ]
      }
    },
    {
      "type": "Feature",
      "properties": {
        "id": 2,
        "name": "الفرارة موقع أثري مغمور بالمياه",
        "primary_category": "آبار وخزانات ومصادر مياه أخرى",
        "all_categories": "آبار وخزانات ومصادر مياه أخرى",
        "description": "",
        "folders": "Untitled layer",
        "source": "اطلس2026.xml",
        "origin": "أطلس ليبيا السياحي 2026",
        "status": "جاهز مبدئياً",
        "geometry_type": "Point",
        "coord_count": 1,
        "source_type": "KML/XML"
      },
      "geometry": {
        "type": "Point",
        "coordinates": [
          21.6313182,
          32.9269457
        ]
      }
    },
    {
      "type": "Feature",
      "properties": {
        "id": 3,
        "name": "المقبرة الايطالية",
        "primary_category": "آبار وخزانات ومصادر مياه أخرى",
        "all_categories": "آبار وخزانات ومصادر مياه أخرى",
        "description": "عند نهاية امتداد شارع 17 فبراير، و على يسار المتجه غرباً تطل حديقة صغيرة، خلفها توجد المقبرة المسيحية الايطالية، المتميزة بتمازج طرز المعمار الروماني والبيزنطي والاسلاميش3. وتضم المقبرة رفات الطائفة المسيحية من مختلف الجنسيات الذين عاشوا أو زاروا ليبيا في بدايات القرن الماضي ولاقتهم المنية على أرضها. يعود تاريخ المقبرة الحالية إلى 1923 بعد نقل عدد كبير من جثامين ورفات المسيحيين، من مقبرة في أرض فضاء تبرع بها أحد ملاك الاراضي بمدينة طرابلس القديمة يدعى (درغوث)، إلى موقع المقبرة الحالي. وقسمت المقبرة إلى عدة أجزاء خصص أحدها كمقبرة إيطالية تحوي رفات أموات من الديانة اليهودية، فضلا عن عدد من المسلمين، إلى جانب جثامين مدنيين ايطاليين، من أتباع المذهب \" الكاثوليكي\"، تم نقل رفاتهم إلى داخل المقابر المسقوفة، يقدر عددها بنحو 6475 جثمان لغرض حمايتها من العوامل الجوية، بالإضافة إلى إدراج كافة المعلومات الخاصة بمن ضمتهم المقبرة من الاموات – تاريخ الوفاة والاسماء وإي معلومة أخرى، فيما نقل رفات الجنود الإيطاليين في وقت سابق إلى ايطاليا بعد مشاورات بين السلطات الليبية والايطالية. كما تضم المقبرة مدافن لعدد من الفرنسيين، بينما توجد مقبرة اسبانية وألمانية، فضلا عن مقبرة إنجليزية يعود تاريخها إلى سنة 1939 وبها رفات مواطنين وجنود إنجليز، بالإضافة إلى قبور ذفن بها عدد كبير من المسلمين من دول عربية وافريقية تم تجنيدهم في الجيش الانجليزي أثناء الحرب الكونية الثانية، ولقوا حتفهم خلال المعارك في الأراضي الليبية، وهو ما تؤكده شواهد القبور التي تحمل أسماء وديانة وجنسية المتوفى وتاريخ الوفاة .",
        "folders": "Untitled layer",
        "source": "اطلس2026.xml",
        "origin": "أطلس ليبيا السياحي 2026",
        "status": "جاهز مبدئياً",
        "geometry_type": "Point",
        "coord_count": 1,
        "source_type": "KML/XML"
      },
      "geometry": {
        "type": "Point",
        "coordinates": [
          13.1609506,
          32.879817
        ]
      }
    },
    {
      "type": "Feature",
      "properties": {
        "id": 4,
        "name": "المنطقة الجنائزية",
        "primary_category": "آبار وخزانات ومصادر مياه أخرى",
        "all_categories": "آبار وخزانات ومصادر مياه أخرى",
        "description": "• اكتشف الموقع سنة 1942 عن طريق الصدفة أثناء أعمال حفر وشق قنوات تصريف المياه ، على بعد حوالى 200 متر من شاطىء البحر ، وأخضع مطلع السبعينات من القرن الماضي لأعمال تنقيب واسعة ودراسات مستفيضة أسفرت عن ترميم واسترداد الكتل المنهارة، واستعادة الآلاف من شظايا الأعمال الفنية التي يحويها الموقع المعروف بـ (المدفن الروماني الكبير)، أو المنطقة الجنائزية المقدسة (سدرة الباليك). ينطوي المدفن على أهمية استثنائية في تتبع صور عن مظاهر الحياة اليومية والمعتقدات السائدة في أقليم (تربوليتانيا) خلال الفترة الرومانية المتأخرة، وتعطي زواره لمحة عن بيئات المدينة ثقافيا واجتماعيا . • أزاحت الدراسات التاريخية النقاب عن أهمية الموقع باعتباره أهم المدافن الرومانية التي شيدت خلال القرن الرابع الميلادي في أفريقيا، ويصنف من أعظم الأمثلة عن فن الجداريات المعبرة عن المعتقدات والطقوس الجنائزية السائدة في تلك الحقبة من الزمن. • يحتوي المدفن المحفور تحت سطح الأرض على غرف دفن كانت تضم رفات شخصيات ذو مكانة اجتماعية رفيعة ، محفورة في جدران المقبرة، وهيكلين مذبحين لتقديم \"القرابين\" على شرف المتوفين. • يتكون المدفن من درج يفضي إلى قاعة فسيحة مستطيلة الشكل ، تتوزع عليها أربع مناضد حجرية خاصة بتقديم الوجبات أثناء الاحتفالات الجنائزية التي يقيمها أفراد عائلة المتوفين احياءً لذكراهم ، ويوجد في الجهة الجنوبية من القاعة حوض ماء بارد يرجح استخدامه اثناء تقديم الوجبات الجنائزية، إلى جانب حوض الماء حيث يتم غسل الأواني والصحون الفخارية، و مقاعد حجرية تتسع لحوالي ستين شخصاً. • تكتظ الألوان الزاهية التي تغطي مساحة 180 متراً مربعاً من جدران المقبرة، وهو مايلفت الانتباه إلى أهمية الموقع الكبرى، ووضعه على لائحة المواقع استثنائية في عموم أفريقيا، حيث لم يكشف مثلها في افريقيا الرومانية حتى الآن . • تتنوع مواضيع الرسومات التي غطت القاعة، من رموز دينية، كالكيوبيدات، والطاووس، و مشاهد صيد الحيوانات المفترسة والمستأنسة و الاشجار و النباتات مزينة و مزخرفة بألوان غاية في الجمال.",
        "folders": "Untitled layer",
        "source": "اطلس2026.xml",
        "origin": "أطلس ليبيا السياحي 2026",
        "status": "جاهز مبدئياً",
        "geometry_type": "Point",
        "coord_count": 1,
        "source_type": "KML/XML"
      },
      "geometry": {
        "type": "Point",
        "coordinates": [
          12.4962079,
          32.8040404
        ]
      }
    },
    {
      "type": "Feature",
      "properties": {
        "id": 5,
        "name": "الوشكة منطقة نخيل وبها بئر مياه",
        "primary_category": "آبار وخزانات ومصادر مياه أخرى",
        "all_categories": "آبار وخزانات ومصادر مياه أخرى",
        "description": "",
        "folders": "Untitled layer",
        "source": "اطلس2026.xml",
        "origin": "أطلس ليبيا السياحي 2026",
        "status": "جاهز مبدئياً",
        "geometry_type": "Point",
        "coord_count": 1,
        "source_type": "KML/XML"
      },
      "geometry": {
        "type": "Point",
        "coordinates": [
          17.9153395,
          30.7644202
        ]
      }
    },
    {
      "type": "Feature",
      "properties": {
        "id": 6,
        "name": "بئر أثري",
        "primary_category": "آبار وخزانات ومصادر مياه أخرى",
        "all_categories": "آبار وخزانات ومصادر مياه أخرى",
        "description": "",
        "folders": "Untitled layer",
        "source": "اطلس2026.xml",
        "origin": "أطلس ليبيا السياحي 2026",
        "status": "جاهز مبدئياً",
        "geometry_type": "Point",
        "coord_count": 1,
        "source_type": "KML/XML"
      },
      "geometry": {
        "type": "Point",
        "coordinates": [
          21.7496418,
          32.9302927
        ]
      }
    },
    {
      "type": "Feature",
      "properties": {
        "id": 7,
        "name": "بئر أصوان",
        "primary_category": "آبار وخزانات ومصادر مياه أخرى",
        "all_categories": "آبار وخزانات ومصادر مياه أخرى",
        "description": "",
        "folders": "Untitled layer",
        "source": "اطلس2026.xml",
        "origin": "أطلس ليبيا السياحي 2026",
        "status": "جاهز مبدئياً",
        "geometry_type": "Point",
        "coord_count": 1,
        "source_type": "KML/XML"
      },
      "geometry": {
        "type": "Point",
        "coordinates": [
          11.84825,
          31.43702
        ]
      }
    },
    {
      "type": "Feature",
      "properties": {
        "id": 8,
        "name": "بئر أماسين",
        "primary_category": "آبار وخزانات ومصادر مياه أخرى",
        "all_categories": "آبار وخزانات ومصادر مياه أخرى",
        "description": "",
        "folders": "Untitled layer",
        "source": "اطلس2026.xml",
        "origin": "أطلس ليبيا السياحي 2026",
        "status": "جاهز مبدئياً",
        "geometry_type": "Point",
        "coord_count": 1,
        "source_type": "KML/XML"
      },
      "geometry": {
        "type": "Point",
        "coordinates": [
          9.9366047,
          29.5007794
        ]
      }
    },
    {
      "type": "Feature",
      "properties": {
        "id": 9,
        "name": "بئر أنزوا",
        "primary_category": "آبار وخزانات ومصادر مياه أخرى",
        "all_categories": "آبار وخزانات ومصادر مياه أخرى",
        "description": "",
        "folders": "Untitled layer",
        "source": "اطلس2026.xml",
        "origin": "أطلس ليبيا السياحي 2026",
        "status": "جاهز مبدئياً",
        "geometry_type": "Point",
        "coord_count": 1,
        "source_type": "KML/XML"
      },
      "geometry": {
        "type": "Point",
        "coordinates": [
          10.1252372,
          27.7396472
        ]
      }
    },
    {
      "type": "Feature",
      "properties": {
        "id": 10,
        "name": "بئر ابانكور",
        "primary_category": "آبار وخزانات ومصادر مياه أخرى",
        "all_categories": "آبار وخزانات ومصادر مياه أخرى",
        "description": "",
        "folders": "Untitled layer",
        "source": "اطلس2026.xml",
        "origin": "أطلس ليبيا السياحي 2026",
        "status": "جاهز مبدئياً",
        "geometry_type": "Point",
        "coord_count": 1,
        "source_type": "KML/XML"
      },
      "geometry": {
        "type": "Point",
        "coordinates": [
          10.35,
          25.3166667
        ]
      }
    },
    {
      "type": "Feature",
      "properties": {
        "id": 11,
        "name": "بئر اشديوة",
        "primary_category": "آبار وخزانات ومصادر مياه أخرى",
        "all_categories": "آبار وخزانات ومصادر مياه أخرى",
        "description": "",
        "folders": "Untitled layer",
        "source": "اطلس2026.xml",
        "origin": "أطلس ليبيا السياحي 2026",
        "status": "جاهز مبدئياً",
        "geometry_type": "Point",
        "coord_count": 1,
        "source_type": "KML/XML"
      },
      "geometry": {
        "type": "Point",
        "coordinates": [
          13.3986655,
          31.3067966
        ]
      }
    },
    {
      "type": "Feature",
      "properties": {
        "id": 12,
        "name": "بئر اشميخ",
        "primary_category": "آبار وخزانات ومصادر مياه أخرى",
        "all_categories": "آبار وخزانات ومصادر مياه أخرى",
        "description": "",
        "folders": "Untitled layer",
        "source": "اطلس2026.xml",
        "origin": "أطلس ليبيا السياحي 2026",
        "status": "جاهز مبدئياً",
        "geometry_type": "Point",
        "coord_count": 1,
        "source_type": "KML/XML"
      },
      "geometry": {
        "type": "Point",
        "coordinates": [
          13.9861671,
          31.3940095
        ]
      }
    },
    {
      "type": "Feature",
      "properties": {
        "id": 13,
        "name": "بئر الأزهري",
        "primary_category": "آبار وخزانات ومصادر مياه أخرى",
        "all_categories": "آبار وخزانات ومصادر مياه أخرى",
        "description": "",
        "folders": "Untitled layer",
        "source": "اطلس2026.xml",
        "origin": "أطلس ليبيا السياحي 2026",
        "status": "جاهز مبدئياً",
        "geometry_type": "Point",
        "coord_count": 1,
        "source_type": "KML/XML"
      },
      "geometry": {
        "type": "Point",
        "coordinates": [
          13.7183,
          27.12224
        ]
      }
    },
    {
      "type": "Feature",
      "properties": {
        "id": 14,
        "name": "بئر الأشهب",
        "primary_category": "آبار وخزانات ومصادر مياه أخرى",
        "all_categories": "آبار وخزانات ومصادر مياه أخرى",
        "description": "",
        "folders": "Untitled layer",
        "source": "اطلس2026.xml",
        "origin": "أطلس ليبيا السياحي 2026",
        "status": "جاهز مبدئياً",
        "geometry_type": "Point",
        "coord_count": 1,
        "source_type": "KML/XML"
      },
      "geometry": {
        "type": "Point",
        "coordinates": [
          24.6588564,
          31.8855747
        ]
      }
    },
    {
      "type": "Feature",
      "properties": {
        "id": 15,
        "name": "بئر البلح",
        "primary_category": "آبار وخزانات ومصادر مياه أخرى",
        "all_categories": "آبار وخزانات ومصادر مياه أخرى",
        "description": "",
        "folders": "Untitled layer",
        "source": "اطلس2026.xml",
        "origin": "أطلس ليبيا السياحي 2026",
        "status": "جاهز مبدئياً",
        "geometry_type": "Point",
        "coord_count": 1,
        "source_type": "KML/XML"
      },
      "geometry": {
        "type": "Point",
        "coordinates": [
          21.0444444444444,
          32.7458333333333
        ]
      }
    },
    {
      "type": "Feature",
      "properties": {
        "id": 16,
        "name": "بئر البيضاء",
        "primary_category": "آبار وخزانات ومصادر مياه أخرى",
        "all_categories": "آبار وخزانات ومصادر مياه أخرى",
        "description": "",
        "folders": "Untitled layer",
        "source": "اطلس2026.xml",
        "origin": "أطلس ليبيا السياحي 2026",
        "status": "جاهز مبدئياً",
        "geometry_type": "Point",
        "coord_count": 1,
        "source_type": "KML/XML"
      },
      "geometry": {
        "type": "Point",
        "coordinates": [
          12.2275,
          32.1691667
        ]
      }
    },
    {
      "type": "Feature",
      "properties": {
        "id": 17,
        "name": "بئر الجرف",
        "primary_category": "آبار وخزانات ومصادر مياه أخرى",
        "all_categories": "آبار وخزانات ومصادر مياه أخرى",
        "description": "",
        "folders": "Untitled layer",
        "source": "اطلس2026.xml",
        "origin": "أطلس ليبيا السياحي 2026",
        "status": "جاهز مبدئياً",
        "geometry_type": "Point",
        "coord_count": 1,
        "source_type": "KML/XML"
      },
      "geometry": {
        "type": "Point",
        "coordinates": [
          19.2627614,
          29.9776755
        ]
      }
    },
    {
      "type": "Feature",
      "properties": {
        "id": 18,
        "name": "بئر الخباشة",
        "primary_category": "آبار وخزانات ومصادر مياه أخرى",
        "all_categories": "آبار وخزانات ومصادر مياه أخرى",
        "description": "",
        "folders": "Untitled layer",
        "source": "اطلس2026.xml",
        "origin": "أطلس ليبيا السياحي 2026",
        "status": "جاهز مبدئياً",
        "geometry_type": "Point",
        "coord_count": 1,
        "source_type": "KML/XML"
      },
      "geometry": {
        "type": "Point",
        "coordinates": [
          12.0904315,
          29.8024084
        ]
      }
    },
    {
      "type": "Feature",
      "properties": {
        "id": 19,
        "name": "بئر الركب",
        "primary_category": "آبار وخزانات ومصادر مياه أخرى",
        "all_categories": "آبار وخزانات ومصادر مياه أخرى",
        "description": "",
        "folders": "Untitled layer",
        "source": "اطلس2026.xml",
        "origin": "أطلس ليبيا السياحي 2026",
        "status": "جاهز مبدئياً",
        "geometry_type": "Point",
        "coord_count": 1,
        "source_type": "KML/XML"
      },
      "geometry": {
        "type": "Point",
        "coordinates": [
          21.2413949,
          29.0951701
        ]
      }
    },
    {
      "type": "Feature",
      "properties": {
        "id": 20,
        "name": "بئر الزتارية",
        "primary_category": "آبار وخزانات ومصادر مياه أخرى",
        "all_categories": "آبار وخزانات ومصادر مياه أخرى",
        "description": "",
        "folders": "Untitled layer",
        "source": "اطلس2026.xml",
        "origin": "أطلس ليبيا السياحي 2026",
        "status": "جاهز مبدئياً",
        "geometry_type": "Point",
        "coord_count": 1,
        "source_type": "KML/XML"
      },
      "geometry": {
        "type": "Point",
        "coordinates": [
          12.0397222222223,
          32.5211111111111
        ]
      }
    },
    {
      "type": "Feature",
      "properties": {
        "id": 21,
        "name": "بئر الشجرة الزتارية الشرقية",
        "primary_category": "آبار وخزانات ومصادر مياه أخرى",
        "all_categories": "آبار وخزانات ومصادر مياه أخرى",
        "description": "",
        "folders": "Untitled layer",
        "source": "اطلس2026.xml",
        "origin": "أطلس ليبيا السياحي 2026",
        "status": "جاهز مبدئياً",
        "geometry_type": "Point",
        "coord_count": 1,
        "source_type": "KML/XML"
      },
      "geometry": {
        "type": "Point",
        "coordinates": [
          12.1180555555555,
          32.4936111111111
        ]
      }
    },
    {
      "type": "Feature",
      "properties": {
        "id": 22,
        "name": "بئر الطليعي",
        "primary_category": "آبار وخزانات ومصادر مياه أخرى",
        "all_categories": "آبار وخزانات ومصادر مياه أخرى",
        "description": "",
        "folders": "Untitled layer",
        "source": "اطلس2026.xml",
        "origin": "أطلس ليبيا السياحي 2026",
        "status": "جاهز مبدئياً",
        "geometry_type": "Point",
        "coord_count": 1,
        "source_type": "KML/XML"
      },
      "geometry": {
        "type": "Point",
        "coordinates": [
          12.17758,
          29.2845154
        ]
      }
    },
    {
      "type": "Feature",
      "properties": {
        "id": 23,
        "name": "بئر الطوير",
        "primary_category": "آبار وخزانات ومصادر مياه أخرى",
        "all_categories": "آبار وخزانات ومصادر مياه أخرى",
        "description": "",
        "folders": "Untitled layer",
        "source": "اطلس2026.xml",
        "origin": "أطلس ليبيا السياحي 2026",
        "status": "جاهز مبدئياً",
        "geometry_type": "Point",
        "coord_count": 1,
        "source_type": "KML/XML"
      },
      "geometry": {
        "type": "Point",
        "coordinates": [
          12.3543803,
          31.8729798
        ]
      }
    },
    {
      "type": "Feature",
      "properties": {
        "id": 24,
        "name": "بئر الغزيل",
        "primary_category": "آبار وخزانات ومصادر مياه أخرى",
        "all_categories": "آبار وخزانات ومصادر مياه أخرى",
        "description": "",
        "folders": "Untitled layer",
        "source": "اطلس2026.xml",
        "origin": "أطلس ليبيا السياحي 2026",
        "status": "جاهز مبدئياً",
        "geometry_type": "Point",
        "coord_count": 1,
        "source_type": "KML/XML"
      },
      "geometry": {
        "type": "Point",
        "coordinates": [
          11.1815295,
          29.6106955
        ]
      }
    },
    {
      "type": "Feature",
      "properties": {
        "id": 25,
        "name": "بئر الغنم",
        "primary_category": "آبار وخزانات ومصادر مياه أخرى",
        "all_categories": "آبار وخزانات ومصادر مياه أخرى",
        "description": "",
        "folders": "Untitled layer",
        "source": "اطلس2026.xml",
        "origin": "أطلس ليبيا السياحي 2026",
        "status": "جاهز مبدئياً",
        "geometry_type": "Point",
        "coord_count": 1,
        "source_type": "KML/XML"
      },
      "geometry": {
        "type": "Point",
        "coordinates": [
          12.5724149,
          32.3103125
        ]
      }
    },
    {
      "type": "Feature",
      "properties": {
        "id": 26,
        "name": "بئر الفرطاس",
        "primary_category": "آبار وخزانات ومصادر مياه أخرى",
        "all_categories": "آبار وخزانات ومصادر مياه أخرى",
        "description": "",
        "folders": "Untitled layer",
        "source": "اطلس2026.xml",
        "origin": "أطلس ليبيا السياحي 2026",
        "status": "جاهز مبدئياً",
        "geometry_type": "Point",
        "coord_count": 1,
        "source_type": "KML/XML"
      },
      "geometry": {
        "type": "Point",
        "coordinates": [
          10.6432797,
          28.808118
        ]
      }
    },
    {
      "type": "Feature",
      "properties": {
        "id": 27,
        "name": "بئر القطوسة",
        "primary_category": "آبار وخزانات ومصادر مياه أخرى",
        "all_categories": "آبار وخزانات ومصادر مياه أخرى",
        "description": "",
        "folders": "Untitled layer",
        "source": "اطلس2026.xml",
        "origin": "أطلس ليبيا السياحي 2026",
        "status": "جاهز مبدئياً",
        "geometry_type": "Point",
        "coord_count": 1,
        "source_type": "KML/XML"
      },
      "geometry": {
        "type": "Point",
        "coordinates": [
          12.67626,
          26.87673
        ]
      }
    },
    {
      "type": "Feature",
      "properties": {
        "id": 28,
        "name": "بئر الكلاب",
        "primary_category": "آبار وخزانات ومصادر مياه أخرى",
        "all_categories": "آبار وخزانات ومصادر مياه أخرى",
        "description": "",
        "folders": "Untitled layer",
        "source": "اطلس2026.xml",
        "origin": "أطلس ليبيا السياحي 2026",
        "status": "جاهز مبدئياً",
        "geometry_type": "Point",
        "coord_count": 1,
        "source_type": "KML/XML"
      },
      "geometry": {
        "type": "Point",
        "coordinates": [
          12.2852886,
          31.0992275
        ]
      }
    },
    {
      "type": "Feature",
      "properties": {
        "id": 29,
        "name": "بئر المرحان",
        "primary_category": "آبار وخزانات ومصادر مياه أخرى",
        "all_categories": "آبار وخزانات ومصادر مياه أخرى",
        "description": "",
        "folders": "Untitled layer",
        "source": "اطلس2026.xml",
        "origin": "أطلس ليبيا السياحي 2026",
        "status": "جاهز مبدئياً",
        "geometry_type": "Point",
        "coord_count": 1,
        "source_type": "KML/XML"
      },
      "geometry": {
        "type": "Point",
        "coordinates": [
          12.4361111111111,
          30.9102777777778
        ]
      }
    },
    {
      "type": "Feature",
      "properties": {
        "id": 30,
        "name": "بئر النوارية",
        "primary_category": "آبار وخزانات ومصادر مياه أخرى",
        "all_categories": "آبار وخزانات ومصادر مياه أخرى",
        "description": "",
        "folders": "Untitled layer",
        "source": "اطلس2026.xml",
        "origin": "أطلس ليبيا السياحي 2026",
        "status": "جاهز مبدئياً",
        "geometry_type": "Point",
        "coord_count": 1,
        "source_type": "KML/XML"
      },
      "geometry": {
        "type": "Point",
        "coordinates": [
          21.9918635,
          32.8379603
        ]
      }
    },
    {
      "type": "Feature",
      "properties": {
        "id": 31,
        "name": "بئر الهابط",
        "primary_category": "آبار وخزانات ومصادر مياه أخرى",
        "all_categories": "آبار وخزانات ومصادر مياه أخرى",
        "description": "",
        "folders": "Untitled layer",
        "source": "اطلس2026.xml",
        "origin": "أطلس ليبيا السياحي 2026",
        "status": "جاهز مبدئياً",
        "geometry_type": "Point",
        "coord_count": 1,
        "source_type": "KML/XML"
      },
      "geometry": {
        "type": "Point",
        "coordinates": [
          12.0971544,
          30.0702298
        ]
      }
    },
    {
      "type": "Feature",
      "properties": {
        "id": 32,
        "name": "بئر امينينغ",
        "primary_category": "آبار وخزانات ومصادر مياه أخرى",
        "all_categories": "آبار وخزانات ومصادر مياه أخرى",
        "description": "",
        "folders": "Untitled layer",
        "source": "اطلس2026.xml",
        "origin": "أطلس ليبيا السياحي 2026",
        "status": "جاهز مبدئياً",
        "geometry_type": "Point",
        "coord_count": 1,
        "source_type": "KML/XML"
      },
      "geometry": {
        "type": "Point",
        "coordinates": [
          10.6608333333334,
          24.8594444444444
        ]
      }
    },
    {
      "type": "Feature",
      "properties": {
        "id": 33,
        "name": "بئر بالتبن",
        "primary_category": "آبار وخزانات ومصادر مياه أخرى",
        "all_categories": "آبار وخزانات ومصادر مياه أخرى",
        "description": "",
        "folders": "Untitled layer",
        "source": "اطلس2026.xml",
        "origin": "أطلس ليبيا السياحي 2026",
        "status": "جاهز مبدئياً",
        "geometry_type": "Point",
        "coord_count": 1,
        "source_type": "KML/XML"
      },
      "geometry": {
        "type": "Point",
        "coordinates": [
          21.8159294,
          32.6497098
        ]
      }
    },
    {
      "type": "Feature",
      "properties": {
        "id": 34,
        "name": "بئر بومعروف",
        "primary_category": "آبار وخزانات ومصادر مياه أخرى",
        "all_categories": "آبار وخزانات ومصادر مياه أخرى",
        "description": "",
        "folders": "Untitled layer",
        "source": "اطلس2026.xml",
        "origin": "أطلس ليبيا السياحي 2026",
        "status": "جاهز مبدئياً",
        "geometry_type": "Point",
        "coord_count": 1,
        "source_type": "KML/XML"
      },
      "geometry": {
        "type": "Point",
        "coordinates": [
          18.55943,
          25.05641
        ]
      }
    },
    {
      "type": "Feature",
      "properties": {
        "id": 35,
        "name": "بئر تلووات",
        "primary_category": "آبار وخزانات ومصادر مياه أخرى",
        "all_categories": "آبار وخزانات ومصادر مياه أخرى",
        "description": "مصدر للمياه",
        "folders": "Untitled layer",
        "source": "اطلس2026.xml",
        "origin": "أطلس ليبيا السياحي 2026",
        "status": "جاهز مبدئياً",
        "geometry_type": "Point",
        "coord_count": 1,
        "source_type": "KML/XML"
      },
      "geometry": {
        "type": "Point",
        "coordinates": [
          10.7815743,
          25.2284643
        ]
      }
    },
    {
      "type": "Feature",
      "properties": {
        "id": 36,
        "name": "بئر تيترزين",
        "primary_category": "آبار وخزانات ومصادر مياه أخرى",
        "all_categories": "آبار وخزانات ومصادر مياه أخرى",
        "description": "",
        "folders": "Untitled layer",
        "source": "اطلس2026.xml",
        "origin": "أطلس ليبيا السياحي 2026",
        "status": "جاهز مبدئياً",
        "geometry_type": "Point",
        "coord_count": 1,
        "source_type": "KML/XML"
      },
      "geometry": {
        "type": "Point",
        "coordinates": [
          9.92888888888888,
          25.52
        ]
      }
    },
    {
      "type": "Feature",
      "properties": {
        "id": 37,
        "name": "بئر حركات",
        "primary_category": "آبار وخزانات ومصادر مياه أخرى",
        "all_categories": "آبار وخزانات ومصادر مياه أخرى",
        "description": "",
        "folders": "Untitled layer",
        "source": "اطلس2026.xml",
        "origin": "أطلس ليبيا السياحي 2026",
        "status": "جاهز مبدئياً",
        "geometry_type": "Point",
        "coord_count": 1,
        "source_type": "KML/XML"
      },
      "geometry": {
        "type": "Point",
        "coordinates": [
          10.664444,
          30.0777227
        ]
      }
    },
    {
      "type": "Feature",
      "properties": {
        "id": 38,
        "name": "بئر حزوة",
        "primary_category": "آبار وخزانات ومصادر مياه أخرى",
        "all_categories": "آبار وخزانات ومصادر مياه أخرى",
        "description": "",
        "folders": "Untitled layer",
        "source": "اطلس2026.xml",
        "origin": "أطلس ليبيا السياحي 2026",
        "status": "جاهز مبدئياً",
        "geometry_type": "Point",
        "coord_count": 1,
        "source_type": "KML/XML"
      },
      "geometry": {
        "type": "Point",
        "coordinates": [
          11.6472035,
          31.2207036
        ]
      }
    },
    {
      "type": "Feature",
      "properties": {
        "id": 39,
        "name": "بئر حكيم",
        "primary_category": "آبار وخزانات ومصادر مياه أخرى",
        "all_categories": "آبار وخزانات ومصادر مياه أخرى",
        "description": "",
        "folders": "Untitled layer",
        "source": "اطلس2026.xml",
        "origin": "أطلس ليبيا السياحي 2026",
        "status": "جاهز مبدئياً",
        "geometry_type": "Point",
        "coord_count": 1,
        "source_type": "KML/XML"
      },
      "geometry": {
        "type": "Point",
        "coordinates": [
          23.4833333333333,
          31.5994444444444
        ]
      }
    },
    {
      "type": "Feature",
      "properties": {
        "id": 40,
        "name": "بئر دوفان",
        "primary_category": "آبار وخزانات ومصادر مياه أخرى",
        "all_categories": "آبار وخزانات ومصادر مياه أخرى",
        "description": "",
        "folders": "Untitled layer",
        "source": "اطلس2026.xml",
        "origin": "أطلس ليبيا السياحي 2026",
        "status": "جاهز مبدئياً",
        "geometry_type": "Point",
        "coord_count": 1,
        "source_type": "KML/XML"
      },
      "geometry": {
        "type": "Point",
        "coordinates": [
          14.4950008,
          31.7349562
        ]
      }
    },
    {
      "type": "Feature",
      "properties": {
        "id": 41,
        "name": "بئر دوفان",
        "primary_category": "آبار وخزانات ومصادر مياه أخرى",
        "all_categories": "آبار وخزانات ومصادر مياه أخرى",
        "description": "",
        "folders": "Untitled layer",
        "source": "اطلس2026.xml",
        "origin": "أطلس ليبيا السياحي 2026",
        "status": "جاهز مبدئياً",
        "geometry_type": "Point",
        "coord_count": 1,
        "source_type": "KML/XML"
      },
      "geometry": {
        "type": "Point",
        "coordinates": [
          14.5973869,
          31.966993
        ]
      }
    },
    {
      "type": "Feature",
      "properties": {
        "id": 42,
        "name": "بئر دوفان",
        "primary_category": "آبار وخزانات ومصادر مياه أخرى",
        "all_categories": "آبار وخزانات ومصادر مياه أخرى",
        "description": "",
        "folders": "Untitled layer",
        "source": "اطلس2026.xml",
        "origin": "أطلس ليبيا السياحي 2026",
        "status": "جاهز مبدئياً",
        "geometry_type": "Point",
        "coord_count": 1,
        "source_type": "KML/XML"
      },
      "geometry": {
        "type": "Point",
        "coordinates": [
          14.6022222222223,
          31.9683333333333
        ]
      }
    },
    {
      "type": "Feature",
      "properties": {
        "id": 43,
        "name": "بئر زاكم",
        "primary_category": "آبار وخزانات ومصادر مياه أخرى",
        "all_categories": "آبار وخزانات ومصادر مياه أخرى",
        "description": "",
        "folders": "Untitled layer",
        "source": "اطلس2026.xml",
        "origin": "أطلس ليبيا السياحي 2026",
        "status": "جاهز مبدئياً",
        "geometry_type": "Point",
        "coord_count": 1,
        "source_type": "KML/XML"
      },
      "geometry": {
        "type": "Point",
        "coordinates": [
          16.0721746,
          28.968825
        ]
      }
    },
    {
      "type": "Feature",
      "properties": {
        "id": 44,
        "name": "بئر سانية الخضر",
        "primary_category": "آبار وخزانات ومصادر مياه أخرى",
        "all_categories": "آبار وخزانات ومصادر مياه أخرى",
        "description": "",
        "folders": "Untitled layer",
        "source": "اطلس2026.xml",
        "origin": "أطلس ليبيا السياحي 2026",
        "status": "جاهز مبدئياً",
        "geometry_type": "Point",
        "coord_count": 1,
        "source_type": "KML/XML"
      },
      "geometry": {
        "type": "Point",
        "coordinates": [
          12.2536111111111,
          32.5305555555556
        ]
      }
    },
    {
      "type": "Feature",
      "properties": {
        "id": 45,
        "name": "بئر سرار",
        "primary_category": "آبار وخزانات ومصادر مياه أخرى",
        "all_categories": "آبار وخزانات ومصادر مياه أخرى",
        "description": "",
        "folders": "Untitled layer",
        "source": "اطلس2026.xml",
        "origin": "أطلس ليبيا السياحي 2026",
        "status": "جاهز مبدئياً",
        "geometry_type": "Point",
        "coord_count": 1,
        "source_type": "KML/XML"
      },
      "geometry": {
        "type": "Point",
        "coordinates": [
          14.0175,
          31.7591666666667
        ]
      }
    },
    {
      "type": "Feature",
      "properties": {
        "id": 46,
        "name": "بئر شطيب الشيح",
        "primary_category": "آبار وخزانات ومصادر مياه أخرى",
        "all_categories": "آبار وخزانات ومصادر مياه أخرى",
        "description": "",
        "folders": "Untitled layer",
        "source": "اطلس2026.xml",
        "origin": "أطلس ليبيا السياحي 2026",
        "status": "جاهز مبدئياً",
        "geometry_type": "Point",
        "coord_count": 1,
        "source_type": "KML/XML"
      },
      "geometry": {
        "type": "Point",
        "coordinates": [
          13.7552912,
          28.5029927
        ]
      }
    },
    {
      "type": "Feature",
      "properties": {
        "id": 47,
        "name": "بئر شنيش",
        "primary_category": "آبار وخزانات ومصادر مياه أخرى",
        "all_categories": "آبار وخزانات ومصادر مياه أخرى",
        "description": "",
        "folders": "Untitled layer",
        "source": "اطلس2026.xml",
        "origin": "أطلس ليبيا السياحي 2026",
        "status": "جاهز مبدئياً",
        "geometry_type": "Point",
        "coord_count": 1,
        "source_type": "KML/XML"
      },
      "geometry": {
        "type": "Point",
        "coordinates": [
          12.3097437,
          32.1525363
        ]
      }
    },
    {
      "type": "Feature",
      "properties": {
        "id": 48,
        "name": "بئر علاق",
        "primary_category": "آبار وخزانات ومصادر مياه أخرى",
        "all_categories": "آبار وخزانات ومصادر مياه أخرى",
        "description": "",
        "folders": "Untitled layer",
        "source": "اطلس2026.xml",
        "origin": "أطلس ليبيا السياحي 2026",
        "status": "جاهز مبدئياً",
        "geometry_type": "Point",
        "coord_count": 1,
        "source_type": "KML/XML"
      },
      "geometry": {
        "type": "Point",
        "coordinates": [
          11.9382771,
          31.1010669
        ]
      }
    },
    {
      "type": "Feature",
      "properties": {
        "id": 49,
        "name": "بئر علوين",
        "primary_category": "آبار وخزانات ومصادر مياه أخرى",
        "all_categories": "آبار وخزانات ومصادر مياه أخرى",
        "description": "",
        "folders": "Untitled layer",
        "source": "اطلس2026.xml",
        "origin": "أطلس ليبيا السياحي 2026",
        "status": "جاهز مبدئياً",
        "geometry_type": "Point",
        "coord_count": 1,
        "source_type": "KML/XML"
      },
      "geometry": {
        "type": "Point",
        "coordinates": [
          10.7775,
          25.8055556
        ]
      }
    },
    {
      "type": "Feature",
      "properties": {
        "id": 50,
        "name": "بئر عياد",
        "primary_category": "آبار وخزانات ومصادر مياه أخرى",
        "all_categories": "آبار وخزانات ومصادر مياه أخرى",
        "description": "موقع يحتوي على استراحات، ومحطة تزود بالوقود، ومفترق طرق مهم إلى نالوت وغدامس عبر الطريق الممتد على طول سفح الجبل، أو الصعود إلى الطريق الجبلي عبر يفرن",
        "folders": "Untitled layer",
        "source": "اطلس2026.xml",
        "origin": "أطلس ليبيا السياحي 2026",
        "status": "جاهز مبدئياً",
        "geometry_type": "Point",
        "coord_count": 1,
        "source_type": "KML/XML"
      },
      "geometry": {
        "type": "Point",
        "coordinates": [
          12.4652146,
          32.1323728
        ]
      }
    },
    {
      "type": "Feature",
      "properties": {
        "id": 51,
        "name": "بئر عياد",
        "primary_category": "آبار وخزانات ومصادر مياه أخرى",
        "all_categories": "آبار وخزانات ومصادر مياه أخرى",
        "description": "",
        "folders": "Untitled layer",
        "source": "اطلس2026.xml",
        "origin": "أطلس ليبيا السياحي 2026",
        "status": "جاهز مبدئياً",
        "geometry_type": "Point",
        "coord_count": 1,
        "source_type": "KML/XML"
      },
      "geometry": {
        "type": "Point",
        "coordinates": [
          12.4059466,
          32.1137411
        ]
      }
    },
    {
      "type": "Feature",
      "properties": {
        "id": 52,
        "name": "بئر غني أو الطابونية",
        "primary_category": "آبار وخزانات ومصادر مياه أخرى",
        "all_categories": "آبار وخزانات ومصادر مياه أخرى",
        "description": "",
        "folders": "Untitled layer",
        "source": "اطلس2026.xml",
        "origin": "أطلس ليبيا السياحي 2026",
        "status": "جاهز مبدئياً",
        "geometry_type": "Point",
        "coord_count": 1,
        "source_type": "KML/XML"
      },
      "geometry": {
        "type": "Point",
        "coordinates": [
          12.9875565,
          31.8449629
        ]
      }
    },
    {
      "type": "Feature",
      "properties": {
        "id": 53,
        "name": "بئر قرينات",
        "primary_category": "آبار وخزانات ومصادر مياه أخرى",
        "all_categories": "آبار وخزانات ومصادر مياه أخرى",
        "description": "",
        "folders": "Untitled layer",
        "source": "اطلس2026.xml",
        "origin": "أطلس ليبيا السياحي 2026",
        "status": "جاهز مبدئياً",
        "geometry_type": "Point",
        "coord_count": 1,
        "source_type": "KML/XML"
      },
      "geometry": {
        "type": "Point",
        "coordinates": [
          11.6421714,
          30.6666446
        ]
      }
    },
    {
      "type": "Feature",
      "properties": {
        "id": 54,
        "name": "بئر مجيد",
        "primary_category": "آبار وخزانات ومصادر مياه أخرى",
        "all_categories": "آبار وخزانات ومصادر مياه أخرى",
        "description": "",
        "folders": "Untitled layer",
        "source": "اطلس2026.xml",
        "origin": "أطلس ليبيا السياحي 2026",
        "status": "جاهز مبدئياً",
        "geometry_type": "Point",
        "coord_count": 1,
        "source_type": "KML/XML"
      },
      "geometry": {
        "type": "Point",
        "coordinates": [
          11.5442072,
          30.2473541
        ]
      }
    },
    {
      "type": "Feature",
      "properties": {
        "id": 55,
        "name": "بئر مياه",
        "primary_category": "آبار وخزانات ومصادر مياه أخرى",
        "all_categories": "آبار وخزانات ومصادر مياه أخرى",
        "description": "",
        "folders": "Untitled layer",
        "source": "اطلس2026.xml",
        "origin": "أطلس ليبيا السياحي 2026",
        "status": "جاهز مبدئياً",
        "geometry_type": "Point",
        "coord_count": 1,
        "source_type": "KML/XML"
      },
      "geometry": {
        "type": "Point",
        "coordinates": [
          10.6287081,
          25.6110308
        ]
      }
    },
    {
      "type": "Feature",
      "properties": {
        "id": 56,
        "name": "بئر ناهية",
        "primary_category": "آبار وخزانات ومصادر مياه أخرى",
        "all_categories": "آبار وخزانات ومصادر مياه أخرى",
        "description": "",
        "folders": "Untitled layer",
        "source": "اطلس2026.xml",
        "origin": "أطلس ليبيا السياحي 2026",
        "status": "جاهز مبدئياً",
        "geometry_type": "Point",
        "coord_count": 1,
        "source_type": "KML/XML"
      },
      "geometry": {
        "type": "Point",
        "coordinates": [
          11.3754929,
          28.6966
        ]
      }
    },
    {
      "type": "Feature",
      "properties": {
        "id": 57,
        "name": "بئر نفات",
        "primary_category": "آبار وخزانات ومصادر مياه أخرى",
        "all_categories": "آبار وخزانات ومصادر مياه أخرى",
        "description": "",
        "folders": "Untitled layer",
        "source": "اطلس2026.xml",
        "origin": "أطلس ليبيا السياحي 2026",
        "status": "جاهز مبدئياً",
        "geometry_type": "Point",
        "coord_count": 1,
        "source_type": "KML/XML"
      },
      "geometry": {
        "type": "Point",
        "coordinates": [
          13.7811537,
          31.7666648
        ]
      }
    },
    {
      "type": "Feature",
      "properties": {
        "id": 58,
        "name": "تجمع ماء",
        "primary_category": "آبار وخزانات ومصادر مياه أخرى",
        "all_categories": "آبار وخزانات ومصادر مياه أخرى",
        "description": "",
        "folders": "Untitled layer",
        "source": "اطلس2026.xml",
        "origin": "أطلس ليبيا السياحي 2026",
        "status": "جاهز مبدئياً",
        "geometry_type": "Point",
        "coord_count": 1,
        "source_type": "KML/XML"
      },
      "geometry": {
        "type": "Point",
        "coordinates": [
          19.1455058,
          29.2530778
        ]
      }
    },
    {
      "type": "Feature",
      "properties": {
        "id": 59,
        "name": "حاسي حقي أو تين ايهيدن",
        "primary_category": "آبار وخزانات ومصادر مياه أخرى",
        "all_categories": "آبار وخزانات ومصادر مياه أخرى",
        "description": "بئر مياه",
        "folders": "Untitled layer",
        "source": "اطلس2026.xml",
        "origin": "أطلس ليبيا السياحي 2026",
        "status": "جاهز مبدئياً",
        "geometry_type": "Point",
        "coord_count": 1,
        "source_type": "KML/XML"
      },
      "geometry": {
        "type": "Point",
        "coordinates": [
          9.938598,
          27.2120451
        ]
      }
    },
    {
      "type": "Feature",
      "properties": {
        "id": 60,
        "name": "حفريات الفيوت",
        "primary_category": "آبار وخزانات ومصادر مياه أخرى",
        "all_categories": "آبار وخزانات ومصادر مياه أخرى",
        "description": "آثار قرية أثرية، يبدو أنها تجمع مدني تظهر منه أساسات المباني المشيدة بالحجارة، وساحة كبيرة، تعود إلى مستوطنة جرمنتية من العصر الجرمنتي المبكر، يرجع تاريخها إلى الفترة مابين القرنين الثالث والأول قبل الميلاد.. تؤكد أن المنطقة ظلت عامرة بالحياة لتوافر عدة معطيات من أبرزها توافر المياه، ووقوعها على طريق القوافل، بالإضافة إلى خصوبة التربة، التي ساعدت في قيام نشاط زراعي، وتوفير الغذاء لسكانها.",
        "folders": "Untitled layer",
        "source": "اطلس2026.xml",
        "origin": "أطلس ليبيا السياحي 2026",
        "status": "جاهز مبدئياً",
        "geometry_type": "Point",
        "coord_count": 1,
        "source_type": "KML/XML"
      },
      "geometry": {
        "type": "Point",
        "coordinates": [
          10.0794545,
          24.9493757
        ]
      }
    },
    {
      "type": "Feature",
      "properties": {
        "id": 61,
        "name": "حلبة المصارعة",
        "primary_category": "آبار وخزانات ومصادر مياه أخرى",
        "all_categories": "آبار وخزانات ومصادر مياه أخرى",
        "description": "كانت مباريات المجالدين تقام على مدى أيام متواصلة في حلبة مدينة صبراتة ، منذ تشييدها خلال القرن الثاني الميلادي إلى أن أتى الزمن على ما تبقى من المدينة ومعالمها وظلت طيلة قرون تحت أطنان الرمال إلى أن كشفت الصور الجوية الملتقطة للمدينة سنة 1966 عن آثار الحلبة على مسافة 600 متر جنوب شرق معبد \" إيزيس \" الواقع على سواحل المدينة . وعلى الرغم من أن المكان يعتريه الخراب، لكن بقى من شواهده ما سمح لعلماء الآثار من قراءة تفاصيل الموقع، حيث أكدت الدراسات التاريخية أن حلبة مدينة صبراتة شيدت أواخر القرن الثاني الميلادي على منخفض صخري طبيعي نحتت فيه المدرجات التي كانت تتسع لحوالي10 آلاف مشاهد، وتتوسط المدرجات ساحة النزالات البيضاوية \" الأرينا \" المقسمة إلى أربعة أجزاء لإقامة أكثر من نزال فى وقت واحد، وبلغت مساحة ساحة النزلات في حلبة مدينة صبراتة ضعف مساحة حلبة \" الكولوسيوم\" في روما، وأحيطت الحلبة بقاعة استماع تتكون من منطقتين من المقاعد مفصولتين بممشى هابط في الأرض، وعلى طرفي الساحة من جهتي الشرق والغرب ممران يفضيان إلى \" الأرينا \"، وحول الحلبة وتحت الصف الامامي من المقاعد، يبدو وجود شواهد رواق كان يمتد إلى الطرفين الشرقي والغربي نحو مداخل تفضي إلى غرف منحوتة في الصخر يبدو أنها مخازن المعدات المستخدمة في النزلات فضلا عن أماكن تربية حيوانات، ومما يشاهد في وسط \" الارينا \" بعض الخنادق على الشكل الصليبي كانت مغطاة بأرضية خشبية لم يتبقى منها شيئاً .",
        "folders": "Untitled layer",
        "source": "اطلس2026.xml",
        "origin": "أطلس ليبيا السياحي 2026",
        "status": "جاهز مبدئياً",
        "geometry_type": "Point",
        "coord_count": 1,
        "source_type": "KML/XML"
      },
      "geometry": {
        "type": "Point",
        "coordinates": [
          12.4941587,
          32.8040313
        ]
      }
    },
    {
      "type": "Feature",
      "properties": {
        "id": 62,
        "name": "حمادة المنديل",
        "primary_category": "آبار وخزانات ومصادر مياه أخرى",
        "all_categories": "آبار وخزانات ومصادر مياه أخرى",
        "description": "خزان مياه",
        "folders": "Untitled layer",
        "source": "اطلس2026.xml",
        "origin": "أطلس ليبيا السياحي 2026",
        "status": "جاهز مبدئياً",
        "geometry_type": "Point",
        "coord_count": 1,
        "source_type": "KML/XML"
      },
      "geometry": {
        "type": "Point",
        "coordinates": [
          16.8810296,
          26.901214
        ]
      }
    },
    {
      "type": "Feature",
      "properties": {
        "id": 63,
        "name": "خزان القرضابية 1",
        "primary_category": "آبار وخزانات ومصادر مياه أخرى",
        "all_categories": "آبار وخزانات ومصادر مياه أخرى",
        "description": "",
        "folders": "Untitled layer",
        "source": "اطلس2026.xml",
        "origin": "أطلس ليبيا السياحي 2026",
        "status": "جاهز مبدئياً",
        "geometry_type": "Point",
        "coord_count": 1,
        "source_type": "KML/XML"
      },
      "geometry": {
        "type": "Point",
        "coordinates": [
          16.8279648,
          31.1484754
        ]
      }
    },
    {
      "type": "Feature",
      "properties": {
        "id": 64,
        "name": "خزان القرضايبة",
        "primary_category": "آبار وخزانات ومصادر مياه أخرى",
        "all_categories": "آبار وخزانات ومصادر مياه أخرى",
        "description": "",
        "folders": "Untitled layer",
        "source": "اطلس2026.xml",
        "origin": "أطلس ليبيا السياحي 2026",
        "status": "جاهز مبدئياً",
        "geometry_type": "Point",
        "coord_count": 1,
        "source_type": "KML/XML"
      },
      "geometry": {
        "type": "Point",
        "coordinates": [
          16.6786194,
          31.1628718
        ]
      }
    },
    {
      "type": "Feature",
      "properties": {
        "id": 65,
        "name": "خزان عمر المختار منظومة النهر الصناعي",
        "primary_category": "آبار وخزانات ومصادر مياه أخرى",
        "all_categories": "آبار وخزانات ومصادر مياه أخرى",
        "description": "",
        "folders": "Untitled layer",
        "source": "اطلس2026.xml",
        "origin": "أطلس ليبيا السياحي 2026",
        "status": "جاهز مبدئياً",
        "geometry_type": "Point",
        "coord_count": 1,
        "source_type": "KML/XML"
      },
      "geometry": {
        "type": "Point",
        "coordinates": [
          20.3507996,
          30.5782235
        ]
      }
    },
    {
      "type": "Feature",
      "properties": {
        "id": 66,
        "name": "خزان مياه",
        "primary_category": "آبار وخزانات ومصادر مياه أخرى",
        "all_categories": "آبار وخزانات ومصادر مياه أخرى",
        "description": "",
        "folders": "Untitled layer",
        "source": "اطلس2026.xml",
        "origin": "أطلس ليبيا السياحي 2026",
        "status": "جاهز مبدئياً",
        "geometry_type": "Point",
        "coord_count": 1,
        "source_type": "KML/XML"
      },
      "geometry": {
        "type": "Point",
        "coordinates": [
          14.2905146,
          32.6281261
        ]
      }
    },
    {
      "type": "Feature",
      "properties": {
        "id": 67,
        "name": "خزانات النهر الصناعي",
        "primary_category": "آبار وخزانات ومصادر مياه أخرى",
        "all_categories": "آبار وخزانات ومصادر مياه أخرى",
        "description": "",
        "folders": "Untitled layer",
        "source": "اطلس2026.xml",
        "origin": "أطلس ليبيا السياحي 2026",
        "status": "جاهز مبدئياً",
        "geometry_type": "Point",
        "coord_count": 1,
        "source_type": "KML/XML"
      },
      "geometry": {
        "type": "Point",
        "coordinates": [
          20.3274536,
          31.8612298
        ]
      }
    },
    {
      "type": "Feature",
      "properties": {
        "id": 68,
        "name": "خزانات النهر الصناعي",
        "primary_category": "آبار وخزانات ومصادر مياه أخرى",
        "all_categories": "آبار وخزانات ومصادر مياه أخرى",
        "description": "",
        "folders": "Untitled layer",
        "source": "اطلس2026.xml",
        "origin": "أطلس ليبيا السياحي 2026",
        "status": "جاهز مبدئياً",
        "geometry_type": "Point",
        "coord_count": 1,
        "source_type": "KML/XML"
      },
      "geometry": {
        "type": "Point",
        "coordinates": [
          20.2673721,
          31.7299192
        ]
      }
    },
    {
      "type": "Feature",
      "properties": {
        "id": 69,
        "name": "خزانات مياه",
        "primary_category": "آبار وخزانات ومصادر مياه أخرى",
        "all_categories": "آبار وخزانات ومصادر مياه أخرى",
        "description": "",
        "folders": "Untitled layer",
        "source": "اطلس2026.xml",
        "origin": "أطلس ليبيا السياحي 2026",
        "status": "جاهز مبدئياً",
        "geometry_type": "Point",
        "coord_count": 1,
        "source_type": "KML/XML"
      },
      "geometry": {
        "type": "Point",
        "coordinates": [
          14.2912307,
          32.6294182
        ]
      }
    },
    {
      "type": "Feature",
      "properties": {
        "id": 70,
        "name": "خزانات مياه مكشوفة",
        "primary_category": "آبار وخزانات ومصادر مياه أخرى",
        "all_categories": "آبار وخزانات ومصادر مياه أخرى",
        "description": "",
        "folders": "Untitled layer",
        "source": "اطلس2026.xml",
        "origin": "أطلس ليبيا السياحي 2026",
        "status": "جاهز مبدئياً",
        "geometry_type": "Point",
        "coord_count": 1,
        "source_type": "KML/XML"
      },
      "geometry": {
        "type": "Point",
        "coordinates": [
          20.9550304,
          32.706964
        ]
      }
    },
    {
      "type": "Feature",
      "properties": {
        "id": 71,
        "name": "شاطىء تليل",
        "primary_category": "آبار وخزانات ومصادر مياه أخرى",
        "all_categories": "آبار وخزانات ومصادر مياه أخرى",
        "description": "شاطىء تليل، يمتد إلى مسافة تقارب 3 كيلومترات، من الشواطىء الرملية الصافية والمياه الفيروزية، على خلفية غابة تليل بأشجارها المتنوعة.",
        "folders": "Untitled layer",
        "source": "اطلس2026.xml",
        "origin": "أطلس ليبيا السياحي 2026",
        "status": "جاهز مبدئياً",
        "geometry_type": "Point",
        "coord_count": 1,
        "source_type": "KML/XML"
      },
      "geometry": {
        "type": "Point",
        "coordinates": [
          12.4026632,
          32.8156997
        ]
      }
    },
    {
      "type": "Feature",
      "properties": {
        "id": 72,
        "name": "صخور تحت الماء",
        "primary_category": "آبار وخزانات ومصادر مياه أخرى",
        "all_categories": "آبار وخزانات ومصادر مياه أخرى",
        "description": "",
        "folders": "Untitled layer",
        "source": "اطلس2026.xml",
        "origin": "أطلس ليبيا السياحي 2026",
        "status": "جاهز مبدئياً",
        "geometry_type": "Point",
        "coord_count": 1,
        "source_type": "KML/XML"
      },
      "geometry": {
        "type": "Point",
        "coordinates": [
          13.2,
          32.9166666666667
        ]
      }
    },
    {
      "type": "Feature",
      "properties": {
        "id": 73,
        "name": "قصبة دفر ثلاث",
        "primary_category": "آبار وخزانات ومصادر مياه أخرى",
        "all_categories": "آبار وخزانات ومصادر مياه أخرى",
        "description": "تم تشييد هذه المنشأت لأغراض المراقبة وحماية، البساتين والمزارع، ومصادر المياه، وإتخذت شكل برج اسطواني، واطلق عليها اسم القصبة او (تقسبت) حسب اللغة المحلية. وتتألف القصبة من ثلاث طوابق، الأرضي ويحتوي على المدخل الرئيسي، ، وعلى أحد جوانبه أوتاد وأحجار بارزة في الجدار، للصعود إلى الطابق الثاني المخصص للمراقبة، عبر فتحات جانبية مستطيلة الشكل من كل الاتجاهات وهي واسعة من الداخل وضيقة من الخارج حتى تعطي زاوية رؤيا أوسع للحارس الذي ربما كان يستعمل هذا الطابق للراحة والنوم إلى جانب فتحة كبيرة كمدخل للأعلى، أما الطابق العلوي فلا سقف له وبه أيضاً فتحات جانبية من كل الاتجاهات بالإضافة إلى فتحة كبيرة تتجه للأسفل خارج القصبة وفوق مدخل القصبة مباشرةً بحيث تجعل كل من يحاول الدخول للقصبة في مرمى الحارس.",
        "folders": "Untitled layer",
        "source": "اطلس2026.xml",
        "origin": "أطلس ليبيا السياحي 2026",
        "status": "جاهز مبدئياً",
        "geometry_type": "Point",
        "coord_count": 1,
        "source_type": "KML/XML"
      },
      "geometry": {
        "type": "Point",
        "coordinates": [
          12.4881864,
          32.0896818
        ]
      }
    },
    {
      "type": "Feature",
      "properties": {
        "id": 74,
        "name": "قصر أم الماء",
        "primary_category": "آبار وخزانات ومصادر مياه أخرى",
        "all_categories": "آبار وخزانات ومصادر مياه أخرى",
        "description": "",
        "folders": "Untitled layer",
        "source": "اطلس2026.xml",
        "origin": "أطلس ليبيا السياحي 2026",
        "status": "جاهز مبدئياً",
        "geometry_type": "Point",
        "coord_count": 1,
        "source_type": "KML/XML"
      },
      "geometry": {
        "type": "Point",
        "coordinates": [
          13.1163843,
          26.5654206
        ]
      }
    },
    {
      "type": "Feature",
      "properties": {
        "id": 75,
        "name": "قصر بولاركان",
        "primary_category": "آبار وخزانات ومصادر مياه أخرى",
        "all_categories": "آبار وخزانات ومصادر مياه أخرى",
        "description": "يتألف البناء من ساحة مسيجة بجدران كبيرة، وتبلغ مساحته نحو 22 مترا مربعا مسورة بجدران كبيرة، لا يعرف تاريخ بناءه بدقة أو الغرض الأساسي الذي كان يؤديه، لكن بالمقارنة بأمثلته في منطقة ما قبل الصحراء يرى بعض علماء الآثار أنه قد يعود لحوالي القرن الرابع الميلادي وأن وظيفته كانت عسكرية إدارية",
        "folders": "Untitled layer",
        "source": "اطلس2026.xml",
        "origin": "أطلس ليبيا السياحي 2026",
        "status": "جاهز مبدئياً",
        "geometry_type": "Point",
        "coord_count": 1,
        "source_type": "KML/XML"
      },
      "geometry": {
        "type": "Point",
        "coordinates": [
          14.297722,
          31.822094
        ]
      }
    },
    {
      "type": "Feature",
      "properties": {
        "id": 76,
        "name": "قصر فرسطاء",
        "primary_category": "آبار وخزانات ومصادر مياه أخرى",
        "all_categories": "آبار وخزانات ومصادر مياه أخرى",
        "description": "يتخذ قصر فرسطاء شكل المستطيل ، ووظف في تخزين، الحبوب وزيت الزيتون، والصوف، والسلع والمواد الغذائية، والحبوب والمنتجات الزراعية، وغير ذلك، ويقوم على حراسة المبنى حارس نظير أجر معلوم، فيما يستخدم القصر في تصريف وبيع وشراء السلع والبضائع، كما يستعمل كمركز عمليات ومراقبة، وخط دفاع عن المدينة في فترات الحرب، ويشي بذلك أسوار القصر، وارتفاعاتها التي تتراوح بين 6 - 9 أمتار، وتلف القصر من جميع جوانبه، ويتخللها مدخل واحد يفتح في اتجاه الجنوب الشرقي، كما حفر صهريج ( ماجن ) بداخل القصر، لتخزين مياه الأمطار، واستخدامه في حالات الطوارىء. ويبرز من أسوار القصر، برج وهو نوع من العمارة يطلق عليها في منطقة جبل نفوسة القصبة، والغرض منها المراقبة ويبدو أن الأهالي يلجؤون إلى القصر للاحتماء به عندما يحتاجون إلى ذلك. و يضم القصر إلى ما يزيد قليلا عن مائة حجرة كل واحدة منها مقسمة في الداخل إلى عدة أجزاء لتخزين الحبوب ( القمح والشعير ) والتين والزيتون، وفي بعضها مواقع مخصص لجرار تخزين زيت الزيتون، وتوجد في القصر ساحة صغيرة تستغل في عمليات المقايضة والبيع والشراء.",
        "folders": "Untitled layer",
        "source": "اطلس2026.xml",
        "origin": "أطلس ليبيا السياحي 2026",
        "status": "جاهز مبدئياً",
        "geometry_type": "Point",
        "coord_count": 1,
        "source_type": "KML/XML"
      },
      "geometry": {
        "type": "Point",
        "coordinates": [
          11.3877395,
          31.8591613
        ]
      }
    },
    {
      "type": "Feature",
      "properties": {
        "id": 77,
        "name": "قناة جر مياه مرفوعة",
        "primary_category": "آبار وخزانات ومصادر مياه أخرى",
        "all_categories": "آبار وخزانات ومصادر مياه أخرى",
        "description": "مشيدة في فترة الاحتلال الايطالي",
        "folders": "Untitled layer",
        "source": "اطلس2026.xml",
        "origin": "أطلس ليبيا السياحي 2026",
        "status": "جاهز مبدئياً",
        "geometry_type": "Point",
        "coord_count": 1,
        "source_type": "KML/XML"
      },
      "geometry": {
        "type": "Point",
        "coordinates": [
          12.5295272,
          32.0491646
        ]
      }
    },
    {
      "type": "Feature",
      "properties": {
        "id": 78,
        "name": "قناة مياه",
        "primary_category": "آبار وخزانات ومصادر مياه أخرى",
        "all_categories": "آبار وخزانات ومصادر مياه أخرى",
        "description": "",
        "folders": "Untitled layer",
        "source": "اطلس2026.xml",
        "origin": "أطلس ليبيا السياحي 2026",
        "status": "جاهز مبدئياً",
        "geometry_type": "Point",
        "coord_count": 1,
        "source_type": "KML/XML"
      },
      "geometry": {
        "type": "Point",
        "coordinates": [
          14.5545352,
          30.9503406
        ]
      }
    },
    {
      "type": "Feature",
      "properties": {
        "id": 79,
        "name": "قنوات مياه أثرية",
        "primary_category": "آبار وخزانات ومصادر مياه أخرى",
        "all_categories": "آبار وخزانات ومصادر مياه أخرى",
        "description": "",
        "folders": "Untitled layer",
        "source": "اطلس2026.xml",
        "origin": "أطلس ليبيا السياحي 2026",
        "status": "جاهز مبدئياً",
        "geometry_type": "Point",
        "coord_count": 1,
        "source_type": "KML/XML"
      },
      "geometry": {
        "type": "Point",
        "coordinates": [
          21.8636353,
          32.816192
        ]
      }
    },
    {
      "type": "Feature",
      "properties": {
        "id": 80,
        "name": "كهف معطن الزيت",
        "primary_category": "آبار وخزانات ومصادر مياه أخرى",
        "all_categories": "آبار وخزانات ومصادر مياه أخرى",
        "description": "تبلغ مساحة الكهف حوالي 500 متر مربع، ويصل ارتفاع سقفه 15مترًا، ويصل إلى الكهف عبر سلم حجري، ويعتقد أن كان مخزنًا، في حين تشير بعض المصادر إلى أنه مخزن لتجميع المياه.",
        "folders": "Untitled layer",
        "source": "اطلس2026.xml",
        "origin": "أطلس ليبيا السياحي 2026",
        "status": "جاهز مبدئياً",
        "geometry_type": "Point",
        "coord_count": 1,
        "source_type": "KML/XML"
      },
      "geometry": {
        "type": "Point",
        "coordinates": [
          21.8179075891359,
          32.8175464740302
        ]
      }
    },
    {
      "type": "Feature",
      "properties": {
        "id": 81,
        "name": "محطة تزود بالوقود",
        "primary_category": "آبار وخزانات ومصادر مياه أخرى",
        "all_categories": "آبار وخزانات ومصادر مياه أخرى",
        "description": "مركز خدمات بئر غنيه، يحتوي على محطة وقود، ومقهى ومطعم، وموتيل.",
        "folders": "Untitled layer",
        "source": "اطلس2026.xml",
        "origin": "أطلس ليبيا السياحي 2026",
        "status": "جاهز مبدئياً",
        "geometry_type": "Point",
        "coord_count": 1,
        "source_type": "KML/XML"
      },
      "geometry": {
        "type": "Point",
        "coordinates": [
          22.285,
          31.3905555555556
        ]
      }
    },
    {
      "type": "Feature",
      "properties": {
        "id": 82,
        "name": "مرسى قابس",
        "primary_category": "آبار وخزانات ومصادر مياه أخرى",
        "all_categories": "آبار وخزانات ومصادر مياه أخرى",
        "description": "موقع أثري مغمور بالمياه",
        "folders": "Untitled layer",
        "source": "اطلس2026.xml",
        "origin": "أطلس ليبيا السياحي 2026",
        "status": "جاهز مبدئياً",
        "geometry_type": "Point",
        "coord_count": 1,
        "source_type": "KML/XML"
      },
      "geometry": {
        "type": "Point",
        "coordinates": [
          24.5470310000001,
          31.984094
        ]
      }
    },
    {
      "type": "Feature",
      "properties": {
        "id": 83,
        "name": "مرفأ بوقرادة المغمور بالمياه",
        "primary_category": "آبار وخزانات ومصادر مياه أخرى",
        "all_categories": "آبار وخزانات ومصادر مياه أخرى",
        "description": "",
        "folders": "Untitled layer",
        "source": "اطلس2026.xml",
        "origin": "أطلس ليبيا السياحي 2026",
        "status": "جاهز مبدئياً",
        "geometry_type": "Point",
        "coord_count": 1,
        "source_type": "KML/XML"
      },
      "geometry": {
        "type": "Point",
        "coordinates": [
          19.6987757,
          30.4786072
        ]
      }
    },
    {
      "type": "Feature",
      "properties": {
        "id": 84,
        "name": "مصيف الماء المعين",
        "primary_category": "آبار وخزانات ومصادر مياه أخرى",
        "all_categories": "آبار وخزانات ومصادر مياه أخرى",
        "description": "",
        "folders": "Untitled layer",
        "source": "اطلس2026.xml",
        "origin": "أطلس ليبيا السياحي 2026",
        "status": "جاهز مبدئياً",
        "geometry_type": "Point",
        "coord_count": 1,
        "source_type": "KML/XML"
      },
      "geometry": {
        "type": "Point",
        "coordinates": [
          19.990654,
          32.0167867
        ]
      }
    },
    {
      "type": "Feature",
      "properties": {
        "id": 85,
        "name": "مطار بئر زلطن أو حقل السماح",
        "primary_category": "آبار وخزانات ومصادر مياه أخرى",
        "all_categories": "آبار وخزانات ومصادر مياه أخرى",
        "description": "",
        "folders": "Untitled layer",
        "source": "اطلس2026.xml",
        "origin": "أطلس ليبيا السياحي 2026",
        "status": "جاهز مبدئياً",
        "geometry_type": "Point",
        "coord_count": 1,
        "source_type": "KML/XML"
      },
      "geometry": {
        "type": "Point",
        "coordinates": [
          19.2097316,
          28.168423
        ]
      }
    },
    {
      "type": "Feature",
      "properties": {
        "id": 86,
        "name": "مقبرة معركة بئر احكيم",
        "primary_category": "آبار وخزانات ومصادر مياه أخرى",
        "all_categories": "آبار وخزانات ومصادر مياه أخرى",
        "description": "تضم المقبرة رفاة 200 جندي فرنسي قتلوا أثناء المعركة .",
        "folders": "Untitled layer",
        "source": "اطلس2026.xml",
        "origin": "أطلس ليبيا السياحي 2026",
        "status": "جاهز مبدئياً",
        "geometry_type": "Point",
        "coord_count": 1,
        "source_type": "KML/XML"
      },
      "geometry": {
        "type": "Point",
        "coordinates": [
          23.4965743,
          31.6071738
        ]
      }
    },
    {
      "type": "Feature",
      "properties": {
        "id": 87,
        "name": "منطقة بئر عياد",
        "primary_category": "آبار وخزانات ومصادر مياه أخرى",
        "all_categories": "آبار وخزانات ومصادر مياه أخرى",
        "description": "",
        "folders": "Untitled layer",
        "source": "اطلس2026.xml",
        "origin": "أطلس ليبيا السياحي 2026",
        "status": "جاهز مبدئياً",
        "geometry_type": "Point",
        "coord_count": 1,
        "source_type": "KML/XML"
      },
      "geometry": {
        "type": "Point",
        "coordinates": [
          12.4032426,
          32.1160028
        ]
      }
    },
    {
      "type": "Feature",
      "properties": {
        "id": 88,
        "name": "مهبط بئر عمران",
        "primary_category": "آبار وخزانات ومصادر مياه أخرى",
        "all_categories": "آبار وخزانات ومصادر مياه أخرى",
        "description": "",
        "folders": "Untitled layer",
        "source": "اطلس2026.xml",
        "origin": "أطلس ليبيا السياحي 2026",
        "status": "جاهز مبدئياً",
        "geometry_type": "Point",
        "coord_count": 1,
        "source_type": "KML/XML"
      },
      "geometry": {
        "type": "Point",
        "coordinates": [
          13.4240913,
          26.3311915
        ]
      }
    },
    {
      "type": "Feature",
      "properties": {
        "id": 89,
        "name": "موقع أثري مغمور بالمياه",
        "primary_category": "آبار وخزانات ومصادر مياه أخرى",
        "all_categories": "آبار وخزانات ومصادر مياه أخرى",
        "description": "مرفأ قديم كان يعرف باسم (ناوستاتموس).",
        "folders": "Untitled layer",
        "source": "اطلس2026.xml",
        "origin": "أطلس ليبيا السياحي 2026",
        "status": "جاهز مبدئياً",
        "geometry_type": "Point",
        "coord_count": 1,
        "source_type": "KML/XML"
      },
      "geometry": {
        "type": "Point",
        "coordinates": [
          22.17073,
          32.903086
        ]
      }
    },
    {
      "type": "Feature",
      "properties": {
        "id": 90,
        "name": "موقع أثري مغمور بالمياه",
        "primary_category": "آبار وخزانات ومصادر مياه أخرى",
        "all_categories": "آبار وخزانات ومصادر مياه أخرى",
        "description": "مرفأ مدينة أبولونيا القديمة، والتي تعرف حالياً باسم مدينة سوسة",
        "folders": "Untitled layer",
        "source": "اطلس2026.xml",
        "origin": "أطلس ليبيا السياحي 2026",
        "status": "جاهز مبدئياً",
        "geometry_type": "Point",
        "coord_count": 1,
        "source_type": "KML/XML"
      },
      "geometry": {
        "type": "Point",
        "coordinates": [
          21.9673290000001,
          32.904091
        ]
      }
    },
    {
      "type": "Feature",
      "properties": {
        "id": 91,
        "name": "موقع أثري مغمور بالمياه",
        "primary_category": "آبار وخزانات ومصادر مياه أخرى",
        "all_categories": "آبار وخزانات ومصادر مياه أخرى",
        "description": "مرفأ مدينة سيترينوس الأثرية",
        "folders": "Untitled layer",
        "source": "اطلس2026.xml",
        "origin": "أطلس ليبيا السياحي 2026",
        "status": "جاهز مبدئياً",
        "geometry_type": "Point",
        "coord_count": 1,
        "source_type": "KML/XML"
      },
      "geometry": {
        "type": "Point",
        "coordinates": [
          24.4189679999999,
          31.997655
        ]
      }
    },
    {
      "type": "Feature",
      "properties": {
        "id": 92,
        "name": "موقع أثري مغمور بالمياه",
        "primary_category": "آبار وخزانات ومصادر مياه أخرى",
        "all_categories": "آبار وخزانات ومصادر مياه أخرى",
        "description": "موقع مرفأ أثري قديم يعرف باسم (بتراس بارنا)",
        "folders": "Untitled layer",
        "source": "اطلس2026.xml",
        "origin": "أطلس ليبيا السياحي 2026",
        "status": "جاهز مبدئياً",
        "geometry_type": "Point",
        "coord_count": 1,
        "source_type": "KML/XML"
      },
      "geometry": {
        "type": "Point",
        "coordinates": [
          23.439623,
          32.179632
        ]
      }
    },
    {
      "type": "Feature",
      "properties": {
        "id": 93,
        "name": "موقع أثري مغمور بالمياه",
        "primary_category": "آبار وخزانات ومصادر مياه أخرى",
        "all_categories": "آبار وخزانات ومصادر مياه أخرى",
        "description": "موقع مرفأ صغير عرف باسم (باتراكوس)",
        "folders": "Untitled layer",
        "source": "اطلس2026.xml",
        "origin": "أطلس ليبيا السياحي 2026",
        "status": "جاهز مبدئياً",
        "geometry_type": "Point",
        "coord_count": 1,
        "source_type": "KML/XML"
      },
      "geometry": {
        "type": "Point",
        "coordinates": [
          23.309165,
          32.174346
        ]
      }
    },
    {
      "type": "Feature",
      "properties": {
        "id": 94,
        "name": "موقع أثري مغمور بالمياه",
        "primary_category": "آبار وخزانات ومصادر مياه أخرى",
        "all_categories": "آبار وخزانات ومصادر مياه أخرى",
        "description": "موقع مرفأ أثري قديم عرف باسم مرفأ باليرو",
        "folders": "Untitled layer",
        "source": "اطلس2026.xml",
        "origin": "أطلس ليبيا السياحي 2026",
        "status": "جاهز مبدئياً",
        "geometry_type": "Point",
        "coord_count": 1,
        "source_type": "KML/XML"
      },
      "geometry": {
        "type": "Point",
        "coordinates": [
          23.084186,
          32.348324
        ]
      }
    },
    {
      "type": "Feature",
      "properties": {
        "id": 95,
        "name": "موقع أثري مغمور بالمياه",
        "primary_category": "آبار وخزانات ومصادر مياه أخرى",
        "all_categories": "آبار وخزانات ومصادر مياه أخرى",
        "description": "موقع مرفأ أثري عرف قديماً باسم باتيا",
        "folders": "Untitled layer",
        "source": "اطلس2026.xml",
        "origin": "أطلس ليبيا السياحي 2026",
        "status": "جاهز مبدئياً",
        "geometry_type": "Point",
        "coord_count": 1,
        "source_type": "KML/XML"
      },
      "geometry": {
        "type": "Point",
        "coordinates": [
          23.095134,
          32.415048
        ]
      }
    },
    {
      "type": "Feature",
      "properties": {
        "id": 96,
        "name": "موقع أثري مغمور بالمياه",
        "primary_category": "آبار وخزانات ومصادر مياه أخرى",
        "all_categories": "آبار وخزانات ومصادر مياه أخرى",
        "description": "مرفأ أثري عرف قديماً باسم (ديونيسوس) يقع اليوم بالقرب من زاوية أم الحفين",
        "folders": "Untitled layer",
        "source": "اطلس2026.xml",
        "origin": "أطلس ليبيا السياحي 2026",
        "status": "جاهز مبدئياً",
        "geometry_type": "Point",
        "coord_count": 1,
        "source_type": "KML/XML"
      },
      "geometry": {
        "type": "Point",
        "coordinates": [
          23.109682,
          32.526316
        ]
      }
    },
    {
      "type": "Feature",
      "properties": {
        "id": 97,
        "name": "موقع أثري مغمور بالمياه",
        "primary_category": "آبار وخزانات ومصادر مياه أخرى",
        "all_categories": "آبار وخزانات ومصادر مياه أخرى",
        "description": "مرفأ أثري قديم غارق كان يعرف باسم سيرسونس",
        "folders": "Untitled layer",
        "source": "اطلس2026.xml",
        "origin": "أطلس ليبيا السياحي 2026",
        "status": "جاهز مبدئياً",
        "geometry_type": "Point",
        "coord_count": 1,
        "source_type": "KML/XML"
      },
      "geometry": {
        "type": "Point",
        "coordinates": [
          23.133193,
          32.604064
        ]
      }
    },
    {
      "type": "Feature",
      "properties": {
        "id": 98,
        "name": "موقع تراث مغمور بالمياه",
        "primary_category": "آبار وخزانات ومصادر مياه أخرى",
        "all_categories": "آبار وخزانات ومصادر مياه أخرى",
        "description": "",
        "folders": "Untitled layer",
        "source": "اطلس2026.xml",
        "origin": "أطلس ليبيا السياحي 2026",
        "status": "جاهز مبدئياً",
        "geometry_type": "Point",
        "coord_count": 1,
        "source_type": "KML/XML"
      },
      "geometry": {
        "type": "Point",
        "coordinates": [
          21.8007598762117,
          32.9156351310627
        ]
      }
    },
    {
      "type": "Feature",
      "properties": {
        "id": 99,
        "name": "موقع رأس العوير الأثري",
        "primary_category": "آبار وخزانات ومصادر مياه أخرى",
        "all_categories": "آبار وخزانات ومصادر مياه أخرى",
        "description": "مرفأ قديم مغمور بالمياه",
        "folders": "Untitled layer",
        "source": "اطلس2026.xml",
        "origin": "أطلس ليبيا السياحي 2026",
        "status": "جاهز مبدئياً",
        "geometry_type": "Point",
        "coord_count": 1,
        "source_type": "KML/XML"
      },
      "geometry": {
        "type": "Point",
        "coordinates": [
          24.883652,
          31.986636
        ]
      }
    },
    {
      "type": "Feature",
      "properties": {
        "id": 100,
        "name": "موقع مرفأ مغمور بالمياه",
        "primary_category": "آبار وخزانات ومصادر مياه أخرى",
        "all_categories": "آبار وخزانات ومصادر مياه أخرى",
        "description": "موقع أثري مغمور بالمياه",
        "folders": "Untitled layer",
        "source": "اطلس2026.xml",
        "origin": "أطلس ليبيا السياحي 2026",
        "status": "جاهز مبدئياً",
        "geometry_type": "Point",
        "coord_count": 1,
        "source_type": "KML/XML"
      },
      "geometry": {
        "type": "Point",
        "coordinates": [
          25.054842,
          31.928078
        ]
      }
    },
    {
      "type": "Feature",
      "properties": {
        "id": 101,
        "name": "موقع مغمور بالمياه",
        "primary_category": "آبار وخزانات ومصادر مياه أخرى",
        "all_categories": "آبار وخزانات ومصادر مياه أخرى",
        "description": "",
        "folders": "Untitled layer",
        "source": "اطلس2026.xml",
        "origin": "أطلس ليبيا السياحي 2026",
        "status": "جاهز مبدئياً",
        "geometry_type": "Point",
        "coord_count": 1,
        "source_type": "KML/XML"
      },
      "geometry": {
        "type": "Point",
        "coordinates": [
          21.340607,
          32.775917
        ]
      }
    },
    {
      "type": "Feature",
      "properties": {
        "id": 102,
        "name": "موقع مغمور بالمياه",
        "primary_category": "آبار وخزانات ومصادر مياه أخرى",
        "all_categories": "آبار وخزانات ومصادر مياه أخرى",
        "description": "",
        "folders": "Untitled layer",
        "source": "اطلس2026.xml",
        "origin": "أطلس ليبيا السياحي 2026",
        "status": "جاهز مبدئياً",
        "geometry_type": "Point",
        "coord_count": 1,
        "source_type": "KML/XML"
      },
      "geometry": {
        "type": "Point",
        "coordinates": [
          21.428193,
          32.800985
        ]
      }
    },
    {
      "type": "Feature",
      "properties": {
        "id": 103,
        "name": "موقع مغمور بالمياه",
        "primary_category": "آبار وخزانات ومصادر مياه أخرى",
        "all_categories": "آبار وخزانات ومصادر مياه أخرى",
        "description": "موقع القارة الأثري",
        "folders": "Untitled layer",
        "source": "اطلس2026.xml",
        "origin": "أطلس ليبيا السياحي 2026",
        "status": "جاهز مبدئياً",
        "geometry_type": "Point",
        "coord_count": 1,
        "source_type": "KML/XML"
      },
      "geometry": {
        "type": "Point",
        "coordinates": [
          24.2045390000001,
          32.005205
        ]
      }
    },
    {
      "type": "Feature",
      "properties": {
        "id": 104,
        "name": "موقع مغمور بالمياه",
        "primary_category": "آبار وخزانات ومصادر مياه أخرى",
        "all_categories": "آبار وخزانات ومصادر مياه أخرى",
        "description": "موقع مرفأ أثري قديم، مغمور بالمياه فيما يعرف بـ (ميسيريس)، وهو قريب من زاوية مرصص.",
        "folders": "Untitled layer",
        "source": "اطلس2026.xml",
        "origin": "أطلس ليبيا السياحي 2026",
        "status": "جاهز مبدئياً",
        "geometry_type": "Point",
        "coord_count": 1,
        "source_type": "KML/XML"
      },
      "geometry": {
        "type": "Point",
        "coordinates": [
          23.6412270000001,
          32.177705
        ]
      }
    },
    {
      "type": "Feature",
      "properties": {
        "id": 105,
        "name": "موقع ميناء (بتراس ماجنا) المغمور بالمياه",
        "primary_category": "آبار وخزانات ومصادر مياه أخرى",
        "all_categories": "آبار وخزانات ومصادر مياه أخرى",
        "description": "",
        "folders": "Untitled layer",
        "source": "اطلس2026.xml",
        "origin": "أطلس ليبيا السياحي 2026",
        "status": "جاهز مبدئياً",
        "geometry_type": "Point",
        "coord_count": 1,
        "source_type": "KML/XML"
      },
      "geometry": {
        "type": "Point",
        "coordinates": [
          25.102018,
          31.759187
        ]
      }
    },
    {
      "type": "Feature",
      "properties": {
        "id": 106,
        "name": "موقع ميناء قديم مغمور بالمياه",
        "primary_category": "آبار وخزانات ومصادر مياه أخرى",
        "all_categories": "آبار وخزانات ومصادر مياه أخرى",
        "description": "موقع ميناء مدينة بسيدة، تبعد عن الحدود الليبية التونسية نحو 25 كيلومتر.",
        "folders": "Untitled layer",
        "source": "اطلس2026.xml",
        "origin": "أطلس ليبيا السياحي 2026",
        "status": "جاهز مبدئياً",
        "geometry_type": "Point",
        "coord_count": 1,
        "source_type": "KML/XML"
      },
      "geometry": {
        "type": "Point",
        "coordinates": [
          11.706291,
          33.08939
        ]
      }
    },
    {
      "type": "Feature",
      "properties": {
        "id": 107,
        "name": "موقع ميناء قديم مغمور بالمياه",
        "primary_category": "آبار وخزانات ومصادر مياه أخرى",
        "all_categories": "آبار وخزانات ومصادر مياه أخرى",
        "description": "",
        "folders": "Untitled layer",
        "source": "اطلس2026.xml",
        "origin": "أطلس ليبيا السياحي 2026",
        "status": "جاهز مبدئياً",
        "geometry_type": "Point",
        "coord_count": 1,
        "source_type": "KML/XML"
      },
      "geometry": {
        "type": "Point",
        "coordinates": [
          12.0210362,
          32.9853511
        ]
      }
    },
    {
      "type": "Feature",
      "properties": {
        "id": 108,
        "name": "موقع ميناء مغمور بالمياه",
        "primary_category": "آبار وخزانات ومصادر مياه أخرى",
        "all_categories": "آبار وخزانات ومصادر مياه أخرى",
        "description": "",
        "folders": "Untitled layer",
        "source": "اطلس2026.xml",
        "origin": "أطلس ليبيا السياحي 2026",
        "status": "جاهز مبدئياً",
        "geometry_type": "Point",
        "coord_count": 1,
        "source_type": "KML/XML"
      },
      "geometry": {
        "type": "Point",
        "coordinates": [
          23.992481,
          32.065286
        ]
      }
    },
    {
      "type": "Feature",
      "properties": {
        "id": 109,
        "name": "موقع ميناء مغمور بالمياه",
        "primary_category": "آبار وخزانات ومصادر مياه أخرى",
        "all_categories": "آبار وخزانات ومصادر مياه أخرى",
        "description": "",
        "folders": "Untitled layer",
        "source": "اطلس2026.xml",
        "origin": "أطلس ليبيا السياحي 2026",
        "status": "جاهز مبدئياً",
        "geometry_type": "Point",
        "coord_count": 1,
        "source_type": "KML/XML"
      },
      "geometry": {
        "type": "Point",
        "coordinates": [
          24.7409660000001,
          32.019471
        ]
      }
    },
    {
      "type": "Feature",
      "properties": {
        "id": 110,
        "name": "أطلال ضريح وادي أم السبط",
        "primary_category": "الأودية ومصباتها",
        "all_categories": "الأودية ومصباتها",
        "description": "",
        "folders": "Untitled layer",
        "source": "اطلس2026.xml",
        "origin": "أطلس ليبيا السياحي 2026",
        "status": "جاهز مبدئياً",
        "geometry_type": "Point",
        "coord_count": 1,
        "source_type": "KML/XML"
      },
      "geometry": {
        "type": "Point",
        "coordinates": [
          13.26455,
          31.0810166666667
        ]
      }
    },
    {
      "type": "Feature",
      "properties": {
        "id": 111,
        "name": "استراحة منتزه وادي الكوف",
        "primary_category": "الأودية ومصباتها",
        "all_categories": "الأودية ومصباتها",
        "description": "",
        "folders": "Untitled layer",
        "source": "اطلس2026.xml",
        "origin": "أطلس ليبيا السياحي 2026",
        "status": "جاهز مبدئياً",
        "geometry_type": "Point",
        "coord_count": 1,
        "source_type": "KML/XML"
      },
      "geometry": {
        "type": "Point",
        "coordinates": [
          21.5634833333334,
          32.7017888888889
        ]
      }
    },
    {
      "type": "Feature",
      "properties": {
        "id": 112,
        "name": "اطلال شروس الأثرية",
        "primary_category": "الأودية ومصباتها",
        "all_categories": "الأودية ومصباتها؛ محميات وموائل الطيور المهاجرة",
        "description": "يبدو وللوهلة الأولى إن اختيار موقع تشييد مدينة شروس فوق تلة وسط وادي عميق، تحيط به المرتفعات والجبال ، على خلاف مواقع المدن الجبلية المشيدة على القمم وأعلى التلال، لتكون محمية ومحصنة من هجمات العدو، كان اعتباطياً وسط منطقة تموج بالصراعات المباغتة، وتعصف بها موجات الاضطرابات المتوالية. ولكن يبرز توظيف جغرافيا المكان في تأمين المدينة التي كانت عاصمة وتجمع رئيسي لـ 300 قرية، بداية من دخول الاسلام للمنطقة سنة 643 للميلاد، إلى فترة متأخرة، بوضوح، وأسهم في استقرارها أساس النمو والازدهار لأي تجمع سكني. ونجحت الاستراتيجية الدفاعية في شروس وقراها في صد وهزيمة حملات عسكرية عديدة، وافشال محاولات الاستيلاء على المدينة، عبر احاطتها بنحو 300 قرية محصنة مشيدة فوق المرتفعات، ويتطلب دخول المدينة المرور وسط وادي سحيق، قبل الوصول إليها، فيما يشبه الفخ المميت، للجيوش المهاجمة التي قد تتعرض للمباغتة من القرى المنتشرة على طول امتداد الوادي. وشهدت طيلة قرون عديدة ازدهارا ونمواً كبيرين، وحظيت باهتمام الكثير من المؤرخين والرحالة والجغرافيين منهم ابن حوقل والبكري وياقوت الحموي، واشادوا بثرواتها وزراعتها المتمثلة في بساتين الكروم والتين والشعير. كما تميزت المدينة بموقعها على طريق تجارة القوافل، ومنارة علمية يؤمها طلبة العلم، وكان بها مكتبة العامرة تحتوي 33 ألف مخطوط. ورغم هجرة السكان في القرن التاسع الهجري السادس عشر للميلاد، فإن جامع المدينة المعروف بجامع أبي معروف الشروسي، يحظى بعناية واهتمام سكان القرى المحيطة، الذين يخصصون أوقاتاً من السنة لترميمه والاهتمام بصيانته. كما تنتشر أطلال مباني المدينة، على قمم التلال وسط الوادي، لعل من أهمها مبنى كبير يقع شمال شرقي المسجد، لم تحدد توظيفاته، فيما يقول الرحالة (ليفسكي) الذي زار أطلال المدينة : ( ويقف في وسط هذا الموقع المسجد الذي يحتوي على خمسة أروقة. والارتفاع الكبير الذي يتميز به يدل على ماضيه الزاهر، ويقع القصر إلى جانب المسجد، بينما يوجد إلى الشرق منه، السوق الملاصق للحي اليهودي. كما توجد شواهد سوق القرية، والحارة اليهودية في الطرف الشمال الشرقي، ويشاهد على قمة الجبل المطل على القرية من الجهة الشمالية الشرقية مبنى كبير يعرف بمكتبة أهل نفوسة، التي كانت تضم 33 ألف مخطوط.",
        "folders": "Untitled layer",
        "source": "اطلس2026.xml",
        "origin": "أطلس ليبيا السياحي 2026",
        "status": "جاهز مبدئياً",
        "geometry_type": "Point",
        "coord_count": 1,
        "source_type": "KML/XML"
      },
      "geometry": {
        "type": "Point",
        "coordinates": [
          11.539714,
          31.8305499
        ]
      }
    },
    {
      "type": "Feature",
      "properties": {
        "id": 113,
        "name": "الفوار أو البئر الساخن وادي تنازوفت",
        "primary_category": "الأودية ومصباتها",
        "all_categories": "الأودية ومصباتها؛ الفوارات والمياه الكبريتية والحمامات",
        "description": "",
        "folders": "Untitled layer",
        "source": "اطلس2026.xml",
        "origin": "أطلس ليبيا السياحي 2026",
        "status": "جاهز مبدئياً",
        "geometry_type": "Point",
        "coord_count": 1,
        "source_type": "KML/XML"
      },
      "geometry": {
        "type": "Point",
        "coordinates": [
          10.2558818,
          25.178641
        ]
      }
    },
    {
      "type": "Feature",
      "properties": {
        "id": 114,
        "name": "الوديان البيض",
        "primary_category": "الأودية ومصباتها",
        "all_categories": "الأودية ومصباتها",
        "description": "",
        "folders": "Untitled layer",
        "source": "اطلس2026.xml",
        "origin": "أطلس ليبيا السياحي 2026",
        "status": "جاهز مبدئياً",
        "geometry_type": "Point",
        "coord_count": 1,
        "source_type": "KML/XML"
      },
      "geometry": {
        "type": "Point",
        "coordinates": [
          12.5323231,
          26.2282983
        ]
      }
    },
    {
      "type": "Feature",
      "properties": {
        "id": 115,
        "name": "ام الدرابيك",
        "primary_category": "الأودية ومصباتها",
        "all_categories": "الأودية ومصباتها؛ محميات وموائل الطيور المهاجرة",
        "description": "تقع مغارة أم الدرابيك، على يسار الطريق الصاعد إلى قرية تاغمة، وتحديداً شمال قصر بن نيران (قصرو ان ماجر)، أحد أهم المعالم التاريخية في المنطقة . وتشبه المغارة وادي منحوت في التكوين الجبسي الذي يهيمن على جيولوجيا المنطقة، وصولاً إلى الجزء المقسم طبيعياً إلى طابقين، حيث تشاهد مخلفات الطيور والخفافيش. ووفق المرافقين فإن الوادي يمتد 120 متراً ، فيما يعتقد أنه يتوغل أكثر من ذلك وصولاً إلى قصر بن نيران الواقع على مسافة 500 متر تقريباً. وتتجلى روعة المكان وجماله، في تشكيلات الصخور المنحوتة بفعل عوامل التعرية والتجوية، في تناسق رائع، وانعكاس الظلال والضوء المنبعث عبر فتحات السطح، التي تتسلل عبرها خيوط أشعة الشمس، وتضفي على المكان، لمسة جمال، وتمنح الزائر مشهداً رائعاً، يمتع الأنظار. يتطلب دخول المغارة جهداً بدنياً، للنزول مسافة 14 متراً، وصولاً إلى المدخل، وهو عبارة عن حفرة مخروطية، ويلاحظ تغير درجة حرارة الجو.",
        "folders": "Untitled layer",
        "source": "اطلس2026.xml",
        "origin": "أطلس ليبيا السياحي 2026",
        "status": "جاهز مبدئياً",
        "geometry_type": "Point",
        "coord_count": 1,
        "source_type": "KML/XML"
      },
      "geometry": {
        "type": "Point",
        "coordinates": [
          12.5321,
          32.1697585
        ]
      }
    },
    {
      "type": "Feature",
      "properties": {
        "id": 116,
        "name": "بحيرات وادي انوير",
        "primary_category": "الأودية ومصباتها",
        "all_categories": "الأودية ومصباتها؛ البحيرات الطبيعية والصحراوية",
        "description": "",
        "folders": "Untitled layer",
        "source": "اطلس2026.xml",
        "origin": "أطلس ليبيا السياحي 2026",
        "status": "جاهز مبدئياً",
        "geometry_type": "Point",
        "coord_count": 1,
        "source_type": "KML/XML"
      },
      "geometry": {
        "type": "Point",
        "coordinates": [
          15.9955309,
          29.2917857
        ]
      }
    },
    {
      "type": "Feature",
      "properties": {
        "id": 117,
        "name": "بحيرة مجزم",
        "primary_category": "الأودية ومصباتها",
        "all_categories": "الأودية ومصباتها؛ البحيرات الطبيعية والصحراوية؛ السبخات والأراضي الرطبة؛ محميات وموائل الطيور المهاجرة؛ آبار وخزانات ومصادر مياه أخرى",
        "description": "تبرز بحيرة (مجزم) وسط وادي (أوال) أحد الأودية الصحراوية الواقعة جنوبي الحمادة الحمراء، وتحديداً على مسافة 35 كيلومتراً شمال شرق مدينة غدامس، وتعتبر من المعالم السياحية الطبيعية على الطريق المعبد الرابط بين مدينتي طرابلس وغدامس. وتقع البحيرة، وسط منخفض يشكل جزءً من تضاريس هضبة الشطوط التي ورد ذكرها في مدونات الرحالة، وواحدة من شبكة بحيرات بين الحدود الليبية التونسية . يطلق على البحيرة باللغة المحلية اسم (مجزم ناول) ، أي سبخة ناول، التي يرجح أنها تتغدى من مخزون مياه في باطن الأرض، جنباً إلى جنب مع كميات من مياه الأمطار التي تتساقط على مرتفعات جبل نفوسة، وتنساب عبر شبكة الأودية الصحراوية، مثل واديان أوال، و(امغرغر)، و(تنروت)، و(ميمون)، و(اتنفصكوين)، و (انجلزن)، الممتدة من سفوح جبال جادو، والزنتان، والرجبان، عبر حمادة (تنغرت)، والحمادة الحمراء، لمسافات طويلة وتصب في البحيرة، ومناطق (تقوت)، و(فرسان) الواقعتين شمال غدامس، ووديان (أماسين) و (انبدور)، وبعضها يصل إلى منطقة (ماركسان) غرب المدينة. وتنقسم البحيرة إلى شطرين بحاجز ترابي يقسمها إلى بحيرتين شديدتي الملوحة إحداهما ضحلة وماؤها شفاف، وتزداد مساحتها وتنقص حسب كميات المياه في موسم الأمطار، والأخرى عميقة شبيهة بالبئر الواسع العميق، يبلغ محيطها ما يناهز 250 متراً مربعاً، وألوان مياهها زرقاء غامقة يميل إلى السواد بسبب عمقها الشديد الذي يترواح ما بين 35 إلى 70 متراً، وأطرافها شديدة الانحدار، وتشهد البحيرة انحساراً في فصل الصيف، وتزداد في فصلي الشتاء وأواخر الربيع نتيجة تدفق كميات من المياه القادمة عبر شبكة الوديان التي تغذي المنخفض بمياه الأمطار. حول البحيرة ينمو حزام من النباتات الصحراوية التي تضفي على المكان لمسة جمالية تتباين فيها ألوان الأشجار والنباتات التي تشكل بيئة ملائمة لاستيطان وتكاثر الأحياء البرية والطيور، ومصدراً للنشاط الاقتصادي للسكان القريبين من المنطقة، بما في ذلك أشجار تبركت، وأضوت، وأعشاب (تاكلوت)، و (افلزفز)، و(الخشاش)، و(تقوفت)، وغيرها، التي تشكل موائلاً طبيعية للحيوانات البرية مثل الأرانب البرية والذئاب والثعالب، والغزلان، كما يقصدها الرعاة في فصل الربيع بسبب وفرة المياه والأعشاب، فيما تشهد تدفق أعداد من الطيور المهاجرة في مواسم هجرتها السنوية، في حين شكل المحيط النباتي مصدراً مهماً للسكان المحليين، الذين استخدموا النباتات واستفادوا منها في علاج بعض الأمراض، كنبات (تبركت) المفيد في علاجات ضغط الدم، ونبات (تاكوت) المستخدم في دبغ الجلود الذي كانت تشتهر بإنتاجها مدينة غدامس، فضلاً عن استخدام نباتات (الخشخاش) و (تقوفت) في العلاجات الطبية. وكانت البحيرة إلى جانب (سبخة تونين) أحد مصادر استخراج الملح أحد مفاتيح تجارة سكان غدامس عبر التاريخ، فالملح الذي كان يستخرج من البحيرة ينقل عبر خط القوافل إلى مناطق الشمال، ويقايض بالقمح والشعير وزيت الزيتون وغيرها من المنتجات الزراعية . وتعد البحيرة اليوم مقصداً للسياح، وتوضع على قائمة المناطق المستهدفة ضمن برنامج الجولات السياحية في مدينة غدامس، ويؤمها الزوار الباحثون عن الفسح والفرجة، والتمتع بالهدوء والاستمتاع بالهواء النقي والبيئة الصافية، والأجواء الساحرة التي تلف المكان وتغلفه.",
        "folders": "Untitled layer",
        "source": "اطلس2026.xml",
        "origin": "أطلس ليبيا السياحي 2026",
        "status": "جاهز مبدئياً",
        "geometry_type": "Point",
        "coord_count": 1,
        "source_type": "KML/XML"
      },
      "geometry": {
        "type": "Point",
        "coordinates": [
          9.832159,
          30.2549718
        ]
      }
    },
    {
      "type": "Feature",
      "properties": {
        "id": 118,
        "name": "بحيرة وادي المجينين",
        "primary_category": "الأودية ومصباتها",
        "all_categories": "الأودية ومصباتها؛ البحيرات الطبيعية والصحراوية",
        "description": "",
        "folders": "Untitled layer",
        "source": "اطلس2026.xml",
        "origin": "أطلس ليبيا السياحي 2026",
        "status": "جاهز مبدئياً",
        "geometry_type": "Point",
        "coord_count": 1,
        "source_type": "KML/XML"
      },
      "geometry": {
        "type": "Point",
        "coordinates": [
          13.2511782,
          32.2940425
        ]
      }
    },
    {
      "type": "Feature",
      "properties": {
        "id": 119,
        "name": "تجمع سكاني - وادي بي",
        "primary_category": "الأودية ومصباتها",
        "all_categories": "الأودية ومصباتها",
        "description": "",
        "folders": "Untitled layer",
        "source": "اطلس2026.xml",
        "origin": "أطلس ليبيا السياحي 2026",
        "status": "جاهز مبدئياً",
        "geometry_type": "Point",
        "coord_count": 1,
        "source_type": "KML/XML"
      },
      "geometry": {
        "type": "Point",
        "coordinates": [
          15.3260565,
          30.8382966
        ]
      }
    },
    {
      "type": "Feature",
      "properties": {
        "id": 120,
        "name": "تفرع طريق محمية وادي الأثل",
        "primary_category": "الأودية ومصباتها",
        "all_categories": "الأودية ومصباتها؛ محميات وموائل الطيور المهاجرة",
        "description": "",
        "folders": "Untitled layer",
        "source": "اطلس2026.xml",
        "origin": "أطلس ليبيا السياحي 2026",
        "status": "جاهز مبدئياً",
        "geometry_type": "Point",
        "coord_count": 1,
        "source_type": "KML/XML"
      },
      "geometry": {
        "type": "Point",
        "coordinates": [
          12.4833012,
          32.1583931
        ]
      }
    },
    {
      "type": "Feature",
      "properties": {
        "id": 121,
        "name": "تقاطع مدخل طريق وادي ماجر",
        "primary_category": "الأودية ومصباتها",
        "all_categories": "الأودية ومصباتها",
        "description": "",
        "folders": "Untitled layer",
        "source": "اطلس2026.xml",
        "origin": "أطلس ليبيا السياحي 2026",
        "status": "جاهز مبدئياً",
        "geometry_type": "Point",
        "coord_count": 1,
        "source_type": "KML/XML"
      },
      "geometry": {
        "type": "Point",
        "coordinates": [
          14.5246625,
          32.3456526
        ]
      }
    },
    {
      "type": "Feature",
      "properties": {
        "id": 122,
        "name": "جامع شروس",
        "primary_category": "الأودية ومصباتها",
        "all_categories": "الأودية ومصباتها",
        "description": "مسجد شروس المنسوب إلى، أبي معروف الشماخي، أو معروف الشروسي، حاكم شروس في القرن الثالث الهجري، التاسع للميلاد، وكان عالماً مشهوراً، يقصده الكثيرون للاستشارة والفتوى. ويذهب بعض المؤرخين إلى أن تاريخ المسجد أقدم من تنصيب أبو معروف حاكماً للمدينة، ولا يرتبط الاسم بتاريخ انشائه، بقدر ما يعني اهتمامه به، وربما تطويره. ويقع المسجد اليوم على تلة صغيرة، في الجهة الغربية من أطلال المدينة المهجورة. ويطل في الجهة الجنوبية الغربية على وادي شروس، ويمكن رؤية (الصمعة)، التي تقع على سطح المسجد وفوق المحراب مباشرة، من مسافة بعيدة. ويميل مخطط المسجد إلى شكل شبه مستطيل، يغطي مساحة 215 متر مربع، مقسمة إلى بيت صلاة يتألف من خمسة أروقة، مغطاة بأقبية برميلية، فيما شيد نحو نصف المسجد تقريبا تحت سطح الأرض، وهي الظاهرة شائعة في مساجد ومباني الجبل. وتتميز قاعة الصلاة بكثرة النقوش والزخارف الكتابية، والنباتية، التي في أغلبها عبارة عن آيات من القرآن الكريم، وأدعية. ويحتوي المسجد مدخلين أحدهما في الجدار الشمالي الشرقي، والمدخل الآخر في الجدار الجنوبي الغربي، مغطى بحجر على هيئة عقد نصف دائري، تعلوها نقوش كتابية بارزة تحمل الشهادة (لا اله إلا الله وحده لا شريك له محمد رسول الله أرسله بالهدى ودين الحق ليظهره على الدين كله ولو كره المشركون) . ولقد بني هذا المسجد من الحجر والطين، ما استدعى اخضاع المسجد لعدة ترميمات، تبدو واضحة للعيان، ويمكن تمييزها بسهولة ويسر، غير أنها لم تؤثر على تفاصيل المسجد المعمارية الأصلية.",
        "folders": "Untitled layer",
        "source": "اطلس2026.xml",
        "origin": "أطلس ليبيا السياحي 2026",
        "status": "جاهز مبدئياً",
        "geometry_type": "Point",
        "coord_count": 1,
        "source_type": "KML/XML"
      },
      "geometry": {
        "type": "Point",
        "coordinates": [
          11.5400219,
          31.8295363
        ]
      }
    },
    {
      "type": "Feature",
      "properties": {
        "id": 123,
        "name": "جسر وادي الكوف",
        "primary_category": "الأودية ومصباتها",
        "all_categories": "الأودية ومصباتها",
        "description": "",
        "folders": "Untitled layer",
        "source": "اطلس2026.xml",
        "origin": "أطلس ليبيا السياحي 2026",
        "status": "جاهز مبدئياً",
        "geometry_type": "Point",
        "coord_count": 1,
        "source_type": "KML/XML"
      },
      "geometry": {
        "type": "Point",
        "coordinates": [
          21.5651463,
          32.6969085
        ]
      }
    },
    {
      "type": "Feature",
      "properties": {
        "id": 124,
        "name": "جسر وادي الكوف القديم",
        "primary_category": "الأودية ومصباتها",
        "all_categories": "الأودية ومصباتها",
        "description": "",
        "folders": "Untitled layer",
        "source": "اطلس2026.xml",
        "origin": "أطلس ليبيا السياحي 2026",
        "status": "جاهز مبدئياً",
        "geometry_type": "Point",
        "coord_count": 1,
        "source_type": "KML/XML"
      },
      "geometry": {
        "type": "Point",
        "coordinates": [
          21.5745439,
          32.6985923
        ]
      }
    },
    {
      "type": "Feature",
      "properties": {
        "id": 125,
        "name": "حديقة الشجرة",
        "primary_category": "الأودية ومصباتها",
        "all_categories": "الأودية ومصباتها",
        "description": "تعرف باسم حديقة الشجرة نسبة إلى شجرة سيدي صالح، أحد رجال الدين الذين استوطنوا المدينة قادماً من وادي الآجال، وحظي بمكانة رفيعة بين الأهالي، ويشاع لدى سكان العوينات أنه من يقطع ورق الشجرة يصاب باللعنات.",
        "folders": "Untitled layer",
        "source": "اطلس2026.xml",
        "origin": "أطلس ليبيا السياحي 2026",
        "status": "جاهز مبدئياً",
        "geometry_type": "Point",
        "coord_count": 1,
        "source_type": "KML/XML"
      },
      "geometry": {
        "type": "Point",
        "coordinates": [
          10.5634215,
          25.7786531
        ]
      }
    },
    {
      "type": "Feature",
      "properties": {
        "id": 126,
        "name": "حقفة وادي اعطية",
        "primary_category": "الأودية ومصباتها",
        "all_categories": "الأودية ومصباتها",
        "description": "",
        "folders": "Untitled layer",
        "source": "اطلس2026.xml",
        "origin": "أطلس ليبيا السياحي 2026",
        "status": "جاهز مبدئياً",
        "geometry_type": "Point",
        "coord_count": 1,
        "source_type": "KML/XML"
      },
      "geometry": {
        "type": "Point",
        "coordinates": [
          20.5092,
          31.6317
        ]
      }
    },
    {
      "type": "Feature",
      "properties": {
        "id": 127,
        "name": "حمام وادي نينا",
        "primary_category": "الأودية ومصباتها",
        "all_categories": "الأودية ومصباتها؛ الفوارات والمياه الكبريتية والحمامات",
        "description": "",
        "folders": "Untitled layer",
        "source": "اطلس2026.xml",
        "origin": "أطلس ليبيا السياحي 2026",
        "status": "جاهز مبدئياً",
        "geometry_type": "Point",
        "coord_count": 1,
        "source_type": "KML/XML"
      },
      "geometry": {
        "type": "Point",
        "coordinates": [
          15.2496203,
          29.7697964
        ]
      }
    },
    {
      "type": "Feature",
      "properties": {
        "id": 128,
        "name": "شط وادي جبرون",
        "primary_category": "الأودية ومصباتها",
        "all_categories": "الأودية ومصباتها",
        "description": "",
        "folders": "Untitled layer",
        "source": "اطلس2026.xml",
        "origin": "أطلس ليبيا السياحي 2026",
        "status": "جاهز مبدئياً",
        "geometry_type": "Point",
        "coord_count": 1,
        "source_type": "KML/XML"
      },
      "geometry": {
        "type": "Point",
        "coordinates": [
          14.1503293,
          32.7118348
        ]
      }
    },
    {
      "type": "Feature",
      "properties": {
        "id": 129,
        "name": "شط وادي سليم",
        "primary_category": "الأودية ومصباتها",
        "all_categories": "الأودية ومصباتها",
        "description": "",
        "folders": "Untitled layer",
        "source": "اطلس2026.xml",
        "origin": "أطلس ليبيا السياحي 2026",
        "status": "جاهز مبدئياً",
        "geometry_type": "Point",
        "coord_count": 1,
        "source_type": "KML/XML"
      },
      "geometry": {
        "type": "Point",
        "coordinates": [
          24.0108776,
          32.0482065
        ]
      }
    },
    {
      "type": "Feature",
      "properties": {
        "id": 130,
        "name": "شلال وادي مرقس",
        "primary_category": "الأودية ومصباتها",
        "all_categories": "الأودية ومصباتها",
        "description": "",
        "folders": "Untitled layer",
        "source": "اطلس2026.xml",
        "origin": "أطلس ليبيا السياحي 2026",
        "status": "جاهز مبدئياً",
        "geometry_type": "Point",
        "coord_count": 1,
        "source_type": "KML/XML"
      },
      "geometry": {
        "type": "Point",
        "coordinates": [
          22.2109384,
          32.8478912
        ]
      }
    },
    {
      "type": "Feature",
      "properties": {
        "id": 131,
        "name": "صخرة وادي رزق",
        "primary_category": "الأودية ومصباتها",
        "all_categories": "الأودية ومصباتها",
        "description": "صخرة وادي رزق",
        "folders": "Untitled layer",
        "source": "اطلس2026.xml",
        "origin": "أطلس ليبيا السياحي 2026",
        "status": "جاهز مبدئياً",
        "geometry_type": "Point",
        "coord_count": 1,
        "source_type": "KML/XML"
      },
      "geometry": {
        "type": "Point",
        "coordinates": [
          25.087924,
          31.7744033
        ]
      }
    },
    {
      "type": "Feature",
      "properties": {
        "id": 132,
        "name": "عين وادي الباقول",
        "primary_category": "الأودية ومصباتها",
        "all_categories": "الأودية ومصباتها؛ العيون الطبيعية",
        "description": "",
        "folders": "Untitled layer",
        "source": "اطلس2026.xml",
        "origin": "أطلس ليبيا السياحي 2026",
        "status": "جاهز مبدئياً",
        "geometry_type": "Point",
        "coord_count": 1,
        "source_type": "KML/XML"
      },
      "geometry": {
        "type": "Point",
        "coordinates": [
          12.432575,
          31.9990194444444
        ]
      }
    },
    {
      "type": "Feature",
      "properties": {
        "id": 133,
        "name": "عيون وادي الواكيم",
        "primary_category": "الأودية ومصباتها",
        "all_categories": "الأودية ومصباتها؛ العيون الطبيعية",
        "description": "",
        "folders": "Untitled layer",
        "source": "اطلس2026.xml",
        "origin": "أطلس ليبيا السياحي 2026",
        "status": "جاهز مبدئياً",
        "geometry_type": "Point",
        "coord_count": 1,
        "source_type": "KML/XML"
      },
      "geometry": {
        "type": "Point",
        "coordinates": [
          11.7686111111111,
          32.0352777777778
        ]
      }
    },
    {
      "type": "Feature",
      "properties": {
        "id": 134,
        "name": "قرية فرسطاء القديمة",
        "primary_category": "الأودية ومصباتها",
        "all_categories": "الأودية ومصباتها؛ العيون الطبيعية؛ آبار وخزانات ومصادر مياه أخرى",
        "description": "استقر سكان فرسطاء حول عين مياه وادي فرسطاء الخصيب منذ فترة ضاربة في القدم، واستفادوا من وفرة المياه في زراعة المحاصيل الزراعية، مثل الحبوب النخيل والزيتون، وأدى هذا الاستقرار الزراعي إلى ازدهار المدينة ونموها الاقتصادي والثقافي والعلمي، خلال القرن التاسع الميلادي، فتأسست فيها المدارس والمنارات العلمية، التي يؤمها الطلبة من شتى المدن والقرى المحيطة. ويبرز على أطراف القرية الحديثة اليوم، تجمع سكني قديم، يطل بمبانيه على سهل خصيب، تنتشر فيه أشجار الزيتون التي وفرت وبشكل كبير مصادر نشاط اقتصاد القرية، حيث توجد أربع معاصر للزيتون تستخدم في استخراج الزيت وتسويقه، كما اشتهرت القرية بالصناعات الصوفية، والفخاريات. شيدت مباني القرية وقصرها بالحجارة، والجبس والطين واستخدمت جذوع النخيل وأغصان أشجار الزيتون في التسقيف وصنعت منها الأبواب والنوافذ، ويلاحظ انتشار الأضرحة والمساجد في الوادي، ومن أهمها ضريح أبو ذر صدوق، وضريح الشيخ عامر العرجاني وهناك ملتقى الجماعة (تغليس) وهو مكان يلتقى فيه الأهالي في فصلى الربيع والخريف ليتعاونوا فيساعد غنيهم فقيرهم وتصلى فيه صلاة الاستسقاء، ومن المساجد مسجد ابي يحيى الفرسطائي، ومسجد الحواريين.",
        "folders": "Untitled layer",
        "source": "اطلس2026.xml",
        "origin": "أطلس ليبيا السياحي 2026",
        "status": "جاهز مبدئياً",
        "geometry_type": "Point",
        "coord_count": 1,
        "source_type": "KML/XML"
      },
      "geometry": {
        "type": "Point",
        "coordinates": [
          11.3877479,
          31.8586749
        ]
      }
    },
    {
      "type": "Feature",
      "properties": {
        "id": 135,
        "name": "قصر المقدم",
        "primary_category": "الأودية ومصباتها",
        "all_categories": "الأودية ومصباتها",
        "description": "يعتبر القصر أحد حصون المراقبة الرومانية، لحراسة منطقة وادي الكوف ، ويرجح انه استخدم ايضا كدير مسيحي في القرن السادس الميلاد، وبطلق عليه محلياً اسم سطالة البقر.",
        "folders": "Untitled layer",
        "source": "اطلس2026.xml",
        "origin": "أطلس ليبيا السياحي 2026",
        "status": "جاهز مبدئياً",
        "geometry_type": "Point",
        "coord_count": 1,
        "source_type": "KML/XML"
      },
      "geometry": {
        "type": "Point",
        "coordinates": [
          21.5388888888889,
          32.6702777777778
        ]
      }
    },
    {
      "type": "Feature",
      "properties": {
        "id": 136,
        "name": "قلتة وادي بوبو",
        "primary_category": "الأودية ومصباتها",
        "all_categories": "الأودية ومصباتها؛ البرك والبلطات والقلتات",
        "description": "",
        "folders": "Untitled layer",
        "source": "اطلس2026.xml",
        "origin": "أطلس ليبيا السياحي 2026",
        "status": "جاهز مبدئياً",
        "geometry_type": "Point",
        "coord_count": 1,
        "source_type": "KML/XML"
      },
      "geometry": {
        "type": "Point",
        "coordinates": [
          10.6366694444445,
          24.5794388888889
        ]
      }
    },
    {
      "type": "Feature",
      "properties": {
        "id": 137,
        "name": "قلعة وادي الباب",
        "primary_category": "الأودية ومصباتها",
        "all_categories": "الأودية ومصباتها",
        "description": "",
        "folders": "Untitled layer",
        "source": "اطلس2026.xml",
        "origin": "أطلس ليبيا السياحي 2026",
        "status": "جاهز مبدئياً",
        "geometry_type": "Point",
        "coord_count": 1,
        "source_type": "KML/XML"
      },
      "geometry": {
        "type": "Point",
        "coordinates": [
          20.5283472,
          31.5715241
        ]
      }
    },
    {
      "type": "Feature",
      "properties": {
        "id": 138,
        "name": "قوس أفزجار",
        "primary_category": "الأودية ومصباتها",
        "all_categories": "الأودية ومصباتها",
        "description": "يقع القوس على مفترق وادي أنشال، ووادي تانشالت، ويبلغ ارتفاعه 43 متراً، وعرضه 41 متراً تقريباً.",
        "folders": "Untitled layer",
        "source": "اطلس2026.xml",
        "origin": "أطلس ليبيا السياحي 2026",
        "status": "جاهز مبدئياً",
        "geometry_type": "Point",
        "coord_count": 1,
        "source_type": "KML/XML"
      },
      "geometry": {
        "type": "Point",
        "coordinates": [
          10.6339034,
          24.6841197
        ]
      }
    },
    {
      "type": "Feature",
      "properties": {
        "id": 139,
        "name": "كاف وادي الذيب",
        "primary_category": "الأودية ومصباتها",
        "all_categories": "الأودية ومصباتها",
        "description": "",
        "folders": "Untitled layer",
        "source": "اطلس2026.xml",
        "origin": "أطلس ليبيا السياحي 2026",
        "status": "جاهز مبدئياً",
        "geometry_type": "Point",
        "coord_count": 1,
        "source_type": "KML/XML"
      },
      "geometry": {
        "type": "Point",
        "coordinates": [
          24.8696706,
          31.8795818
        ]
      }
    },
    {
      "type": "Feature",
      "properties": {
        "id": 140,
        "name": "كهف مناخر العبد وادي الشويعر",
        "primary_category": "الأودية ومصباتها",
        "all_categories": "الأودية ومصباتها",
        "description": "موقع نقوش قديمة",
        "folders": "Untitled layer",
        "source": "اطلس2026.xml",
        "origin": "أطلس ليبيا السياحي 2026",
        "status": "جاهز مبدئياً",
        "geometry_type": "Point",
        "coord_count": 1,
        "source_type": "KML/XML"
      },
      "geometry": {
        "type": "Point",
        "coordinates": [
          21.2977803,
          32.7737372
        ]
      }
    },
    {
      "type": "Feature",
      "properties": {
        "id": 141,
        "name": "محمية وادي الأثل",
        "primary_category": "الأودية ومصباتها",
        "all_categories": "الأودية ومصباتها؛ محميات وموائل الطيور المهاجرة",
        "description": "",
        "folders": "Untitled layer",
        "source": "اطلس2026.xml",
        "origin": "أطلس ليبيا السياحي 2026",
        "status": "جاهز مبدئياً",
        "geometry_type": "Point",
        "coord_count": 1,
        "source_type": "KML/XML"
      },
      "geometry": {
        "type": "Point",
        "coordinates": [
          12.3869444444445,
          32.3091666666667
        ]
      }
    },
    {
      "type": "Feature",
      "properties": {
        "id": 142,
        "name": "مدخل وادي تاملت",
        "primary_category": "الأودية ومصباتها",
        "all_categories": "الأودية ومصباتها",
        "description": "",
        "folders": "Untitled layer",
        "source": "اطلس2026.xml",
        "origin": "أطلس ليبيا السياحي 2026",
        "status": "جاهز مبدئياً",
        "geometry_type": "Point",
        "coord_count": 1,
        "source_type": "KML/XML"
      },
      "geometry": {
        "type": "Point",
        "coordinates": [
          11.43731,
          25.67413
        ]
      }
    },
    {
      "type": "Feature",
      "properties": {
        "id": 143,
        "name": "مستشفى وادي جارف القروي",
        "primary_category": "الأودية ومصباتها",
        "all_categories": "الأودية ومصباتها",
        "description": "",
        "folders": "Untitled layer",
        "source": "اطلس2026.xml",
        "origin": "أطلس ليبيا السياحي 2026",
        "status": "جاهز مبدئياً",
        "geometry_type": "Point",
        "coord_count": 1,
        "source_type": "KML/XML"
      },
      "geometry": {
        "type": "Point",
        "coordinates": [
          16.3175742,
          31.0778794
        ]
      }
    },
    {
      "type": "Feature",
      "properties": {
        "id": 144,
        "name": "مسجد وادي الحسون العتيق",
        "primary_category": "الأودية ومصباتها",
        "all_categories": "الأودية ومصباتها",
        "description": "",
        "folders": "Untitled layer",
        "source": "اطلس2026.xml",
        "origin": "أطلس ليبيا السياحي 2026",
        "status": "جاهز مبدئياً",
        "geometry_type": "Point",
        "coord_count": 1,
        "source_type": "KML/XML"
      },
      "geometry": {
        "type": "Point",
        "coordinates": [
          13.9938527,
          32.6748412
        ]
      }
    },
    {
      "type": "Feature",
      "properties": {
        "id": 145,
        "name": "مسلات وادي مردوم",
        "primary_category": "الأودية ومصباتها",
        "all_categories": "الأودية ومصباتها",
        "description": "",
        "folders": "Untitled layer",
        "source": "اطلس2026.xml",
        "origin": "أطلس ليبيا السياحي 2026",
        "status": "جاهز مبدئياً",
        "geometry_type": "Point",
        "coord_count": 1,
        "source_type": "KML/XML"
      },
      "geometry": {
        "type": "Point",
        "coordinates": [
          14.2913071,
          31.8326063
        ]
      }
    },
    {
      "type": "Feature",
      "properties": {
        "id": 146,
        "name": "مشروع وادي التوت",
        "primary_category": "الأودية ومصباتها",
        "all_categories": "الأودية ومصباتها",
        "description": "",
        "folders": "Untitled layer",
        "source": "اطلس2026.xml",
        "origin": "أطلس ليبيا السياحي 2026",
        "status": "جاهز مبدئياً",
        "geometry_type": "Point",
        "coord_count": 1,
        "source_type": "KML/XML"
      },
      "geometry": {
        "type": "Point",
        "coordinates": [
          12.4158333333334,
          32.1136111111111
        ]
      }
    },
    {
      "type": "Feature",
      "properties": {
        "id": 147,
        "name": "مشروع وادي الحي الزراعي",
        "primary_category": "الأودية ومصباتها",
        "all_categories": "الأودية ومصباتها",
        "description": "يحتوي المشروع الزراع الاسكاني على 417 مزرعة نموذجية، يقطنها نحو 10 آلاف نسمة، ويضم محطة وقود، ومدراس، ومحطة تزود بالوقود، ومركز للتسوق",
        "folders": "Untitled layer",
        "source": "اطلس2026.xml",
        "origin": "أطلس ليبيا السياحي 2026",
        "status": "جاهز مبدئياً",
        "geometry_type": "Point",
        "coord_count": 1,
        "source_type": "KML/XML"
      },
      "geometry": {
        "type": "Point",
        "coordinates": [
          12.7390636,
          32.3269874
        ]
      }
    },
    {
      "type": "Feature",
      "properties": {
        "id": 148,
        "name": "مشروع وادي الهيرة الزراعي",
        "primary_category": "الأودية ومصباتها",
        "all_categories": "الأودية ومصباتها",
        "description": "",
        "folders": "Untitled layer",
        "source": "اطلس2026.xml",
        "origin": "أطلس ليبيا السياحي 2026",
        "status": "جاهز مبدئياً",
        "geometry_type": "Point",
        "coord_count": 1,
        "source_type": "KML/XML"
      },
      "geometry": {
        "type": "Point",
        "coordinates": [
          13.0373383,
          32.3105664
        ]
      }
    },
    {
      "type": "Feature",
      "properties": {
        "id": 149,
        "name": "مشروع وادي برجوج الزراعي",
        "primary_category": "الأودية ومصباتها",
        "all_categories": "الأودية ومصباتها",
        "description": "",
        "folders": "Untitled layer",
        "source": "اطلس2026.xml",
        "origin": "أطلس ليبيا السياحي 2026",
        "status": "جاهز مبدئياً",
        "geometry_type": "Point",
        "coord_count": 1,
        "source_type": "KML/XML"
      },
      "geometry": {
        "type": "Point",
        "coordinates": [
          12.9638672,
          26.0074242
        ]
      }
    },
    {
      "type": "Feature",
      "properties": {
        "id": 150,
        "name": "مشروع وادي نينا الزراعي",
        "primary_category": "الأودية ومصباتها",
        "all_categories": "الأودية ومصباتها",
        "description": "",
        "folders": "Untitled layer",
        "source": "اطلس2026.xml",
        "origin": "أطلس ليبيا السياحي 2026",
        "status": "جاهز مبدئياً",
        "geometry_type": "Point",
        "coord_count": 1,
        "source_type": "KML/XML"
      },
      "geometry": {
        "type": "Point",
        "coordinates": [
          15.2100563,
          29.7270422
        ]
      }
    },
    {
      "type": "Feature",
      "properties": {
        "id": 151,
        "name": "مشروع وادي وامس الزراعي",
        "primary_category": "الأودية ومصباتها",
        "all_categories": "الأودية ومصباتها",
        "description": "",
        "folders": "Untitled layer",
        "source": "اطلس2026.xml",
        "origin": "أطلس ليبيا السياحي 2026",
        "status": "جاهز مبدئياً",
        "geometry_type": "Point",
        "coord_count": 1,
        "source_type": "KML/XML"
      },
      "geometry": {
        "type": "Point",
        "coordinates": [
          12.700882,
          31.6153081
        ]
      }
    },
    {
      "type": "Feature",
      "properties": {
        "id": 152,
        "name": "مصب وادي القطارة",
        "primary_category": "الأودية ومصباتها",
        "all_categories": "الأودية ومصباتها",
        "description": "",
        "folders": "Untitled layer",
        "source": "اطلس2026.xml",
        "origin": "أطلس ليبيا السياحي 2026",
        "status": "جاهز مبدئياً",
        "geometry_type": "Point",
        "coord_count": 1,
        "source_type": "KML/XML"
      },
      "geometry": {
        "type": "Point",
        "coordinates": [
          20.0315105,
          32.055284
        ]
      }
    },
    {
      "type": "Feature",
      "properties": {
        "id": 153,
        "name": "مصب وادي كعام",
        "primary_category": "الأودية ومصباتها",
        "all_categories": "الأودية ومصباتها",
        "description": "",
        "folders": "Untitled layer",
        "source": "اطلس2026.xml",
        "origin": "أطلس ليبيا السياحي 2026",
        "status": "جاهز مبدئياً",
        "geometry_type": "Point",
        "coord_count": 1,
        "source_type": "KML/XML"
      },
      "geometry": {
        "type": "Point",
        "coordinates": [
          14.4466782,
          32.5274209
        ]
      }
    },
    {
      "type": "Feature",
      "properties": {
        "id": 154,
        "name": "معلق وادي برزة",
        "primary_category": "الأودية ومصباتها",
        "all_categories": "الأودية ومصباتها",
        "description": "",
        "folders": "Untitled layer",
        "source": "اطلس2026.xml",
        "origin": "أطلس ليبيا السياحي 2026",
        "status": "جاهز مبدئياً",
        "geometry_type": "Point",
        "coord_count": 1,
        "source_type": "KML/XML"
      },
      "geometry": {
        "type": "Point",
        "coordinates": [
          14.1133327,
          31.5995249
        ]
      }
    },
    {
      "type": "Feature",
      "properties": {
        "id": 155,
        "name": "معلق وادي غبين",
        "primary_category": "الأودية ومصباتها",
        "all_categories": "الأودية ومصباتها",
        "description": "",
        "folders": "Untitled layer",
        "source": "اطلس2026.xml",
        "origin": "أطلس ليبيا السياحي 2026",
        "status": "جاهز مبدئياً",
        "geometry_type": "Point",
        "coord_count": 1,
        "source_type": "KML/XML"
      },
      "geometry": {
        "type": "Point",
        "coordinates": [
          14.4415666666666,
          31.6714305555556
        ]
      }
    },
    {
      "type": "Feature",
      "properties": {
        "id": 156,
        "name": "مفترق وادي عتبة",
        "primary_category": "الأودية ومصباتها",
        "all_categories": "الأودية ومصباتها",
        "description": "",
        "folders": "Untitled layer",
        "source": "اطلس2026.xml",
        "origin": "أطلس ليبيا السياحي 2026",
        "status": "جاهز مبدئياً",
        "geometry_type": "Point",
        "coord_count": 1,
        "source_type": "KML/XML"
      },
      "geometry": {
        "type": "Point",
        "coordinates": [
          13.355577,
          26.5271846
        ]
      }
    },
    {
      "type": "Feature",
      "properties": {
        "id": 157,
        "name": "مقابر أثرية",
        "primary_category": "الأودية ومصباتها",
        "all_categories": "الأودية ومصباتها",
        "description": "وادي المرازيق",
        "folders": "Untitled layer",
        "source": "اطلس2026.xml",
        "origin": "أطلس ليبيا السياحي 2026",
        "status": "جاهز مبدئياً",
        "geometry_type": "Point",
        "coord_count": 1,
        "source_type": "KML/XML"
      },
      "geometry": {
        "type": "Point",
        "coordinates": [
          22.2933224,
          32.8152321
        ]
      }
    },
    {
      "type": "Feature",
      "properties": {
        "id": 158,
        "name": "مقبرة المنيخرات",
        "primary_category": "الأودية ومصباتها",
        "all_categories": "الأودية ومصباتها؛ آبار وخزانات ومصادر مياه أخرى",
        "description": "على جنبات وادي (تبسيلو)، جنوب المرج تطل مقبرة أثرية، منحوتة في الصخر، يصفها بعض الأثريين بـ (بتراء ليبيا)، تعرف بمقبرة المنيخرات، نسبة إلى المنطقة. شيدت المقبرة على الطراز الدوري، وتتألف من طابقين، تتوزع عليها غرف الدفن، ومساحات مخصصة لإحياء مراسم الدفن، والولائم الجنائزية. معمارياً، يصادف الداخل إلى المقبرة بهو غير منتظم الأضلاع، تتوزع عليه سبع مصاطب مزودة بما يشبه الوسائد الحجرية تمتد بمحاذاة جدران الغرفة التي كانت تستخدم للأكل، ووظيفتها ممارسة الطقوس الجنائزية الخاصة بالولائم الجنائزية التي تقدم أثناء الدفن أو عند زيارة المقبرة من حين إلى آخر، كما يلاحظ وجود كوة كبيرة في الجدار الغربي، بمثابة تابوت مخصص للدفن، وبعض التفاصيل الأخرى التي ربما استخدمت لوضع قرابين تكريما للميت أو المدفون، أما بقية الحجرة فلا توجد بها أية تفاصيل معمارية. وفي الطابق العلوي توجد حجرة ليس لها استخدام محدد، فيما تخلو جدرانها من أية كوات أو فجوات، سوى من عنصر مكمل للواجهة المعمارية وبهذا تعرف اصطلاحا باسم (loggia) . قدر الخبراء عمر المدفن بالاعتماد على الطراز المعماري، وأعمدتها ذات التيجان الدورية والايولية ، بمنتصف القرن السادس قبل الميلاد أو ما بين 550 – 490 ق.م، دون تأكيد، أو جزم بذلك، فعلى الرغم من الاكتشاف المبكر للمقبرة، مطلع القرن الماضي، غير أن العلماء والخبراء الذين وقفوا على الموقع، بمافي ذلك العالم الأمريكي (ريتشارد نورتون)، والايطالي (فيدريكو لبهر)، لم يتمكنا من تحديد عمر المقبرة، أو من دفن فيها، لغياب أية نقوش كتابية تعزز الركون إلى تاريخ محدد.",
        "folders": "Untitled layer",
        "source": "اطلس2026.xml",
        "origin": "أطلس ليبيا السياحي 2026",
        "status": "جاهز مبدئياً",
        "geometry_type": "Point",
        "coord_count": 1,
        "source_type": "KML/XML"
      },
      "geometry": {
        "type": "Point",
        "coordinates": [
          20.9201183,
          32.4613738
        ]
      }
    },
    {
      "type": "Feature",
      "properties": {
        "id": 159,
        "name": "منتجع الينابيع السياحي",
        "primary_category": "الأودية ومصباتها",
        "all_categories": "الأودية ومصباتها",
        "description": "description: يقع المنتجع وسط خليج صغر، ويطل على شاطىء حجري، ويحفه من الجهة الشرقية وادٍ، ويرتبط بالطريق الساحلي عبر طريق معبد، ويمكن الوصول إليه من بلدة رأس الهلال، وكذلك عبر الطريق الساحلي مباشرةً، وتبلغ المساحة الكلية للأرض المخصصة للمنتجع حوال 8 هكتارات، والمساحة المستغلة حوالي تقارب 6 هكتارات، وجار العمل على اعداد خطة لتطوير المنتجع، وإضافة شاليهات أخرى، وتوسعة المنطقة الخدمية، - أهم المواقع القريبة من المنتجع : يتيح موقع المنتجع زيارة عدد من المعالم الطبيعية والثقافية، بمافي ذلك : شلال بالفو على مسافة تناهز 2 كليومتر جنوب المنتجع. سفينة جانحة على مسافة 500 متر شرق المنتجع. أقرب تجمع سكاني : بلدة رأس الهلال على مسافة 700 متر غرب المنتجع. توجد مجموع من الكهوف الساحلية على مسافة 3.5 كليومترات شرق المنتجع. موقع صنيبات العويلة على مسافة 4 كيلومترات جنوب المنتجع، يحتوي على قبور ترجع إلى الفترة الهيلنستية. - وادي الشواعر يقع على مسافة 5 كيلومترات من المنتجع جنوب شرق، وهو الوادي الذي يحتوي على موقع مرقس الأنجيل. أقرب مطار : مطار الأبرق الدولي على مسافة 20 كيلومتر جنوب المنتجع. - أقرب ميناء : مرفأ رأس الهلال على مسافة 6 كليومترات غرب المنتجع. أكبر موقع أثري : مدينة شحات الأثرية على مسافة 30 كيلومتراً جنوب غرب المنتجع. كنيسة الأثرون على مسافة 8 كيلومترات شرق المنتجع. x: 32.8815 Y: 22.19025 العنوان: رأس الهلال الاتصال: أرقام الهواتف : 0914200082 0926943003 0927371208 نطاق الأسعار: يعمل المنتجع وفق سياسة المواسم السياحية بالنسبة للأسعار، حيث تتراوح في موسم الصيف مابين 250 – 225 دينار ليبي للشاليهات الكبيرة، و200 دينار ليبي للشاليهات الصغيرة. وفي موسم الشتوي تنخفض الأسعار إلى 175 دينار ليبي للشاليهات الكبيرة، و125 دينار ليبي للشاليهات الصغيرة، كما يقدم خصومات على الأسعار كلما زادت فترة الاقامة. التصنيف: أربع نجوم عدد الغرف: يحتوي المنتجع على 36 شاليهاً، منها 24 شاليه كبير الحجم تتألف كلاً منها من (ﻏﺮﻓﺘﻴﻦ _ وسط حوش صغير- ﺣﻤﺎﻡ _ﻣﻄﺒﺦ) ، و12 شاليهاً صغير المساحة ويحتوي ﻏﺮﻓﻪ _ﺣﻤﺎﻡ _ وسط حوش صغير- ﻣﻄﺒﺦ. - الطاقة الاستيعابية لكل شاليه المساحة الكبيرة : 8 أشخاص - الطاقة الاستيعابية لكل شاليه المساحة الكبيرة 4 أشخاص. الخدمات: تتخلل الشاليهات مساحات خضراء، تنتشر فيها الأشجار والنباتات، والشاليهات مشيدة بالاسمنت، ومغطأة بالطوب الحجري، والمساحات بين الشاليهات جيدة، بمايتيح فرص جيدة للعائلات، ويمنحها الخصوصية، - كما يوفر المنتجع خدمات الاصطياف على شاطىء البحر، ويضم مطعم ومقهى الينابيع الذي يتسع لـ 40 شخصاً، إلى جانب قاعة للاجتماعات تبلغ قدرتها الاستيعابية 25 فرداً، إلى جانب حوضين سباحة واحد للكبار، والآخر مخصص للأطفال، وصالة ألعاب بلياردو وألعاب إلكترونية. الوصف:",
        "folders": "الفنادق",
        "source": "اطلس2026.xml",
        "origin": "أطلس ليبيا السياحي 2026",
        "status": "جاهز مبدئياً",
        "geometry_type": "Point",
        "coord_count": 1,
        "source_type": "KML/XML"
      },
      "geometry": {
        "type": "Point",
        "coordinates": [
          22.19025,
          32.8815
        ]
      }
    },
    {
      "type": "Feature",
      "properties": {
        "id": 160,
        "name": "منتجع وادي الكوف",
        "primary_category": "الأودية ومصباتها",
        "all_categories": "الأودية ومصباتها",
        "description": "منتجع وادي الكوف FID 98 FID_ 98 ت 99 إسم_ا منتجع وادي الكوف التصن منتجع سياحي المدي البيضاء X 21.562313 Y 32.70194 عدد_ا 18 عدد__1 48",
        "folders": "القري السياحية والمنتجعات",
        "source": "اطلس2026.xml",
        "origin": "أطلس ليبيا السياحي 2026",
        "status": "جاهز مبدئياً",
        "geometry_type": "Point",
        "coord_count": 1,
        "source_type": "KML/XML"
      },
      "geometry": {
        "type": "Point",
        "coordinates": [
          21.562313,
          32.70194
        ]
      }
    },
    {
      "type": "Feature",
      "properties": {
        "id": 161,
        "name": "منتجع وادي الكوف",
        "primary_category": "الأودية ومصباتها",
        "all_categories": "الأودية ومصباتها",
        "description": "منتجع وادي الكوف التصن منتجع سياحي المدي البيضاء عدد_ا 18 عدد__1 48",
        "folders": "القرى_والمنتجعات_السياحية",
        "source": "اطلس2026.xml",
        "origin": "أطلس ليبيا السياحي 2026",
        "status": "جاهز مبدئياً",
        "geometry_type": "Point",
        "coord_count": 1,
        "source_type": "KML/XML"
      },
      "geometry": {
        "type": "Point",
        "coordinates": [
          21.563798,
          32.702
        ]
      }
    },
    {
      "type": "Feature",
      "properties": {
        "id": 162,
        "name": "منتجع وادي بالنور",
        "primary_category": "الأودية ومصباتها",
        "all_categories": "الأودية ومصباتها",
        "description": "منتجع وادي بالنور FID 63 FID_ 63 ت 64 إسم_ا منتجع وادي بالنور التصن قرية سياحية المدي القره بولي X 13.593864 Y 32.793093 عدد_ا 30 عدد__1 60",
        "folders": "القري السياحية والمنتجعات",
        "source": "اطلس2026.xml",
        "origin": "أطلس ليبيا السياحي 2026",
        "status": "جاهز مبدئياً",
        "geometry_type": "Point",
        "coord_count": 1,
        "source_type": "KML/XML"
      },
      "geometry": {
        "type": "Point",
        "coordinates": [
          13.593864,
          32.793093
        ]
      }
    },
    {
      "type": "Feature",
      "properties": {
        "id": 163,
        "name": "منتجع وادي بالنور",
        "primary_category": "الأودية ومصباتها",
        "all_categories": "الأودية ومصباتها",
        "description": "منتجع وادي بالنور QHVV+3J8, The Costal Road, Algowaa +218 91-6531531 التصن قرية سياحية المدي القره بولي عدد_ا 30 عدد__1 60",
        "folders": "القرى_والمنتجعات_السياحية",
        "source": "اطلس2026.xml",
        "origin": "أطلس ليبيا السياحي 2026",
        "status": "جاهز مبدئياً",
        "geometry_type": "Point",
        "coord_count": 1,
        "source_type": "KML/XML"
      },
      "geometry": {
        "type": "Point",
        "coordinates": [
          13.59408,
          32.792644
        ]
      }
    },
    {
      "type": "Feature",
      "properties": {
        "id": 164,
        "name": "منتجع وادي بنور - WB Resort",
        "primary_category": "الأودية ومصباتها",
        "all_categories": "الأودية ومصباتها",
        "description": "",
        "folders": "Untitled layer",
        "source": "اطلس2026.xml",
        "origin": "أطلس ليبيا السياحي 2026",
        "status": "جاهز مبدئياً",
        "geometry_type": "Point",
        "coord_count": 1,
        "source_type": "KML/XML"
      },
      "geometry": {
        "type": "Point",
        "coordinates": [
          13.5940783,
          32.7926602
        ]
      }
    },
    {
      "type": "Feature",
      "properties": {
        "id": 165,
        "name": "وادي أراماس",
        "primary_category": "الأودية ومصباتها",
        "all_categories": "الأودية ومصباتها",
        "description": "",
        "folders": "Untitled layer",
        "source": "اطلس2026.xml",
        "origin": "أطلس ليبيا السياحي 2026",
        "status": "جاهز مبدئياً",
        "geometry_type": "Point",
        "coord_count": 1,
        "source_type": "KML/XML"
      },
      "geometry": {
        "type": "Point",
        "coordinates": [
          11.7911988,
          24.9803601
        ]
      }
    },
    {
      "type": "Feature",
      "properties": {
        "id": 166,
        "name": "وادي أم الجداري",
        "primary_category": "الأودية ومصباتها",
        "all_categories": "الأودية ومصباتها",
        "description": "",
        "folders": "Untitled layer",
        "source": "اطلس2026.xml",
        "origin": "أطلس ليبيا السياحي 2026",
        "status": "جاهز مبدئياً",
        "geometry_type": "Point",
        "coord_count": 1,
        "source_type": "KML/XML"
      },
      "geometry": {
        "type": "Point",
        "coordinates": [
          14.2511642,
          32.0971047
        ]
      }
    },
    {
      "type": "Feature",
      "properties": {
        "id": 167,
        "name": "وادي أم الخيل",
        "primary_category": "الأودية ومصباتها",
        "all_categories": "الأودية ومصباتها",
        "description": "",
        "folders": "Untitled layer",
        "source": "اطلس2026.xml",
        "origin": "أطلس ليبيا السياحي 2026",
        "status": "جاهز مبدئياً",
        "geometry_type": "Point",
        "coord_count": 1,
        "source_type": "KML/XML"
      },
      "geometry": {
        "type": "Point",
        "coordinates": [
          23.8412333,
          32.1349564
        ]
      }
    },
    {
      "type": "Feature",
      "properties": {
        "id": 168,
        "name": "وادي أم الرتم",
        "primary_category": "الأودية ومصباتها",
        "all_categories": "الأودية ومصباتها",
        "description": "",
        "folders": "Untitled layer",
        "source": "اطلس2026.xml",
        "origin": "أطلس ليبيا السياحي 2026",
        "status": "جاهز مبدئياً",
        "geometry_type": "Point",
        "coord_count": 1,
        "source_type": "KML/XML"
      },
      "geometry": {
        "type": "Point",
        "coordinates": [
          14.0117121,
          29.2165215
        ]
      }
    },
    {
      "type": "Feature",
      "properties": {
        "id": 169,
        "name": "وادي أم العجرم",
        "primary_category": "الأودية ومصباتها",
        "all_categories": "الأودية ومصباتها",
        "description": "",
        "folders": "Untitled layer",
        "source": "اطلس2026.xml",
        "origin": "أطلس ليبيا السياحي 2026",
        "status": "جاهز مبدئياً",
        "geometry_type": "Point",
        "coord_count": 1,
        "source_type": "KML/XML"
      },
      "geometry": {
        "type": "Point",
        "coordinates": [
          14.5120277777778,
          31.1834166666667
        ]
      }
    },
    {
      "type": "Feature",
      "properties": {
        "id": 170,
        "name": "وادي أم القنديل",
        "primary_category": "الأودية ومصباتها",
        "all_categories": "الأودية ومصباتها",
        "description": "",
        "folders": "Untitled layer",
        "source": "اطلس2026.xml",
        "origin": "أطلس ليبيا السياحي 2026",
        "status": "جاهز مبدئياً",
        "geometry_type": "Point",
        "coord_count": 1,
        "source_type": "KML/XML"
      },
      "geometry": {
        "type": "Point",
        "coordinates": [
          17.7345997,
          30.9027998
        ]
      }
    },
    {
      "type": "Feature",
      "properties": {
        "id": 171,
        "name": "وادي أم عجرم",
        "primary_category": "الأودية ومصباتها",
        "all_categories": "الأودية ومصباتها",
        "description": "",
        "folders": "Untitled layer",
        "source": "اطلس2026.xml",
        "origin": "أطلس ليبيا السياحي 2026",
        "status": "جاهز مبدئياً",
        "geometry_type": "Point",
        "coord_count": 1,
        "source_type": "KML/XML"
      },
      "geometry": {
        "type": "Point",
        "coordinates": [
          14.2680645,
          31.2142329
        ]
      }
    },
    {
      "type": "Feature",
      "properties": {
        "id": 172,
        "name": "وادي أماسين",
        "primary_category": "الأودية ومصباتها",
        "all_categories": "الأودية ومصباتها",
        "description": "",
        "folders": "Untitled layer",
        "source": "اطلس2026.xml",
        "origin": "أطلس ليبيا السياحي 2026",
        "status": "جاهز مبدئياً",
        "geometry_type": "Point",
        "coord_count": 1,
        "source_type": "KML/XML"
      },
      "geometry": {
        "type": "Point",
        "coordinates": [
          9.6449735,
          29.9858929
        ]
      }
    },
    {
      "type": "Feature",
      "properties": {
        "id": 173,
        "name": "وادي أمها",
        "primary_category": "الأودية ومصباتها",
        "all_categories": "الأودية ومصباتها",
        "description": "",
        "folders": "Untitled layer",
        "source": "اطلس2026.xml",
        "origin": "أطلس ليبيا السياحي 2026",
        "status": "جاهز مبدئياً",
        "geometry_type": "Point",
        "coord_count": 1,
        "source_type": "KML/XML"
      },
      "geometry": {
        "type": "Point",
        "coordinates": [
          10.5557155,
          24.7680313
        ]
      }
    },
    {
      "type": "Feature",
      "properties": {
        "id": 174,
        "name": "وادي أنشال",
        "primary_category": "الأودية ومصباتها",
        "all_categories": "الأودية ومصباتها",
        "description": "",
        "folders": "Untitled layer",
        "source": "اطلس2026.xml",
        "origin": "أطلس ليبيا السياحي 2026",
        "status": "جاهز مبدئياً",
        "geometry_type": "Point",
        "coord_count": 1,
        "source_type": "KML/XML"
      },
      "geometry": {
        "type": "Point",
        "coordinates": [
          10.5940819,
          24.9147745
        ]
      }
    },
    {
      "type": "Feature",
      "properties": {
        "id": 175,
        "name": "وادي أنشال",
        "primary_category": "الأودية ومصباتها",
        "all_categories": "الأودية ومصباتها",
        "description": "",
        "folders": "Untitled layer",
        "source": "اطلس2026.xml",
        "origin": "أطلس ليبيا السياحي 2026",
        "status": "جاهز مبدئياً",
        "geometry_type": "Point",
        "coord_count": 1,
        "source_type": "KML/XML"
      },
      "geometry": {
        "type": "Point",
        "coordinates": [
          10.622381,
          24.7065892
        ]
      }
    },
    {
      "type": "Feature",
      "properties": {
        "id": 176,
        "name": "وادي أوال",
        "primary_category": "الأودية ومصباتها",
        "all_categories": "الأودية ومصباتها",
        "description": "",
        "folders": "Untitled layer",
        "source": "اطلس2026.xml",
        "origin": "أطلس ليبيا السياحي 2026",
        "status": "جاهز مبدئياً",
        "geometry_type": "Point",
        "coord_count": 1,
        "source_type": "KML/XML"
      },
      "geometry": {
        "type": "Point",
        "coordinates": [
          10.8981149,
          29.5992123
        ]
      }
    },
    {
      "type": "Feature",
      "properties": {
        "id": 177,
        "name": "وادي أويس",
        "primary_category": "الأودية ومصباتها",
        "all_categories": "الأودية ومصباتها",
        "description": "",
        "folders": "Untitled layer",
        "source": "اطلس2026.xml",
        "origin": "أطلس ليبيا السياحي 2026",
        "status": "جاهز مبدئياً",
        "geometry_type": "Point",
        "coord_count": 1,
        "source_type": "KML/XML"
      },
      "geometry": {
        "type": "Point",
        "coordinates": [
          10.5332279,
          25.336424
        ]
      }
    },
    {
      "type": "Feature",
      "properties": {
        "id": 178,
        "name": "وادي إزغيدة",
        "primary_category": "الأودية ومصباتها",
        "all_categories": "الأودية ومصباتها",
        "description": "",
        "folders": "Untitled layer",
        "source": "اطلس2026.xml",
        "origin": "أطلس ليبيا السياحي 2026",
        "status": "جاهز مبدئياً",
        "geometry_type": "Point",
        "coord_count": 1,
        "source_type": "KML/XML"
      },
      "geometry": {
        "type": "Point",
        "coordinates": [
          14.2754751,
          31.9209385
        ]
      }
    },
    {
      "type": "Feature",
      "properties": {
        "id": 179,
        "name": "وادي ابهوها",
        "primary_category": "الأودية ومصباتها",
        "all_categories": "الأودية ومصباتها",
        "description": "",
        "folders": "Untitled layer",
        "source": "اطلس2026.xml",
        "origin": "أطلس ليبيا السياحي 2026",
        "status": "جاهز مبدئياً",
        "geometry_type": "Point",
        "coord_count": 1,
        "source_type": "KML/XML"
      },
      "geometry": {
        "type": "Point",
        "coordinates": [
          11.5107046,
          25.3950196
        ]
      }
    },
    {
      "type": "Feature",
      "properties": {
        "id": 180,
        "name": "وادي ابيار عاشور بوالمعاوي",
        "primary_category": "الأودية ومصباتها",
        "all_categories": "الأودية ومصباتها",
        "description": "",
        "folders": "Untitled layer",
        "source": "اطلس2026.xml",
        "origin": "أطلس ليبيا السياحي 2026",
        "status": "جاهز مبدئياً",
        "geometry_type": "Point",
        "coord_count": 1,
        "source_type": "KML/XML"
      },
      "geometry": {
        "type": "Point",
        "coordinates": [
          24.6151686,
          31.9915529
        ]
      }
    },
    {
      "type": "Feature",
      "properties": {
        "id": 181,
        "name": "وادي اتينجستين",
        "primary_category": "الأودية ومصباتها",
        "all_categories": "الأودية ومصباتها",
        "description": "",
        "folders": "Untitled layer",
        "source": "اطلس2026.xml",
        "origin": "أطلس ليبيا السياحي 2026",
        "status": "جاهز مبدئياً",
        "geometry_type": "Point",
        "coord_count": 1,
        "source_type": "KML/XML"
      },
      "geometry": {
        "type": "Point",
        "coordinates": [
          12.3271647,
          26.3531443
        ]
      }
    },
    {
      "type": "Feature",
      "properties": {
        "id": 182,
        "name": "وادي ادرار",
        "primary_category": "الأودية ومصباتها",
        "all_categories": "الأودية ومصباتها",
        "description": "يحتوي الوادي على نقوس من فترات ماقبل التاريخ",
        "folders": "Untitled layer",
        "source": "اطلس2026.xml",
        "origin": "أطلس ليبيا السياحي 2026",
        "status": "جاهز مبدئياً",
        "geometry_type": "Point",
        "coord_count": 1,
        "source_type": "KML/XML"
      },
      "geometry": {
        "type": "Point",
        "coordinates": [
          13.7054443,
          27.5615474
        ]
      }
    },
    {
      "type": "Feature",
      "properties": {
        "id": 183,
        "name": "وادي ادرنجلكو",
        "primary_category": "الأودية ومصباتها",
        "all_categories": "الأودية ومصباتها",
        "description": "",
        "folders": "Untitled layer",
        "source": "اطلس2026.xml",
        "origin": "أطلس ليبيا السياحي 2026",
        "status": "جاهز مبدئياً",
        "geometry_type": "Point",
        "coord_count": 1,
        "source_type": "KML/XML"
      },
      "geometry": {
        "type": "Point",
        "coordinates": [
          10.33529,
          25.1226
        ]
      }
    },
    {
      "type": "Feature",
      "properties": {
        "id": 184,
        "name": "وادي ادروه",
        "primary_category": "الأودية ومصباتها",
        "all_categories": "الأودية ومصباتها",
        "description": "",
        "folders": "Untitled layer",
        "source": "اطلس2026.xml",
        "origin": "أطلس ليبيا السياحي 2026",
        "status": "جاهز مبدئياً",
        "geometry_type": "Point",
        "coord_count": 1,
        "source_type": "KML/XML"
      },
      "geometry": {
        "type": "Point",
        "coordinates": [
          12.29285,
          26.159137
        ]
      }
    },
    {
      "type": "Feature",
      "properties": {
        "id": 185,
        "name": "وادي ادس",
        "primary_category": "الأودية ومصباتها",
        "all_categories": "الأودية ومصباتها",
        "description": "",
        "folders": "Untitled layer",
        "source": "اطلس2026.xml",
        "origin": "أطلس ليبيا السياحي 2026",
        "status": "جاهز مبدئياً",
        "geometry_type": "Point",
        "coord_count": 1,
        "source_type": "KML/XML"
      },
      "geometry": {
        "type": "Point",
        "coordinates": [
          14.3397222222222,
          31.0455555555556
        ]
      }
    },
    {
      "type": "Feature",
      "properties": {
        "id": 186,
        "name": "وادي ارار",
        "primary_category": "الأودية ومصباتها",
        "all_categories": "الأودية ومصباتها",
        "description": "",
        "folders": "Untitled layer",
        "source": "اطلس2026.xml",
        "origin": "أطلس ليبيا السياحي 2026",
        "status": "جاهز مبدئياً",
        "geometry_type": "Point",
        "coord_count": 1,
        "source_type": "KML/XML"
      },
      "geometry": {
        "type": "Point",
        "coordinates": [
          12.500445,
          26.411639
        ]
      }
    },
    {
      "type": "Feature",
      "properties": {
        "id": 187,
        "name": "وادي ارفيد",
        "primary_category": "الأودية ومصباتها",
        "all_categories": "الأودية ومصباتها",
        "description": "",
        "folders": "Untitled layer",
        "source": "اطلس2026.xml",
        "origin": "أطلس ليبيا السياحي 2026",
        "status": "جاهز مبدئياً",
        "geometry_type": "Point",
        "coord_count": 1,
        "source_type": "KML/XML"
      },
      "geometry": {
        "type": "Point",
        "coordinates": [
          22.470583,
          32.773433
        ]
      }
    },
    {
      "type": "Feature",
      "properties": {
        "id": 188,
        "name": "وادي استوة",
        "primary_category": "الأودية ومصباتها",
        "all_categories": "الأودية ومصباتها",
        "description": "",
        "folders": "Untitled layer",
        "source": "اطلس2026.xml",
        "origin": "أطلس ليبيا السياحي 2026",
        "status": "جاهز مبدئياً",
        "geometry_type": "Point",
        "coord_count": 1,
        "source_type": "KML/XML"
      },
      "geometry": {
        "type": "Point",
        "coordinates": [
          21.6678071,
          32.9288414
        ]
      }
    },
    {
      "type": "Feature",
      "properties": {
        "id": 189,
        "name": "وادي استوة",
        "primary_category": "الأودية ومصباتها",
        "all_categories": "الأودية ومصباتها",
        "description": "",
        "folders": "Untitled layer",
        "source": "اطلس2026.xml",
        "origin": "أطلس ليبيا السياحي 2026",
        "status": "جاهز مبدئياً",
        "geometry_type": "Point",
        "coord_count": 1,
        "source_type": "KML/XML"
      },
      "geometry": {
        "type": "Point",
        "coordinates": [
          22.1008873,
          32.8663232
        ]
      }
    },
    {
      "type": "Feature",
      "properties": {
        "id": 190,
        "name": "وادي اشكربة",
        "primary_category": "الأودية ومصباتها",
        "all_categories": "الأودية ومصباتها",
        "description": "",
        "folders": "Untitled layer",
        "source": "اطلس2026.xml",
        "origin": "أطلس ليبيا السياحي 2026",
        "status": "جاهز مبدئياً",
        "geometry_type": "Point",
        "coord_count": 1,
        "source_type": "KML/XML"
      },
      "geometry": {
        "type": "Point",
        "coordinates": [
          24.3144608,
          31.9984682
        ]
      }
    },
    {
      "type": "Feature",
      "properties": {
        "id": 191,
        "name": "وادي اشيرما",
        "primary_category": "الأودية ومصباتها",
        "all_categories": "الأودية ومصباتها",
        "description": "",
        "folders": "Untitled layer",
        "source": "اطلس2026.xml",
        "origin": "أطلس ليبيا السياحي 2026",
        "status": "جاهز مبدئياً",
        "geometry_type": "Point",
        "coord_count": 1,
        "source_type": "KML/XML"
      },
      "geometry": {
        "type": "Point",
        "coordinates": [
          10.06232,
          27.00633
        ]
      }
    },
    {
      "type": "Feature",
      "properties": {
        "id": 192,
        "name": "وادي اطبيريق",
        "primary_category": "الأودية ومصباتها",
        "all_categories": "الأودية ومصباتها",
        "description": "",
        "folders": "Untitled layer",
        "source": "اطلس2026.xml",
        "origin": "أطلس ليبيا السياحي 2026",
        "status": "جاهز مبدئياً",
        "geometry_type": "Point",
        "coord_count": 1,
        "source_type": "KML/XML"
      },
      "geometry": {
        "type": "Point",
        "coordinates": [
          23.9109063,
          32.1095144
        ]
      }
    },
    {
      "type": "Feature",
      "properties": {
        "id": 193,
        "name": "وادي اغلاد",
        "primary_category": "الأودية ومصباتها",
        "all_categories": "الأودية ومصباتها",
        "description": "",
        "folders": "Untitled layer",
        "source": "اطلس2026.xml",
        "origin": "أطلس ليبيا السياحي 2026",
        "status": "جاهز مبدئياً",
        "geometry_type": "Point",
        "coord_count": 1,
        "source_type": "KML/XML"
      },
      "geometry": {
        "type": "Point",
        "coordinates": [
          10.1298649,
          25.0748694
        ]
      }
    },
    {
      "type": "Feature",
      "properties": {
        "id": 194,
        "name": "وادي اكيسومين",
        "primary_category": "الأودية ومصباتها",
        "all_categories": "الأودية ومصباتها",
        "description": "",
        "folders": "Untitled layer",
        "source": "اطلس2026.xml",
        "origin": "أطلس ليبيا السياحي 2026",
        "status": "جاهز مبدئياً",
        "geometry_type": "Point",
        "coord_count": 1,
        "source_type": "KML/XML"
      },
      "geometry": {
        "type": "Point",
        "coordinates": [
          10.69253,
          25.22895
        ]
      }
    },
    {
      "type": "Feature",
      "properties": {
        "id": 195,
        "name": "وادي الأثرون",
        "primary_category": "الأودية ومصباتها",
        "all_categories": "الأودية ومصباتها",
        "description": "",
        "folders": "Untitled layer",
        "source": "اطلس2026.xml",
        "origin": "أطلس ليبيا السياحي 2026",
        "status": "جاهز مبدئياً",
        "geometry_type": "Point",
        "coord_count": 1,
        "source_type": "KML/XML"
      },
      "geometry": {
        "type": "Point",
        "coordinates": [
          22.284597,
          32.8719799
        ]
      }
    },
    {
      "type": "Feature",
      "properties": {
        "id": 196,
        "name": "وادي الأنصار",
        "primary_category": "الأودية ومصباتها",
        "all_categories": "الأودية ومصباتها",
        "description": "",
        "folders": "Untitled layer",
        "source": "اطلس2026.xml",
        "origin": "أطلس ليبيا السياحي 2026",
        "status": "جاهز مبدئياً",
        "geometry_type": "Point",
        "coord_count": 1,
        "source_type": "KML/XML"
      },
      "geometry": {
        "type": "Point",
        "coordinates": [
          13.0278549,
          26.4120931
        ]
      }
    },
    {
      "type": "Feature",
      "properties": {
        "id": 197,
        "name": "وادي الانجيل",
        "primary_category": "الأودية ومصباتها",
        "all_categories": "الأودية ومصباتها",
        "description": "",
        "folders": "Untitled layer",
        "source": "اطلس2026.xml",
        "origin": "أطلس ليبيا السياحي 2026",
        "status": "جاهز مبدئياً",
        "geometry_type": "Point",
        "coord_count": 1,
        "source_type": "KML/XML"
      },
      "geometry": {
        "type": "Point",
        "coordinates": [
          22.4158442,
          32.8384308
        ]
      }
    },
    {
      "type": "Feature",
      "properties": {
        "id": 198,
        "name": "وادي الباب",
        "primary_category": "الأودية ومصباتها",
        "all_categories": "الأودية ومصباتها",
        "description": "",
        "folders": "Untitled layer",
        "source": "اطلس2026.xml",
        "origin": "أطلس ليبيا السياحي 2026",
        "status": "جاهز مبدئياً",
        "geometry_type": "Point",
        "coord_count": 1,
        "source_type": "KML/XML"
      },
      "geometry": {
        "type": "Point",
        "coordinates": [
          20.5284691,
          31.5685539
        ]
      }
    },
    {
      "type": "Feature",
      "properties": {
        "id": 199,
        "name": "وادي الباكور",
        "primary_category": "الأودية ومصباتها",
        "all_categories": "الأودية ومصباتها",
        "description": "",
        "folders": "Untitled layer",
        "source": "اطلس2026.xml",
        "origin": "أطلس ليبيا السياحي 2026",
        "status": "جاهز مبدئياً",
        "geometry_type": "Point",
        "coord_count": 1,
        "source_type": "KML/XML"
      },
      "geometry": {
        "type": "Point",
        "coordinates": [
          20.6174821,
          32.5148211
        ]
      }
    },
    {
      "type": "Feature",
      "properties": {
        "id": 200,
        "name": "وادي البرك",
        "primary_category": "الأودية ومصباتها",
        "all_categories": "الأودية ومصباتها؛ البرك والبلطات والقلتات",
        "description": "",
        "folders": "Untitled layer",
        "source": "اطلس2026.xml",
        "origin": "أطلس ليبيا السياحي 2026",
        "status": "جاهز مبدئياً",
        "geometry_type": "Point",
        "coord_count": 1,
        "source_type": "KML/XML"
      },
      "geometry": {
        "type": "Point",
        "coordinates": [
          21.426434,
          32.6425168
        ]
      }
    },
    {
      "type": "Feature",
      "properties": {
        "id": 201,
        "name": "وادي البغار",
        "primary_category": "الأودية ومصباتها",
        "all_categories": "الأودية ومصباتها",
        "description": "",
        "folders": "Untitled layer",
        "source": "اطلس2026.xml",
        "origin": "أطلس ليبيا السياحي 2026",
        "status": "جاهز مبدئياً",
        "geometry_type": "Point",
        "coord_count": 1,
        "source_type": "KML/XML"
      },
      "geometry": {
        "type": "Point",
        "coordinates": [
          20.3460886,
          31.9182653
        ]
      }
    },
    {
      "type": "Feature",
      "properties": {
        "id": 202,
        "name": "وادي البلاطة",
        "primary_category": "الأودية ومصباتها",
        "all_categories": "الأودية ومصباتها",
        "description": "",
        "folders": "Untitled layer",
        "source": "اطلس2026.xml",
        "origin": "أطلس ليبيا السياحي 2026",
        "status": "جاهز مبدئياً",
        "geometry_type": "Point",
        "coord_count": 1,
        "source_type": "KML/XML"
      },
      "geometry": {
        "type": "Point",
        "coordinates": [
          24.0235666666667,
          25.3068555555556
        ]
      }
    },
    {
      "type": "Feature",
      "properties": {
        "id": 203,
        "name": "وادي البنت",
        "primary_category": "الأودية ومصباتها",
        "all_categories": "الأودية ومصباتها",
        "description": "",
        "folders": "Untitled layer",
        "source": "اطلس2026.xml",
        "origin": "أطلس ليبيا السياحي 2026",
        "status": "جاهز مبدئياً",
        "geometry_type": "Point",
        "coord_count": 1,
        "source_type": "KML/XML"
      },
      "geometry": {
        "type": "Point",
        "coordinates": [
          22.6859093,
          32.74397
        ]
      }
    },
    {
      "type": "Feature",
      "properties": {
        "id": 204,
        "name": "وادي البنية",
        "primary_category": "الأودية ومصباتها",
        "all_categories": "الأودية ومصباتها",
        "description": "",
        "folders": "Untitled layer",
        "source": "اطلس2026.xml",
        "origin": "أطلس ليبيا السياحي 2026",
        "status": "جاهز مبدئياً",
        "geometry_type": "Point",
        "coord_count": 1,
        "source_type": "KML/XML"
      },
      "geometry": {
        "type": "Point",
        "coordinates": [
          13.5340405,
          31.7402849
        ]
      }
    },
    {
      "type": "Feature",
      "properties": {
        "id": 205,
        "name": "وادي التمالسة",
        "primary_category": "الأودية ومصباتها",
        "all_categories": "الأودية ومصباتها",
        "description": "",
        "folders": "Untitled layer",
        "source": "اطلس2026.xml",
        "origin": "أطلس ليبيا السياحي 2026",
        "status": "جاهز مبدئياً",
        "geometry_type": "Point",
        "coord_count": 1,
        "source_type": "KML/XML"
      },
      "geometry": {
        "type": "Point",
        "coordinates": [
          14.0664638,
          31.8960016
        ]
      }
    },
    {
      "type": "Feature",
      "properties": {
        "id": 206,
        "name": "وادي التميمي",
        "primary_category": "الأودية ومصباتها",
        "all_categories": "الأودية ومصباتها",
        "description": "",
        "folders": "Untitled layer",
        "source": "اطلس2026.xml",
        "origin": "أطلس ليبيا السياحي 2026",
        "status": "جاهز مبدئياً",
        "geometry_type": "Point",
        "coord_count": 1,
        "source_type": "KML/XML"
      },
      "geometry": {
        "type": "Point",
        "coordinates": [
          23.0803871,
          32.3429864
        ]
      }
    },
    {
      "type": "Feature",
      "properties": {
        "id": 207,
        "name": "وادي التميمي",
        "primary_category": "الأودية ومصباتها",
        "all_categories": "الأودية ومصباتها",
        "description": "",
        "folders": "Untitled layer",
        "source": "اطلس2026.xml",
        "origin": "أطلس ليبيا السياحي 2026",
        "status": "جاهز مبدئياً",
        "geometry_type": "Point",
        "coord_count": 1,
        "source_type": "KML/XML"
      },
      "geometry": {
        "type": "Point",
        "coordinates": [
          23.036698,
          32.3119974
        ]
      }
    },
    {
      "type": "Feature",
      "properties": {
        "id": 208,
        "name": "وادي الثابت",
        "primary_category": "الأودية ومصباتها",
        "all_categories": "الأودية ومصباتها",
        "description": "",
        "folders": "Untitled layer",
        "source": "اطلس2026.xml",
        "origin": "أطلس ليبيا السياحي 2026",
        "status": "جاهز مبدئياً",
        "geometry_type": "Point",
        "coord_count": 1,
        "source_type": "KML/XML"
      },
      "geometry": {
        "type": "Point",
        "coordinates": [
          25.0293384,
          31.8502091
        ]
      }
    },
    {
      "type": "Feature",
      "properties": {
        "id": 209,
        "name": "وادي الجبالي",
        "primary_category": "الأودية ومصباتها",
        "all_categories": "الأودية ومصباتها",
        "description": "",
        "folders": "Untitled layer",
        "source": "اطلس2026.xml",
        "origin": "أطلس ليبيا السياحي 2026",
        "status": "جاهز مبدئياً",
        "geometry_type": "Point",
        "coord_count": 1,
        "source_type": "KML/XML"
      },
      "geometry": {
        "type": "Point",
        "coordinates": [
          24.1515756,
          32.0045096
        ]
      }
    },
    {
      "type": "Feature",
      "properties": {
        "id": 210,
        "name": "وادي الجيفة",
        "primary_category": "الأودية ومصباتها",
        "all_categories": "الأودية ومصباتها",
        "description": "",
        "folders": "Untitled layer",
        "source": "اطلس2026.xml",
        "origin": "أطلس ليبيا السياحي 2026",
        "status": "جاهز مبدئياً",
        "geometry_type": "Point",
        "coord_count": 1,
        "source_type": "KML/XML"
      },
      "geometry": {
        "type": "Point",
        "coordinates": [
          13.9073643,
          31.6147526
        ]
      }
    },
    {
      "type": "Feature",
      "properties": {
        "id": 211,
        "name": "وادي الجيفة",
        "primary_category": "الأودية ومصباتها",
        "all_categories": "الأودية ومصباتها",
        "description": "",
        "folders": "Untitled layer",
        "source": "اطلس2026.xml",
        "origin": "أطلس ليبيا السياحي 2026",
        "status": "جاهز مبدئياً",
        "geometry_type": "Point",
        "coord_count": 1,
        "source_type": "KML/XML"
      },
      "geometry": {
        "type": "Point",
        "coordinates": [
          13.9607048,
          31.6196205
        ]
      }
    },
    {
      "type": "Feature",
      "properties": {
        "id": 212,
        "name": "وادي الحاج",
        "primary_category": "الأودية ومصباتها",
        "all_categories": "الأودية ومصباتها",
        "description": "",
        "folders": "Untitled layer",
        "source": "اطلس2026.xml",
        "origin": "أطلس ليبيا السياحي 2026",
        "status": "جاهز مبدئياً",
        "geometry_type": "Point",
        "coord_count": 1,
        "source_type": "KML/XML"
      },
      "geometry": {
        "type": "Point",
        "coordinates": [
          22.1804507,
          32.8889071
        ]
      }
    },
    {
      "type": "Feature",
      "properties": {
        "id": 213,
        "name": "وادي الحاد",
        "primary_category": "الأودية ومصباتها",
        "all_categories": "الأودية ومصباتها",
        "description": "",
        "folders": "Untitled layer",
        "source": "اطلس2026.xml",
        "origin": "أطلس ليبيا السياحي 2026",
        "status": "جاهز مبدئياً",
        "geometry_type": "Point",
        "coord_count": 1,
        "source_type": "KML/XML"
      },
      "geometry": {
        "type": "Point",
        "coordinates": [
          17.9653931,
          26.3324992
        ]
      }
    },
    {
      "type": "Feature",
      "properties": {
        "id": 214,
        "name": "وادي الحتوة",
        "primary_category": "الأودية ومصباتها",
        "all_categories": "الأودية ومصباتها",
        "description": "",
        "folders": "Untitled layer",
        "source": "اطلس2026.xml",
        "origin": "أطلس ليبيا السياحي 2026",
        "status": "جاهز مبدئياً",
        "geometry_type": "Point",
        "coord_count": 1,
        "source_type": "KML/XML"
      },
      "geometry": {
        "type": "Point",
        "coordinates": [
          24.8074722,
          31.989733
        ]
      }
    },
    {
      "type": "Feature",
      "properties": {
        "id": 215,
        "name": "وادي الحجيانية",
        "primary_category": "الأودية ومصباتها",
        "all_categories": "الأودية ومصباتها",
        "description": "",
        "folders": "Untitled layer",
        "source": "اطلس2026.xml",
        "origin": "أطلس ليبيا السياحي 2026",
        "status": "جاهز مبدئياً",
        "geometry_type": "Point",
        "coord_count": 1,
        "source_type": "KML/XML"
      },
      "geometry": {
        "type": "Point",
        "coordinates": [
          24.3033881,
          31.9977041
        ]
      }
    },
    {
      "type": "Feature",
      "properties": {
        "id": 216,
        "name": "وادي الحريقة",
        "primary_category": "الأودية ومصباتها",
        "all_categories": "الأودية ومصباتها",
        "description": "وادي الحريقة",
        "folders": "Untitled layer",
        "source": "اطلس2026.xml",
        "origin": "أطلس ليبيا السياحي 2026",
        "status": "جاهز مبدئياً",
        "geometry_type": "Point",
        "coord_count": 1,
        "source_type": "KML/XML"
      },
      "geometry": {
        "type": "Point",
        "coordinates": [
          25.0721741,
          31.7871352
        ]
      }
    },
    {
      "type": "Feature",
      "properties": {
        "id": 217,
        "name": "وادي الحريقة",
        "primary_category": "الأودية ومصباتها",
        "all_categories": "الأودية ومصباتها",
        "description": "",
        "folders": "Untitled layer",
        "source": "اطلس2026.xml",
        "origin": "أطلس ليبيا السياحي 2026",
        "status": "جاهز مبدئياً",
        "geometry_type": "Point",
        "coord_count": 1,
        "source_type": "KML/XML"
      },
      "geometry": {
        "type": "Point",
        "coordinates": [
          24.47505,
          31.9892234
        ]
      }
    },
    {
      "type": "Feature",
      "properties": {
        "id": 218,
        "name": "وادي الحسون أو وادي بن جبارة",
        "primary_category": "الأودية ومصباتها",
        "all_categories": "الأودية ومصباتها",
        "description": "",
        "folders": "Untitled layer",
        "source": "اطلس2026.xml",
        "origin": "أطلس ليبيا السياحي 2026",
        "status": "جاهز مبدئياً",
        "geometry_type": "Point",
        "coord_count": 1,
        "source_type": "KML/XML"
      },
      "geometry": {
        "type": "Point",
        "coordinates": [
          13.9916667,
          32.7413889
        ]
      }
    },
    {
      "type": "Feature",
      "properties": {
        "id": 219,
        "name": "وادي الحصير",
        "primary_category": "الأودية ومصباتها",
        "all_categories": "الأودية ومصباتها",
        "description": "",
        "folders": "Untitled layer",
        "source": "اطلس2026.xml",
        "origin": "أطلس ليبيا السياحي 2026",
        "status": "جاهز مبدئياً",
        "geometry_type": "Point",
        "coord_count": 1,
        "source_type": "KML/XML"
      },
      "geometry": {
        "type": "Point",
        "coordinates": [
          24.1257777777778,
          32.00625
        ]
      }
    },
    {
      "type": "Feature",
      "properties": {
        "id": 220,
        "name": "وادي الحصين",
        "primary_category": "الأودية ومصباتها",
        "all_categories": "الأودية ومصباتها",
        "description": "",
        "folders": "Untitled layer",
        "source": "اطلس2026.xml",
        "origin": "أطلس ليبيا السياحي 2026",
        "status": "جاهز مبدئياً",
        "geometry_type": "Point",
        "coord_count": 1,
        "source_type": "KML/XML"
      },
      "geometry": {
        "type": "Point",
        "coordinates": [
          22.0717692,
          32.9096222
        ]
      }
    },
    {
      "type": "Feature",
      "properties": {
        "id": 221,
        "name": "وادي الحلشوف",
        "primary_category": "الأودية ومصباتها",
        "all_categories": "الأودية ومصباتها",
        "description": "",
        "folders": "Untitled layer",
        "source": "اطلس2026.xml",
        "origin": "أطلس ليبيا السياحي 2026",
        "status": "جاهز مبدئياً",
        "geometry_type": "Point",
        "coord_count": 1,
        "source_type": "KML/XML"
      },
      "geometry": {
        "type": "Point",
        "coordinates": [
          22.0553541,
          32.9059111
        ]
      }
    },
    {
      "type": "Feature",
      "properties": {
        "id": 222,
        "name": "وادي الحلفاوي",
        "primary_category": "الأودية ومصباتها",
        "all_categories": "الأودية ومصباتها",
        "description": "",
        "folders": "Untitled layer",
        "source": "اطلس2026.xml",
        "origin": "أطلس ليبيا السياحي 2026",
        "status": "جاهز مبدئياً",
        "geometry_type": "Point",
        "coord_count": 1,
        "source_type": "KML/XML"
      },
      "geometry": {
        "type": "Point",
        "coordinates": [
          13.7763595,
          31.8633329
        ]
      }
    },
    {
      "type": "Feature",
      "properties": {
        "id": 223,
        "name": "وادي الحمر",
        "primary_category": "الأودية ومصباتها",
        "all_categories": "الأودية ومصباتها",
        "description": "",
        "folders": "Untitled layer",
        "source": "اطلس2026.xml",
        "origin": "أطلس ليبيا السياحي 2026",
        "status": "جاهز مبدئياً",
        "geometry_type": "Point",
        "coord_count": 1,
        "source_type": "KML/XML"
      },
      "geometry": {
        "type": "Point",
        "coordinates": [
          25.1232664,
          31.722822
        ]
      }
    },
    {
      "type": "Feature",
      "properties": {
        "id": 224,
        "name": "وادي الحميرا",
        "primary_category": "الأودية ومصباتها",
        "all_categories": "الأودية ومصباتها",
        "description": "",
        "folders": "Untitled layer",
        "source": "اطلس2026.xml",
        "origin": "أطلس ليبيا السياحي 2026",
        "status": "جاهز مبدئياً",
        "geometry_type": "Point",
        "coord_count": 1,
        "source_type": "KML/XML"
      },
      "geometry": {
        "type": "Point",
        "coordinates": [
          24.4624114,
          31.9886047
        ]
      }
    },
    {
      "type": "Feature",
      "properties": {
        "id": 225,
        "name": "وادي الحنش",
        "primary_category": "الأودية ومصباتها",
        "all_categories": "الأودية ومصباتها",
        "description": "",
        "folders": "Untitled layer",
        "source": "اطلس2026.xml",
        "origin": "أطلس ليبيا السياحي 2026",
        "status": "جاهز مبدئياً",
        "geometry_type": "Point",
        "coord_count": 1,
        "source_type": "KML/XML"
      },
      "geometry": {
        "type": "Point",
        "coordinates": [
          21.5514232,
          32.8539098
        ]
      }
    },
    {
      "type": "Feature",
      "properties": {
        "id": 226,
        "name": "وادي الحنيوة",
        "primary_category": "الأودية ومصباتها",
        "all_categories": "الأودية ومصباتها",
        "description": "",
        "folders": "Untitled layer",
        "source": "اطلس2026.xml",
        "origin": "أطلس ليبيا السياحي 2026",
        "status": "جاهز مبدئياً",
        "geometry_type": "Point",
        "coord_count": 1,
        "source_type": "KML/XML"
      },
      "geometry": {
        "type": "Point",
        "coordinates": [
          17.0330556,
          31.1525
        ]
      }
    },
    {
      "type": "Feature",
      "properties": {
        "id": 227,
        "name": "وادي الحنيوة",
        "primary_category": "الأودية ومصباتها",
        "all_categories": "الأودية ومصباتها",
        "description": "",
        "folders": "Untitled layer",
        "source": "اطلس2026.xml",
        "origin": "أطلس ليبيا السياحي 2026",
        "status": "جاهز مبدئياً",
        "geometry_type": "Point",
        "coord_count": 1,
        "source_type": "KML/XML"
      },
      "geometry": {
        "type": "Point",
        "coordinates": [
          16.9877185,
          31.1098164
        ]
      }
    },
    {
      "type": "Feature",
      "properties": {
        "id": 228,
        "name": "وادي الخبطة",
        "primary_category": "الأودية ومصباتها",
        "all_categories": "الأودية ومصباتها",
        "description": "",
        "folders": "Untitled layer",
        "source": "اطلس2026.xml",
        "origin": "أطلس ليبيا السياحي 2026",
        "status": "جاهز مبدئياً",
        "geometry_type": "Point",
        "coord_count": 1,
        "source_type": "KML/XML"
      },
      "geometry": {
        "type": "Point",
        "coordinates": [
          22.9255593,
          32.6658331
        ]
      }
    },
    {
      "type": "Feature",
      "properties": {
        "id": 229,
        "name": "وادي الخبيري",
        "primary_category": "الأودية ومصباتها",
        "all_categories": "الأودية ومصباتها",
        "description": "",
        "folders": "Untitled layer",
        "source": "اطلس2026.xml",
        "origin": "أطلس ليبيا السياحي 2026",
        "status": "جاهز مبدئياً",
        "geometry_type": "Point",
        "coord_count": 1,
        "source_type": "KML/XML"
      },
      "geometry": {
        "type": "Point",
        "coordinates": [
          24.7467041,
          32.0106961
        ]
      }
    },
    {
      "type": "Feature",
      "properties": {
        "id": 230,
        "name": "وادي الدبوسية",
        "primary_category": "الأودية ومصباتها",
        "all_categories": "الأودية ومصباتها",
        "description": "",
        "folders": "Untitled layer",
        "source": "اطلس2026.xml",
        "origin": "أطلس ليبيا السياحي 2026",
        "status": "جاهز مبدئياً",
        "geometry_type": "Point",
        "coord_count": 1,
        "source_type": "KML/XML"
      },
      "geometry": {
        "type": "Point",
        "coordinates": [
          22.276111111111,
          32.8477777777778
        ]
      }
    },
    {
      "type": "Feature",
      "properties": {
        "id": 231,
        "name": "وادي الدكيكين",
        "primary_category": "الأودية ومصباتها",
        "all_categories": "الأودية ومصباتها",
        "description": "",
        "folders": "Untitled layer",
        "source": "اطلس2026.xml",
        "origin": "أطلس ليبيا السياحي 2026",
        "status": "جاهز مبدئياً",
        "geometry_type": "Point",
        "coord_count": 1,
        "source_type": "KML/XML"
      },
      "geometry": {
        "type": "Point",
        "coordinates": [
          21.5071416,
          32.8064565
        ]
      }
    },
    {
      "type": "Feature",
      "properties": {
        "id": 232,
        "name": "وادي الدومة",
        "primary_category": "الأودية ومصباتها",
        "all_categories": "الأودية ومصباتها",
        "description": "",
        "folders": "Untitled layer",
        "source": "اطلس2026.xml",
        "origin": "أطلس ليبيا السياحي 2026",
        "status": "جاهز مبدئياً",
        "geometry_type": "Point",
        "coord_count": 1,
        "source_type": "KML/XML"
      },
      "geometry": {
        "type": "Point",
        "coordinates": [
          24.3887472,
          31.990006
        ]
      }
    },
    {
      "type": "Feature",
      "properties": {
        "id": 233,
        "name": "وادي الديلة",
        "primary_category": "الأودية ومصباتها",
        "all_categories": "الأودية ومصباتها",
        "description": "",
        "folders": "Untitled layer",
        "source": "اطلس2026.xml",
        "origin": "أطلس ليبيا السياحي 2026",
        "status": "جاهز مبدئياً",
        "geometry_type": "Point",
        "coord_count": 1,
        "source_type": "KML/XML"
      },
      "geometry": {
        "type": "Point",
        "coordinates": [
          24.0587282,
          32.0224493
        ]
      }
    },
    {
      "type": "Feature",
      "properties": {
        "id": 234,
        "name": "وادي الذبان",
        "primary_category": "الأودية ومصباتها",
        "all_categories": "الأودية ومصباتها",
        "description": "",
        "folders": "Untitled layer",
        "source": "اطلس2026.xml",
        "origin": "أطلس ليبيا السياحي 2026",
        "status": "جاهز مبدئياً",
        "geometry_type": "Point",
        "coord_count": 1,
        "source_type": "KML/XML"
      },
      "geometry": {
        "type": "Point",
        "coordinates": [
          23.0311194444445,
          32.6497805555556
        ]
      }
    },
    {
      "type": "Feature",
      "properties": {
        "id": 235,
        "name": "وادي الذهب",
        "primary_category": "الأودية ومصباتها",
        "all_categories": "الأودية ومصباتها",
        "description": "",
        "folders": "Untitled layer",
        "source": "اطلس2026.xml",
        "origin": "أطلس ليبيا السياحي 2026",
        "status": "جاهز مبدئياً",
        "geometry_type": "Point",
        "coord_count": 1,
        "source_type": "KML/XML"
      },
      "geometry": {
        "type": "Point",
        "coordinates": [
          16.9410736,
          26.5969303
        ]
      }
    },
    {
      "type": "Feature",
      "properties": {
        "id": 236,
        "name": "وادي الذيب",
        "primary_category": "الأودية ومصباتها",
        "all_categories": "الأودية ومصباتها",
        "description": "",
        "folders": "Untitled layer",
        "source": "اطلس2026.xml",
        "origin": "أطلس ليبيا السياحي 2026",
        "status": "جاهز مبدئياً",
        "geometry_type": "Point",
        "coord_count": 1,
        "source_type": "KML/XML"
      },
      "geometry": {
        "type": "Point",
        "coordinates": [
          24.8665228,
          31.88623
        ]
      }
    },
    {
      "type": "Feature",
      "properties": {
        "id": 237,
        "name": "وادي الراهب",
        "primary_category": "الأودية ومصباتها",
        "all_categories": "الأودية ومصباتها",
        "description": "وادي الراهب",
        "folders": "Untitled layer",
        "source": "اطلس2026.xml",
        "origin": "أطلس ليبيا السياحي 2026",
        "status": "جاهز مبدئياً",
        "geometry_type": "Point",
        "coord_count": 1,
        "source_type": "KML/XML"
      },
      "geometry": {
        "type": "Point",
        "coordinates": [
          25.0594712,
          31.801461
        ]
      }
    },
    {
      "type": "Feature",
      "properties": {
        "id": 238,
        "name": "وادي الرحيب",
        "primary_category": "الأودية ومصباتها",
        "all_categories": "الأودية ومصباتها",
        "description": "وادي الرحيب",
        "folders": "Untitled layer",
        "source": "اطلس2026.xml",
        "origin": "أطلس ليبيا السياحي 2026",
        "status": "جاهز مبدئياً",
        "geometry_type": "Point",
        "coord_count": 1,
        "source_type": "KML/XML"
      },
      "geometry": {
        "type": "Point",
        "coordinates": [
          25.062561,
          31.7974945
        ]
      }
    },
    {
      "type": "Feature",
      "properties": {
        "id": 239,
        "name": "وادي الرحيب",
        "primary_category": "الأودية ومصباتها",
        "all_categories": "الأودية ومصباتها",
        "description": "",
        "folders": "Untitled layer",
        "source": "اطلس2026.xml",
        "origin": "أطلس ليبيا السياحي 2026",
        "status": "جاهز مبدئياً",
        "geometry_type": "Point",
        "coord_count": 1,
        "source_type": "KML/XML"
      },
      "geometry": {
        "type": "Point",
        "coordinates": [
          24.4243026,
          31.9897512
        ]
      }
    },
    {
      "type": "Feature",
      "properties": {
        "id": 240,
        "name": "وادي الرمان",
        "primary_category": "الأودية ومصباتها",
        "all_categories": "الأودية ومصباتها",
        "description": "",
        "folders": "Untitled layer",
        "source": "اطلس2026.xml",
        "origin": "أطلس ليبيا السياحي 2026",
        "status": "جاهز مبدئياً",
        "geometry_type": "Point",
        "coord_count": 1,
        "source_type": "KML/XML"
      },
      "geometry": {
        "type": "Point",
        "coordinates": [
          21.1004721,
          32.7665765
        ]
      }
    },
    {
      "type": "Feature",
      "properties": {
        "id": 241,
        "name": "وادي الرملة",
        "primary_category": "الأودية ومصباتها",
        "all_categories": "الأودية ومصباتها",
        "description": "",
        "folders": "Untitled layer",
        "source": "اطلس2026.xml",
        "origin": "أطلس ليبيا السياحي 2026",
        "status": "جاهز مبدئياً",
        "geometry_type": "Point",
        "coord_count": 1,
        "source_type": "KML/XML"
      },
      "geometry": {
        "type": "Point",
        "coordinates": [
          22.239418,
          32.3795266
        ]
      }
    },
    {
      "type": "Feature",
      "properties": {
        "id": 242,
        "name": "وادي الزيتون",
        "primary_category": "الأودية ومصباتها",
        "all_categories": "الأودية ومصباتها",
        "description": "",
        "folders": "Untitled layer",
        "source": "اطلس2026.xml",
        "origin": "أطلس ليبيا السياحي 2026",
        "status": "جاهز مبدئياً",
        "geometry_type": "Point",
        "coord_count": 1,
        "source_type": "KML/XML"
      },
      "geometry": {
        "type": "Point",
        "coordinates": [
          24.9876305555556,
          31.77265
        ]
      }
    },
    {
      "type": "Feature",
      "properties": {
        "id": 243,
        "name": "وادي الزيتون",
        "primary_category": "الأودية ومصباتها",
        "all_categories": "الأودية ومصباتها",
        "description": "",
        "folders": "Untitled layer",
        "source": "اطلس2026.xml",
        "origin": "أطلس ليبيا السياحي 2026",
        "status": "جاهز مبدئياً",
        "geometry_type": "Point",
        "coord_count": 1,
        "source_type": "KML/XML"
      },
      "geometry": {
        "type": "Point",
        "coordinates": [
          14.6408521,
          32.2321088
        ]
      }
    },
    {
      "type": "Feature",
      "properties": {
        "id": 244,
        "name": "وادي الزيتون",
        "primary_category": "الأودية ومصباتها",
        "all_categories": "الأودية ومصباتها",
        "description": "",
        "folders": "Untitled layer",
        "source": "اطلس2026.xml",
        "origin": "أطلس ليبيا السياحي 2026",
        "status": "جاهز مبدئياً",
        "geometry_type": "Point",
        "coord_count": 1,
        "source_type": "KML/XML"
      },
      "geometry": {
        "type": "Point",
        "coordinates": [
          24.0798533,
          32.0168367
        ]
      }
    },
    {
      "type": "Feature",
      "properties": {
        "id": 245,
        "name": "وادي السد",
        "primary_category": "الأودية ومصباتها",
        "all_categories": "الأودية ومصباتها",
        "description": "",
        "folders": "Untitled layer",
        "source": "اطلس2026.xml",
        "origin": "أطلس ليبيا السياحي 2026",
        "status": "جاهز مبدئياً",
        "geometry_type": "Point",
        "coord_count": 1,
        "source_type": "KML/XML"
      },
      "geometry": {
        "type": "Point",
        "coordinates": [
          17.8736642,
          30.7500086
        ]
      }
    },
    {
      "type": "Feature",
      "properties": {
        "id": 246,
        "name": "وادي السلام",
        "primary_category": "الأودية ومصباتها",
        "all_categories": "الأودية ومصباتها",
        "description": "",
        "folders": "Untitled layer",
        "source": "اطلس2026.xml",
        "origin": "أطلس ليبيا السياحي 2026",
        "status": "جاهز مبدئياً",
        "geometry_type": "Point",
        "coord_count": 1,
        "source_type": "KML/XML"
      },
      "geometry": {
        "type": "Point",
        "coordinates": [
          14.876378,
          28.5752557
        ]
      }
    },
    {
      "type": "Feature",
      "properties": {
        "id": 247,
        "name": "وادي السهل",
        "primary_category": "الأودية ومصباتها",
        "all_categories": "الأودية ومصباتها",
        "description": "",
        "folders": "Untitled layer",
        "source": "اطلس2026.xml",
        "origin": "أطلس ليبيا السياحي 2026",
        "status": "جاهز مبدئياً",
        "geometry_type": "Point",
        "coord_count": 1,
        "source_type": "KML/XML"
      },
      "geometry": {
        "type": "Point",
        "coordinates": [
          23.8312089999999,
          32.135586
        ]
      }
    },
    {
      "type": "Feature",
      "properties": {
        "id": 248,
        "name": "وادي السهل",
        "primary_category": "الأودية ومصباتها",
        "all_categories": "الأودية ومصباتها",
        "description": "",
        "folders": "Untitled layer",
        "source": "اطلس2026.xml",
        "origin": "أطلس ليبيا السياحي 2026",
        "status": "جاهز مبدئياً",
        "geometry_type": "Point",
        "coord_count": 1,
        "source_type": "KML/XML"
      },
      "geometry": {
        "type": "Point",
        "coordinates": [
          24.5475769,
          31.9793953
        ]
      }
    },
    {
      "type": "Feature",
      "properties": {
        "id": 249,
        "name": "وادي السوينات",
        "primary_category": "الأودية ومصباتها",
        "all_categories": "الأودية ومصباتها",
        "description": "",
        "folders": "Untitled layer",
        "source": "اطلس2026.xml",
        "origin": "أطلس ليبيا السياحي 2026",
        "status": "جاهز مبدئياً",
        "geometry_type": "Point",
        "coord_count": 1,
        "source_type": "KML/XML"
      },
      "geometry": {
        "type": "Point",
        "coordinates": [
          23.6077983,
          32.1731884
        ]
      }
    },
    {
      "type": "Feature",
      "properties": {
        "id": 250,
        "name": "وادي السوينيات",
        "primary_category": "الأودية ومصباتها",
        "all_categories": "الأودية ومصباتها",
        "description": "",
        "folders": "Untitled layer",
        "source": "اطلس2026.xml",
        "origin": "أطلس ليبيا السياحي 2026",
        "status": "جاهز مبدئياً",
        "geometry_type": "Point",
        "coord_count": 1,
        "source_type": "KML/XML"
      },
      "geometry": {
        "type": "Point",
        "coordinates": [
          23.6118078,
          32.1740505
        ]
      }
    },
    {
      "type": "Feature",
      "properties": {
        "id": 251,
        "name": "وادي السي موسى",
        "primary_category": "الأودية ومصباتها",
        "all_categories": "الأودية ومصباتها",
        "description": "",
        "folders": "Untitled layer",
        "source": "اطلس2026.xml",
        "origin": "أطلس ليبيا السياحي 2026",
        "status": "جاهز مبدئياً",
        "geometry_type": "Point",
        "coord_count": 1,
        "source_type": "KML/XML"
      },
      "geometry": {
        "type": "Point",
        "coordinates": [
          21.720829,
          32.9382963
        ]
      }
    },
    {
      "type": "Feature",
      "properties": {
        "id": 252,
        "name": "وادي الشبروق - المرصص",
        "primary_category": "الأودية ومصباتها",
        "all_categories": "الأودية ومصباتها",
        "description": "",
        "folders": "Untitled layer",
        "source": "اطلس2026.xml",
        "origin": "أطلس ليبيا السياحي 2026",
        "status": "جاهز مبدئياً",
        "geometry_type": "Point",
        "coord_count": 1,
        "source_type": "KML/XML"
      },
      "geometry": {
        "type": "Point",
        "coordinates": [
          23.6716805555556,
          32.0965305555556
        ]
      }
    },
    {
      "type": "Feature",
      "properties": {
        "id": 253,
        "name": "وادي الشفار",
        "primary_category": "الأودية ومصباتها",
        "all_categories": "الأودية ومصباتها",
        "description": "",
        "folders": "Untitled layer",
        "source": "اطلس2026.xml",
        "origin": "أطلس ليبيا السياحي 2026",
        "status": "جاهز مبدئياً",
        "geometry_type": "Point",
        "coord_count": 1,
        "source_type": "KML/XML"
      },
      "geometry": {
        "type": "Point",
        "coordinates": [
          23.1102562,
          32.5023786
        ]
      }
    },
    {
      "type": "Feature",
      "properties": {
        "id": 254,
        "name": "وادي الشقاليف",
        "primary_category": "الأودية ومصباتها",
        "all_categories": "الأودية ومصباتها",
        "description": "",
        "folders": "Untitled layer",
        "source": "اطلس2026.xml",
        "origin": "أطلس ليبيا السياحي 2026",
        "status": "جاهز مبدئياً",
        "geometry_type": "Point",
        "coord_count": 1,
        "source_type": "KML/XML"
      },
      "geometry": {
        "type": "Point",
        "coordinates": [
          24.1427565,
          32.0048826
        ]
      }
    },
    {
      "type": "Feature",
      "properties": {
        "id": 255,
        "name": "وادي الشقة",
        "primary_category": "الأودية ومصباتها",
        "all_categories": "الأودية ومصباتها",
        "description": "",
        "folders": "Untitled layer",
        "source": "اطلس2026.xml",
        "origin": "أطلس ليبيا السياحي 2026",
        "status": "جاهز مبدئياً",
        "geometry_type": "Point",
        "coord_count": 1,
        "source_type": "KML/XML"
      },
      "geometry": {
        "type": "Point",
        "coordinates": [
          25.0308888888889,
          31.8859194444444
        ]
      }
    },
    {
      "type": "Feature",
      "properties": {
        "id": 256,
        "name": "وادي الشقف",
        "primary_category": "الأودية ومصباتها",
        "all_categories": "الأودية ومصباتها",
        "description": "",
        "folders": "Untitled layer",
        "source": "اطلس2026.xml",
        "origin": "أطلس ليبيا السياحي 2026",
        "status": "جاهز مبدئياً",
        "geometry_type": "Point",
        "coord_count": 1,
        "source_type": "KML/XML"
      },
      "geometry": {
        "type": "Point",
        "coordinates": [
          21.3317766,
          32.7681976
        ]
      }
    },
    {
      "type": "Feature",
      "properties": {
        "id": 257,
        "name": "وادي الشويعر",
        "primary_category": "الأودية ومصباتها",
        "all_categories": "الأودية ومصباتها",
        "description": "",
        "folders": "Untitled layer",
        "source": "اطلس2026.xml",
        "origin": "أطلس ليبيا السياحي 2026",
        "status": "جاهز مبدئياً",
        "geometry_type": "Point",
        "coord_count": 1,
        "source_type": "KML/XML"
      },
      "geometry": {
        "type": "Point",
        "coordinates": [
          21.2966666666666,
          32.7733333333333
        ]
      }
    },
    {
      "type": "Feature",
      "properties": {
        "id": 258,
        "name": "وادي الشيصو",
        "primary_category": "الأودية ومصباتها",
        "all_categories": "الأودية ومصباتها",
        "description": "",
        "folders": "Untitled layer",
        "source": "اطلس2026.xml",
        "origin": "أطلس ليبيا السياحي 2026",
        "status": "جاهز مبدئياً",
        "geometry_type": "Point",
        "coord_count": 1,
        "source_type": "KML/XML"
      },
      "geometry": {
        "type": "Point",
        "coordinates": [
          21.7689126,
          32.7885215
        ]
      }
    },
    {
      "type": "Feature",
      "properties": {
        "id": 259,
        "name": "وادي الصخرة",
        "primary_category": "الأودية ومصباتها",
        "all_categories": "الأودية ومصباتها",
        "description": "",
        "folders": "Untitled layer",
        "source": "اطلس2026.xml",
        "origin": "أطلس ليبيا السياحي 2026",
        "status": "جاهز مبدئياً",
        "geometry_type": "Point",
        "coord_count": 1,
        "source_type": "KML/XML"
      },
      "geometry": {
        "type": "Point",
        "coordinates": [
          22.1615911,
          32.9090817
        ]
      }
    },
    {
      "type": "Feature",
      "properties": {
        "id": 260,
        "name": "وادي الصخور",
        "primary_category": "الأودية ومصباتها",
        "all_categories": "الأودية ومصباتها",
        "description": "",
        "folders": "Untitled layer",
        "source": "اطلس2026.xml",
        "origin": "أطلس ليبيا السياحي 2026",
        "status": "جاهز مبدئياً",
        "geometry_type": "Point",
        "coord_count": 1,
        "source_type": "KML/XML"
      },
      "geometry": {
        "type": "Point",
        "coordinates": [
          10.08501,
          28.71349
        ]
      }
    },
    {
      "type": "Feature",
      "properties": {
        "id": 261,
        "name": "وادي الصنب",
        "primary_category": "الأودية ومصباتها",
        "all_categories": "الأودية ومصباتها",
        "description": "",
        "folders": "Untitled layer",
        "source": "اطلس2026.xml",
        "origin": "أطلس ليبيا السياحي 2026",
        "status": "جاهز مبدئياً",
        "geometry_type": "Point",
        "coord_count": 1,
        "source_type": "KML/XML"
      },
      "geometry": {
        "type": "Point",
        "coordinates": [
          21.5685214,
          32.7090278
        ]
      }
    },
    {
      "type": "Feature",
      "properties": {
        "id": 262,
        "name": "وادي الصنب",
        "primary_category": "الأودية ومصباتها",
        "all_categories": "الأودية ومصباتها",
        "description": "",
        "folders": "Untitled layer",
        "source": "اطلس2026.xml",
        "origin": "أطلس ليبيا السياحي 2026",
        "status": "جاهز مبدئياً",
        "geometry_type": "Point",
        "coord_count": 1,
        "source_type": "KML/XML"
      },
      "geometry": {
        "type": "Point",
        "coordinates": [
          21.5586666666667,
          32.702
        ]
      }
    },
    {
      "type": "Feature",
      "properties": {
        "id": 263,
        "name": "وادي الضحاك",
        "primary_category": "الأودية ومصباتها",
        "all_categories": "الأودية ومصباتها",
        "description": "",
        "folders": "Untitled layer",
        "source": "اطلس2026.xml",
        "origin": "أطلس ليبيا السياحي 2026",
        "status": "جاهز مبدئياً",
        "geometry_type": "Point",
        "coord_count": 1,
        "source_type": "KML/XML"
      },
      "geometry": {
        "type": "Point",
        "coordinates": [
          22.465465,
          32.6144255
        ]
      }
    },
    {
      "type": "Feature",
      "properties": {
        "id": 264,
        "name": "وادي الطليعي",
        "primary_category": "الأودية ومصباتها",
        "all_categories": "الأودية ومصباتها",
        "description": "",
        "folders": "Untitled layer",
        "source": "اطلس2026.xml",
        "origin": "أطلس ليبيا السياحي 2026",
        "status": "جاهز مبدئياً",
        "geometry_type": "Point",
        "coord_count": 1,
        "source_type": "KML/XML"
      },
      "geometry": {
        "type": "Point",
        "coordinates": [
          12.180469,
          29.2800917
        ]
      }
    },
    {
      "type": "Feature",
      "properties": {
        "id": 265,
        "name": "وادي العبد",
        "primary_category": "الأودية ومصباتها",
        "all_categories": "الأودية ومصباتها",
        "description": "وادي العبد",
        "folders": "Untitled layer",
        "source": "اطلس2026.xml",
        "origin": "أطلس ليبيا السياحي 2026",
        "status": "جاهز مبدئياً",
        "geometry_type": "Point",
        "coord_count": 1,
        "source_type": "KML/XML"
      },
      "geometry": {
        "type": "Point",
        "coordinates": [
          25.0768089,
          31.7788177
        ]
      }
    },
    {
      "type": "Feature",
      "properties": {
        "id": 266,
        "name": "وادي العزامي",
        "primary_category": "الأودية ومصباتها",
        "all_categories": "الأودية ومصباتها",
        "description": "",
        "folders": "Untitled layer",
        "source": "اطلس2026.xml",
        "origin": "أطلس ليبيا السياحي 2026",
        "status": "جاهز مبدئياً",
        "geometry_type": "Point",
        "coord_count": 1,
        "source_type": "KML/XML"
      },
      "geometry": {
        "type": "Point",
        "coordinates": [
          23.0821037,
          32.4190951
        ]
      }
    },
    {
      "type": "Feature",
      "properties": {
        "id": 267,
        "name": "وادي العقر",
        "primary_category": "الأودية ومصباتها",
        "all_categories": "الأودية ومصباتها",
        "description": "",
        "folders": "Untitled layer",
        "source": "اطلس2026.xml",
        "origin": "أطلس ليبيا السياحي 2026",
        "status": "جاهز مبدئياً",
        "geometry_type": "Point",
        "coord_count": 1,
        "source_type": "KML/XML"
      },
      "geometry": {
        "type": "Point",
        "coordinates": [
          20.7283333333334,
          32.4994444444444
        ]
      }
    },
    {
      "type": "Feature",
      "properties": {
        "id": 268,
        "name": "وادي العقر",
        "primary_category": "الأودية ومصباتها",
        "all_categories": "الأودية ومصباتها",
        "description": "",
        "folders": "Untitled layer",
        "source": "اطلس2026.xml",
        "origin": "أطلس ليبيا السياحي 2026",
        "status": "جاهز مبدئياً",
        "geometry_type": "Point",
        "coord_count": 1,
        "source_type": "KML/XML"
      },
      "geometry": {
        "type": "Point",
        "coordinates": [
          17.8385598,
          30.7354455
        ]
      }
    },
    {
      "type": "Feature",
      "properties": {
        "id": 269,
        "name": "وادي العودة",
        "primary_category": "الأودية ومصباتها",
        "all_categories": "الأودية ومصباتها",
        "description": "",
        "folders": "Untitled layer",
        "source": "اطلس2026.xml",
        "origin": "أطلس ليبيا السياحي 2026",
        "status": "جاهز مبدئياً",
        "geometry_type": "Point",
        "coord_count": 1,
        "source_type": "KML/XML"
      },
      "geometry": {
        "type": "Point",
        "coordinates": [
          23.9308428,
          32.1030242
        ]
      }
    },
    {
      "type": "Feature",
      "properties": {
        "id": 270,
        "name": "وادي العين",
        "primary_category": "الأودية ومصباتها",
        "all_categories": "الأودية ومصباتها",
        "description": "",
        "folders": "Untitled layer",
        "source": "اطلس2026.xml",
        "origin": "أطلس ليبيا السياحي 2026",
        "status": "جاهز مبدئياً",
        "geometry_type": "Point",
        "coord_count": 1,
        "source_type": "KML/XML"
      },
      "geometry": {
        "type": "Point",
        "coordinates": [
          24.790864,
          31.9946103
        ]
      }
    },
    {
      "type": "Feature",
      "properties": {
        "id": 271,
        "name": "وادي العين",
        "primary_category": "الأودية ومصباتها",
        "all_categories": "الأودية ومصباتها",
        "description": "",
        "folders": "Untitled layer",
        "source": "اطلس2026.xml",
        "origin": "أطلس ليبيا السياحي 2026",
        "status": "جاهز مبدئياً",
        "geometry_type": "Point",
        "coord_count": 1,
        "source_type": "KML/XML"
      },
      "geometry": {
        "type": "Point",
        "coordinates": [
          22.0463419,
          32.8818577
        ]
      }
    },
    {
      "type": "Feature",
      "properties": {
        "id": 272,
        "name": "وادي العين",
        "primary_category": "الأودية ومصباتها",
        "all_categories": "الأودية ومصباتها",
        "description": "",
        "folders": "Untitled layer",
        "source": "اطلس2026.xml",
        "origin": "أطلس ليبيا السياحي 2026",
        "status": "جاهز مبدئياً",
        "geometry_type": "Point",
        "coord_count": 1,
        "source_type": "KML/XML"
      },
      "geometry": {
        "type": "Point",
        "coordinates": [
          20.7562157,
          32.1338346
        ]
      }
    },
    {
      "type": "Feature",
      "properties": {
        "id": 273,
        "name": "وادي العين",
        "primary_category": "الأودية ومصباتها",
        "all_categories": "الأودية ومصباتها",
        "description": "",
        "folders": "Untitled layer",
        "source": "اطلس2026.xml",
        "origin": "أطلس ليبيا السياحي 2026",
        "status": "جاهز مبدئياً",
        "geometry_type": "Point",
        "coord_count": 1,
        "source_type": "KML/XML"
      },
      "geometry": {
        "type": "Point",
        "coordinates": [
          22.22095,
          32.8751
        ]
      }
    },
    {
      "type": "Feature",
      "properties": {
        "id": 274,
        "name": "وادي الغاني",
        "primary_category": "الأودية ومصباتها",
        "all_categories": "الأودية ومصباتها",
        "description": "",
        "folders": "Untitled layer",
        "source": "اطلس2026.xml",
        "origin": "أطلس ليبيا السياحي 2026",
        "status": "جاهز مبدئياً",
        "geometry_type": "Point",
        "coord_count": 1,
        "source_type": "KML/XML"
      },
      "geometry": {
        "type": "Point",
        "coordinates": [
          17.1068236,
          28.8432954
        ]
      }
    },
    {
      "type": "Feature",
      "properties": {
        "id": 275,
        "name": "وادي الغدير",
        "primary_category": "الأودية ومصباتها",
        "all_categories": "الأودية ومصباتها؛ البرك والبلطات والقلتات",
        "description": "",
        "folders": "Untitled layer",
        "source": "اطلس2026.xml",
        "origin": "أطلس ليبيا السياحي 2026",
        "status": "جاهز مبدئياً",
        "geometry_type": "Point",
        "coord_count": 1,
        "source_type": "KML/XML"
      },
      "geometry": {
        "type": "Point",
        "coordinates": [
          16.8755073,
          26.8660542
        ]
      }
    },
    {
      "type": "Feature",
      "properties": {
        "id": 276,
        "name": "وادي الغدير",
        "primary_category": "الأودية ومصباتها",
        "all_categories": "الأودية ومصباتها؛ البرك والبلطات والقلتات",
        "description": "",
        "folders": "Untitled layer",
        "source": "اطلس2026.xml",
        "origin": "أطلس ليبيا السياحي 2026",
        "status": "جاهز مبدئياً",
        "geometry_type": "Point",
        "coord_count": 1,
        "source_type": "KML/XML"
      },
      "geometry": {
        "type": "Point",
        "coordinates": [
          14.8340949,
          28.5125553
        ]
      }
    },
    {
      "type": "Feature",
      "properties": {
        "id": 277,
        "name": "وادي الفلقان",
        "primary_category": "الأودية ومصباتها",
        "all_categories": "الأودية ومصباتها",
        "description": "",
        "folders": "Untitled layer",
        "source": "اطلس2026.xml",
        "origin": "أطلس ليبيا السياحي 2026",
        "status": "جاهز مبدئياً",
        "geometry_type": "Point",
        "coord_count": 1,
        "source_type": "KML/XML"
      },
      "geometry": {
        "type": "Point",
        "coordinates": [
          22.9536152,
          32.6614165
        ]
      }
    },
    {
      "type": "Feature",
      "properties": {
        "id": 278,
        "name": "وادي الفلو",
        "primary_category": "الأودية ومصباتها",
        "all_categories": "الأودية ومصباتها",
        "description": "",
        "folders": "Untitled layer",
        "source": "اطلس2026.xml",
        "origin": "أطلس ليبيا السياحي 2026",
        "status": "جاهز مبدئياً",
        "geometry_type": "Point",
        "coord_count": 1,
        "source_type": "KML/XML"
      },
      "geometry": {
        "type": "Point",
        "coordinates": [
          22.0752668,
          32.911982
        ]
      }
    },
    {
      "type": "Feature",
      "properties": {
        "id": 279,
        "name": "وادي الفيض",
        "primary_category": "الأودية ومصباتها",
        "all_categories": "الأودية ومصباتها",
        "description": "",
        "folders": "Untitled layer",
        "source": "اطلس2026.xml",
        "origin": "أطلس ليبيا السياحي 2026",
        "status": "جاهز مبدئياً",
        "geometry_type": "Point",
        "coord_count": 1,
        "source_type": "KML/XML"
      },
      "geometry": {
        "type": "Point",
        "coordinates": [
          14.5463514,
          32.016019
        ]
      }
    },
    {
      "type": "Feature",
      "properties": {
        "id": 280,
        "name": "وادي القبر",
        "primary_category": "الأودية ومصباتها",
        "all_categories": "الأودية ومصباتها",
        "description": "",
        "folders": "Untitled layer",
        "source": "اطلس2026.xml",
        "origin": "أطلس ليبيا السياحي 2026",
        "status": "جاهز مبدئياً",
        "geometry_type": "Point",
        "coord_count": 1,
        "source_type": "KML/XML"
      },
      "geometry": {
        "type": "Point",
        "coordinates": [
          24.5246999999999,
          31.98222
        ]
      }
    },
    {
      "type": "Feature",
      "properties": {
        "id": 281,
        "name": "وادي القبرون",
        "primary_category": "الأودية ومصباتها",
        "all_categories": "الأودية ومصباتها",
        "description": "",
        "folders": "Untitled layer",
        "source": "اطلس2026.xml",
        "origin": "أطلس ليبيا السياحي 2026",
        "status": "جاهز مبدئياً",
        "geometry_type": "Point",
        "coord_count": 1,
        "source_type": "KML/XML"
      },
      "geometry": {
        "type": "Point",
        "coordinates": [
          14.1713333,
          32.709257
        ]
      }
    },
    {
      "type": "Feature",
      "properties": {
        "id": 282,
        "name": "وادي القرجومة",
        "primary_category": "الأودية ومصباتها",
        "all_categories": "الأودية ومصباتها",
        "description": "",
        "folders": "Untitled layer",
        "source": "اطلس2026.xml",
        "origin": "أطلس ليبيا السياحي 2026",
        "status": "جاهز مبدئياً",
        "geometry_type": "Point",
        "coord_count": 1,
        "source_type": "KML/XML"
      },
      "geometry": {
        "type": "Point",
        "coordinates": [
          13.8475833333333,
          31.76625
        ]
      }
    },
    {
      "type": "Feature",
      "properties": {
        "id": 283,
        "name": "وادي القصيبات وبردي القصيبية",
        "primary_category": "الأودية ومصباتها",
        "all_categories": "الأودية ومصباتها",
        "description": "",
        "folders": "Untitled layer",
        "source": "اطلس2026.xml",
        "origin": "أطلس ليبيا السياحي 2026",
        "status": "جاهز مبدئياً",
        "geometry_type": "Point",
        "coord_count": 1,
        "source_type": "KML/XML"
      },
      "geometry": {
        "type": "Point",
        "coordinates": [
          23.0971241,
          32.3177477
        ]
      }
    },
    {
      "type": "Feature",
      "properties": {
        "id": 284,
        "name": "وادي القطا",
        "primary_category": "الأودية ومصباتها",
        "all_categories": "الأودية ومصباتها",
        "description": "",
        "folders": "Untitled layer",
        "source": "اطلس2026.xml",
        "origin": "أطلس ليبيا السياحي 2026",
        "status": "جاهز مبدئياً",
        "geometry_type": "Point",
        "coord_count": 1,
        "source_type": "KML/XML"
      },
      "geometry": {
        "type": "Point",
        "coordinates": [
          21.0431077,
          32.7505216
        ]
      }
    },
    {
      "type": "Feature",
      "properties": {
        "id": 285,
        "name": "وادي القطارة",
        "primary_category": "الأودية ومصباتها",
        "all_categories": "الأودية ومصباتها",
        "description": "",
        "folders": "Untitled layer",
        "source": "اطلس2026.xml",
        "origin": "أطلس ليبيا السياحي 2026",
        "status": "جاهز مبدئياً",
        "geometry_type": "Point",
        "coord_count": 1,
        "source_type": "KML/XML"
      },
      "geometry": {
        "type": "Point",
        "coordinates": [
          23.7046336999999,
          32.1731787
        ]
      }
    },
    {
      "type": "Feature",
      "properties": {
        "id": 286,
        "name": "وادي القطارة الشرقي",
        "primary_category": "الأودية ومصباتها",
        "all_categories": "الأودية ومصباتها",
        "description": "",
        "folders": "Untitled layer",
        "source": "اطلس2026.xml",
        "origin": "أطلس ليبيا السياحي 2026",
        "status": "جاهز مبدئياً",
        "geometry_type": "Point",
        "coord_count": 1,
        "source_type": "KML/XML"
      },
      "geometry": {
        "type": "Point",
        "coordinates": [
          25.0356039,
          31.8398043
        ]
      }
    },
    {
      "type": "Feature",
      "properties": {
        "id": 287,
        "name": "وادي القطارة الغربي",
        "primary_category": "الأودية ومصباتها",
        "all_categories": "الأودية ومصباتها",
        "description": "",
        "folders": "Untitled layer",
        "source": "اطلس2026.xml",
        "origin": "أطلس ليبيا السياحي 2026",
        "status": "جاهز مبدئياً",
        "geometry_type": "Point",
        "coord_count": 1,
        "source_type": "KML/XML"
      },
      "geometry": {
        "type": "Point",
        "coordinates": [
          25.0270554,
          31.8541796
        ]
      }
    },
    {
      "type": "Feature",
      "properties": {
        "id": 288,
        "name": "وادي القطيفة",
        "primary_category": "الأودية ومصباتها",
        "all_categories": "الأودية ومصباتها",
        "description": "",
        "folders": "Untitled layer",
        "source": "اطلس2026.xml",
        "origin": "أطلس ليبيا السياحي 2026",
        "status": "جاهز مبدئياً",
        "geometry_type": "Point",
        "coord_count": 1,
        "source_type": "KML/XML"
      },
      "geometry": {
        "type": "Point",
        "coordinates": [
          15.5987728,
          28.8261209
        ]
      }
    },
    {
      "type": "Feature",
      "properties": {
        "id": 289,
        "name": "وادي القويطين",
        "primary_category": "الأودية ومصباتها",
        "all_categories": "الأودية ومصباتها",
        "description": "",
        "folders": "Untitled layer",
        "source": "اطلس2026.xml",
        "origin": "أطلس ليبيا السياحي 2026",
        "status": "جاهز مبدئياً",
        "geometry_type": "Point",
        "coord_count": 1,
        "source_type": "KML/XML"
      },
      "geometry": {
        "type": "Point",
        "coordinates": [
          25.0298118,
          31.8960205
        ]
      }
    },
    {
      "type": "Feature",
      "properties": {
        "id": 290,
        "name": "وادي الكاف",
        "primary_category": "الأودية ومصباتها",
        "all_categories": "الأودية ومصباتها",
        "description": "",
        "folders": "Untitled layer",
        "source": "اطلس2026.xml",
        "origin": "أطلس ليبيا السياحي 2026",
        "status": "جاهز مبدئياً",
        "geometry_type": "Point",
        "coord_count": 1,
        "source_type": "KML/XML"
      },
      "geometry": {
        "type": "Point",
        "coordinates": [
          24.2882836,
          31.9925344
        ]
      }
    },
    {
      "type": "Feature",
      "properties": {
        "id": 291,
        "name": "وادي الكرموسة",
        "primary_category": "الأودية ومصباتها",
        "all_categories": "الأودية ومصباتها",
        "description": "",
        "folders": "Untitled layer",
        "source": "اطلس2026.xml",
        "origin": "أطلس ليبيا السياحي 2026",
        "status": "جاهز مبدئياً",
        "geometry_type": "Point",
        "coord_count": 1,
        "source_type": "KML/XML"
      },
      "geometry": {
        "type": "Point",
        "coordinates": [
          25.0277388888888,
          31.7664
        ]
      }
    },
    {
      "type": "Feature",
      "properties": {
        "id": 292,
        "name": "وادي الكلابيش",
        "primary_category": "الأودية ومصباتها",
        "all_categories": "الأودية ومصباتها",
        "description": "",
        "folders": "Untitled layer",
        "source": "اطلس2026.xml",
        "origin": "أطلس ليبيا السياحي 2026",
        "status": "جاهز مبدئياً",
        "geometry_type": "Point",
        "coord_count": 1,
        "source_type": "KML/XML"
      },
      "geometry": {
        "type": "Point",
        "coordinates": [
          20.9402418,
          32.7077945
        ]
      }
    },
    {
      "type": "Feature",
      "properties": {
        "id": 293,
        "name": "وادي الكويفية",
        "primary_category": "الأودية ومصباتها",
        "all_categories": "الأودية ومصباتها",
        "description": "",
        "folders": "Untitled layer",
        "source": "اطلس2026.xml",
        "origin": "أطلس ليبيا السياحي 2026",
        "status": "جاهز مبدئياً",
        "geometry_type": "Point",
        "coord_count": 1,
        "source_type": "KML/XML"
      },
      "geometry": {
        "type": "Point",
        "coordinates": [
          25.111158,
          31.7417277
        ]
      }
    },
    {
      "type": "Feature",
      "properties": {
        "id": 294,
        "name": "وادي الماجار",
        "primary_category": "الأودية ومصباتها",
        "all_categories": "الأودية ومصباتها",
        "description": "",
        "folders": "Untitled layer",
        "source": "اطلس2026.xml",
        "origin": "أطلس ليبيا السياحي 2026",
        "status": "جاهز مبدئياً",
        "geometry_type": "Point",
        "coord_count": 1,
        "source_type": "KML/XML"
      },
      "geometry": {
        "type": "Point",
        "coordinates": [
          23.1170368,
          32.479791
        ]
      }
    },
    {
      "type": "Feature",
      "properties": {
        "id": 295,
        "name": "وادي الماس",
        "primary_category": "الأودية ومصباتها",
        "all_categories": "الأودية ومصباتها",
        "description": "",
        "folders": "Untitled layer",
        "source": "اطلس2026.xml",
        "origin": "أطلس ليبيا السياحي 2026",
        "status": "جاهز مبدئياً",
        "geometry_type": "Point",
        "coord_count": 1,
        "source_type": "KML/XML"
      },
      "geometry": {
        "type": "Point",
        "coordinates": [
          12.0324769,
          26.181797
        ]
      }
    },
    {
      "type": "Feature",
      "properties": {
        "id": 296,
        "name": "وادي المالح",
        "primary_category": "الأودية ومصباتها",
        "all_categories": "الأودية ومصباتها",
        "description": "",
        "folders": "Untitled layer",
        "source": "اطلس2026.xml",
        "origin": "أطلس ليبيا السياحي 2026",
        "status": "جاهز مبدئياً",
        "geometry_type": "Point",
        "coord_count": 1,
        "source_type": "KML/XML"
      },
      "geometry": {
        "type": "Point",
        "coordinates": [
          22.0593667,
          32.9018937
        ]
      }
    },
    {
      "type": "Feature",
      "properties": {
        "id": 297,
        "name": "وادي المحزم",
        "primary_category": "الأودية ومصباتها",
        "all_categories": "الأودية ومصباتها",
        "description": "",
        "folders": "Untitled layer",
        "source": "اطلس2026.xml",
        "origin": "أطلس ليبيا السياحي 2026",
        "status": "جاهز مبدئياً",
        "geometry_type": "Point",
        "coord_count": 1,
        "source_type": "KML/XML"
      },
      "geometry": {
        "type": "Point",
        "coordinates": [
          14.4299316,
          32.2805228
        ]
      }
    },
    {
      "type": "Feature",
      "properties": {
        "id": 298,
        "name": "وادي المردوم",
        "primary_category": "الأودية ومصباتها",
        "all_categories": "الأودية ومصباتها",
        "description": "",
        "folders": "Untitled layer",
        "source": "اطلس2026.xml",
        "origin": "أطلس ليبيا السياحي 2026",
        "status": "جاهز مبدئياً",
        "geometry_type": "Point",
        "coord_count": 1,
        "source_type": "KML/XML"
      },
      "geometry": {
        "type": "Point",
        "coordinates": [
          14.3946067,
          31.7707245
        ]
      }
    },
    {
      "type": "Feature",
      "properties": {
        "id": 299,
        "name": "وادي المريغة",
        "primary_category": "الأودية ومصباتها",
        "all_categories": "الأودية ومصباتها",
        "description": "",
        "folders": "Untitled layer",
        "source": "اطلس2026.xml",
        "origin": "أطلس ليبيا السياحي 2026",
        "status": "جاهز مبدئياً",
        "geometry_type": "Point",
        "coord_count": 1,
        "source_type": "KML/XML"
      },
      "geometry": {
        "type": "Point",
        "coordinates": [
          25.1206534,
          31.7079487
        ]
      }
    },
    {
      "type": "Feature",
      "properties": {
        "id": 300,
        "name": "وادي المسيد أو وادي الرمل",
        "primary_category": "الأودية ومصباتها",
        "all_categories": "الأودية ومصباتها",
        "description": "",
        "folders": "Untitled layer",
        "source": "اطلس2026.xml",
        "origin": "أطلس ليبيا السياحي 2026",
        "status": "جاهز مبدئياً",
        "geometry_type": "Point",
        "coord_count": 1,
        "source_type": "KML/XML"
      },
      "geometry": {
        "type": "Point",
        "coordinates": [
          13.7048864,
          32.7900164
        ]
      }
    },
    {
      "type": "Feature",
      "properties": {
        "id": 301,
        "name": "وادي المشيربة",
        "primary_category": "الأودية ومصباتها",
        "all_categories": "الأودية ومصباتها",
        "description": "",
        "folders": "Untitled layer",
        "source": "اطلس2026.xml",
        "origin": "أطلس ليبيا السياحي 2026",
        "status": "جاهز مبدئياً",
        "geometry_type": "Point",
        "coord_count": 1,
        "source_type": "KML/XML"
      },
      "geometry": {
        "type": "Point",
        "coordinates": [
          24.0529695,
          32.0265812
        ]
      }
    },
    {
      "type": "Feature",
      "properties": {
        "id": 302,
        "name": "وادي المطاريد أو وادي سيدي حسن",
        "primary_category": "الأودية ومصباتها",
        "all_categories": "الأودية ومصباتها",
        "description": "",
        "folders": "Untitled layer",
        "source": "اطلس2026.xml",
        "origin": "أطلس ليبيا السياحي 2026",
        "status": "جاهز مبدئياً",
        "geometry_type": "Point",
        "coord_count": 1,
        "source_type": "KML/XML"
      },
      "geometry": {
        "type": "Point",
        "coordinates": [
          25.1385022,
          31.6774259
        ]
      }
    },
    {
      "type": "Feature",
      "properties": {
        "id": 303,
        "name": "وادي المعمورة",
        "primary_category": "الأودية ومصباتها",
        "all_categories": "الأودية ومصباتها",
        "description": "",
        "folders": "Untitled layer",
        "source": "اطلس2026.xml",
        "origin": "أطلس ليبيا السياحي 2026",
        "status": "جاهز مبدئياً",
        "geometry_type": "Point",
        "coord_count": 1,
        "source_type": "KML/XML"
      },
      "geometry": {
        "type": "Point",
        "coordinates": [
          13.9401242,
          31.907691
        ]
      }
    },
    {
      "type": "Feature",
      "properties": {
        "id": 304,
        "name": "وادي المعمورة",
        "primary_category": "الأودية ومصباتها",
        "all_categories": "الأودية ومصباتها",
        "description": "",
        "folders": "Untitled layer",
        "source": "اطلس2026.xml",
        "origin": "أطلس ليبيا السياحي 2026",
        "status": "جاهز مبدئياً",
        "geometry_type": "Point",
        "coord_count": 1,
        "source_type": "KML/XML"
      },
      "geometry": {
        "type": "Point",
        "coordinates": [
          13.9083277777778,
          31.9522166666667
        ]
      }
    },
    {
      "type": "Feature",
      "properties": {
        "id": 305,
        "name": "وادي المعمورة",
        "primary_category": "الأودية ومصباتها",
        "all_categories": "الأودية ومصباتها",
        "description": "",
        "folders": "Untitled layer",
        "source": "اطلس2026.xml",
        "origin": "أطلس ليبيا السياحي 2026",
        "status": "جاهز مبدئياً",
        "geometry_type": "Point",
        "coord_count": 1,
        "source_type": "KML/XML"
      },
      "geometry": {
        "type": "Point",
        "coordinates": [
          13.9972542,
          31.8900764
        ]
      }
    },
    {
      "type": "Feature",
      "properties": {
        "id": 306,
        "name": "وادي المعيقب",
        "primary_category": "الأودية ومصباتها",
        "all_categories": "الأودية ومصباتها",
        "description": "",
        "folders": "Untitled layer",
        "source": "اطلس2026.xml",
        "origin": "أطلس ليبيا السياحي 2026",
        "status": "جاهز مبدئياً",
        "geometry_type": "Point",
        "coord_count": 1,
        "source_type": "KML/XML"
      },
      "geometry": {
        "type": "Point",
        "coordinates": [
          23.7932968,
          32.1538516
        ]
      }
    },
    {
      "type": "Feature",
      "properties": {
        "id": 307,
        "name": "وادي المقرون",
        "primary_category": "الأودية ومصباتها",
        "all_categories": "الأودية ومصباتها",
        "description": "",
        "folders": "Untitled layer",
        "source": "اطلس2026.xml",
        "origin": "أطلس ليبيا السياحي 2026",
        "status": "جاهز مبدئياً",
        "geometry_type": "Point",
        "coord_count": 1,
        "source_type": "KML/XML"
      },
      "geometry": {
        "type": "Point",
        "coordinates": [
          24.2181111111111,
          31.9992777777778
        ]
      }
    },
    {
      "type": "Feature",
      "properties": {
        "id": 308,
        "name": "وادي الملاق",
        "primary_category": "الأودية ومصباتها",
        "all_categories": "الأودية ومصباتها",
        "description": "",
        "folders": "Untitled layer",
        "source": "اطلس2026.xml",
        "origin": "أطلس ليبيا السياحي 2026",
        "status": "جاهز مبدئياً",
        "geometry_type": "Point",
        "coord_count": 1,
        "source_type": "KML/XML"
      },
      "geometry": {
        "type": "Point",
        "coordinates": [
          23.0796146,
          32.3847091
        ]
      }
    },
    {
      "type": "Feature",
      "properties": {
        "id": 309,
        "name": "وادي الملكة",
        "primary_category": "الأودية ومصباتها",
        "all_categories": "الأودية ومصباتها",
        "description": "",
        "folders": "Untitled layer",
        "source": "اطلس2026.xml",
        "origin": "أطلس ليبيا السياحي 2026",
        "status": "جاهز مبدئياً",
        "geometry_type": "Point",
        "coord_count": 1,
        "source_type": "KML/XML"
      },
      "geometry": {
        "type": "Point",
        "coordinates": [
          21.1205993,
          32.7601114
        ]
      }
    },
    {
      "type": "Feature",
      "properties": {
        "id": 310,
        "name": "وادي المملوح",
        "primary_category": "الأودية ومصباتها",
        "all_categories": "الأودية ومصباتها",
        "description": "",
        "folders": "Untitled layer",
        "source": "اطلس2026.xml",
        "origin": "أطلس ليبيا السياحي 2026",
        "status": "جاهز مبدئياً",
        "geometry_type": "Point",
        "coord_count": 1,
        "source_type": "KML/XML"
      },
      "geometry": {
        "type": "Point",
        "coordinates": [
          21.7066669,
          32.9377741
        ]
      }
    },
    {
      "type": "Feature",
      "properties": {
        "id": 311,
        "name": "وادي المهبول",
        "primary_category": "الأودية ومصباتها",
        "all_categories": "الأودية ومصباتها",
        "description": "",
        "folders": "Untitled layer",
        "source": "اطلس2026.xml",
        "origin": "أطلس ليبيا السياحي 2026",
        "status": "جاهز مبدئياً",
        "geometry_type": "Point",
        "coord_count": 1,
        "source_type": "KML/XML"
      },
      "geometry": {
        "type": "Point",
        "coordinates": [
          22.0930767,
          32.9191512
        ]
      }
    },
    {
      "type": "Feature",
      "properties": {
        "id": 312,
        "name": "وادي المويلح",
        "primary_category": "الأودية ومصباتها",
        "all_categories": "الأودية ومصباتها",
        "description": "",
        "folders": "Untitled layer",
        "source": "اطلس2026.xml",
        "origin": "أطلس ليبيا السياحي 2026",
        "status": "جاهز مبدئياً",
        "geometry_type": "Point",
        "coord_count": 1,
        "source_type": "KML/XML"
      },
      "geometry": {
        "type": "Point",
        "coordinates": [
          21.5458723,
          32.8427957
        ]
      }
    },
    {
      "type": "Feature",
      "properties": {
        "id": 313,
        "name": "وادي الناقة",
        "primary_category": "الأودية ومصباتها",
        "all_categories": "الأودية ومصباتها",
        "description": "",
        "folders": "Untitled layer",
        "source": "اطلس2026.xml",
        "origin": "أطلس ليبيا السياحي 2026",
        "status": "جاهز مبدئياً",
        "geometry_type": "Point",
        "coord_count": 1,
        "source_type": "KML/XML"
      },
      "geometry": {
        "type": "Point",
        "coordinates": [
          22.5439024,
          32.7891506
        ]
      }
    },
    {
      "type": "Feature",
      "properties": {
        "id": 314,
        "name": "وادي الناقة",
        "primary_category": "الأودية ومصباتها",
        "all_categories": "الأودية ومصباتها",
        "description": "",
        "folders": "Untitled layer",
        "source": "اطلس2026.xml",
        "origin": "أطلس ليبيا السياحي 2026",
        "status": "جاهز مبدئياً",
        "geometry_type": "Point",
        "coord_count": 1,
        "source_type": "KML/XML"
      },
      "geometry": {
        "type": "Point",
        "coordinates": [
          22.5807522,
          32.7741449
        ]
      }
    },
    {
      "type": "Feature",
      "properties": {
        "id": 315,
        "name": "وادي النعيمه",
        "primary_category": "الأودية ومصباتها",
        "all_categories": "الأودية ومصباتها",
        "description": "",
        "folders": "Untitled layer",
        "source": "اطلس2026.xml",
        "origin": "أطلس ليبيا السياحي 2026",
        "status": "جاهز مبدئياً",
        "geometry_type": "Point",
        "coord_count": 1,
        "source_type": "KML/XML"
      },
      "geometry": {
        "type": "Point",
        "coordinates": [
          14.1468055,
          31.963273
        ]
      }
    },
    {
      "type": "Feature",
      "properties": {
        "id": 316,
        "name": "وادي النوس",
        "primary_category": "الأودية ومصباتها",
        "all_categories": "الأودية ومصباتها",
        "description": "",
        "folders": "Untitled layer",
        "source": "اطلس2026.xml",
        "origin": "أطلس ليبيا السياحي 2026",
        "status": "جاهز مبدئياً",
        "geometry_type": "Point",
        "coord_count": 1,
        "source_type": "KML/XML"
      },
      "geometry": {
        "type": "Point",
        "coordinates": [
          24.529531,
          31.9818524
        ]
      }
    },
    {
      "type": "Feature",
      "properties": {
        "id": 317,
        "name": "وادي الهمسة",
        "primary_category": "الأودية ومصباتها",
        "all_categories": "الأودية ومصباتها",
        "description": "",
        "folders": "Untitled layer",
        "source": "اطلس2026.xml",
        "origin": "أطلس ليبيا السياحي 2026",
        "status": "جاهز مبدئياً",
        "geometry_type": "Point",
        "coord_count": 1,
        "source_type": "KML/XML"
      },
      "geometry": {
        "type": "Point",
        "coordinates": [
          23.0025000000001,
          32.6508333
        ]
      }
    },
    {
      "type": "Feature",
      "properties": {
        "id": 318,
        "name": "وادي الهويات",
        "primary_category": "الأودية ومصباتها",
        "all_categories": "الأودية ومصباتها",
        "description": "",
        "folders": "Untitled layer",
        "source": "اطلس2026.xml",
        "origin": "أطلس ليبيا السياحي 2026",
        "status": "جاهز مبدئياً",
        "geometry_type": "Point",
        "coord_count": 1,
        "source_type": "KML/XML"
      },
      "geometry": {
        "type": "Point",
        "coordinates": [
          23.8989115,
          32.1133312
        ]
      }
    },
    {
      "type": "Feature",
      "properties": {
        "id": 319,
        "name": "وادي الواعر",
        "primary_category": "الأودية ومصباتها",
        "all_categories": "الأودية ومصباتها",
        "description": "",
        "folders": "Untitled layer",
        "source": "اطلس2026.xml",
        "origin": "أطلس ليبيا السياحي 2026",
        "status": "جاهز مبدئياً",
        "geometry_type": "Point",
        "coord_count": 1,
        "source_type": "KML/XML"
      },
      "geometry": {
        "type": "Point",
        "coordinates": [
          23.9541006,
          32.1045161
        ]
      }
    },
    {
      "type": "Feature",
      "properties": {
        "id": 320,
        "name": "وادي الودان",
        "primary_category": "الأودية ومصباتها",
        "all_categories": "الأودية ومصباتها",
        "description": "",
        "folders": "Untitled layer",
        "source": "اطلس2026.xml",
        "origin": "أطلس ليبيا السياحي 2026",
        "status": "جاهز مبدئياً",
        "geometry_type": "Point",
        "coord_count": 1,
        "source_type": "KML/XML"
      },
      "geometry": {
        "type": "Point",
        "coordinates": [
          24.1028333333334,
          32.0114722222222
        ]
      }
    },
    {
      "type": "Feature",
      "properties": {
        "id": 321,
        "name": "وادي الودان",
        "primary_category": "الأودية ومصباتها",
        "all_categories": "الأودية ومصباتها",
        "description": "",
        "folders": "Untitled layer",
        "source": "اطلس2026.xml",
        "origin": "أطلس ليبيا السياحي 2026",
        "status": "جاهز مبدئياً",
        "geometry_type": "Point",
        "coord_count": 1,
        "source_type": "KML/XML"
      },
      "geometry": {
        "type": "Point",
        "coordinates": [
          24.0897238,
          32.0114876
        ]
      }
    },
    {
      "type": "Feature",
      "properties": {
        "id": 322,
        "name": "وادي الوسيطة",
        "primary_category": "الأودية ومصباتها",
        "all_categories": "الأودية ومصباتها",
        "description": "",
        "folders": "Untitled layer",
        "source": "اطلس2026.xml",
        "origin": "أطلس ليبيا السياحي 2026",
        "status": "جاهز مبدئياً",
        "geometry_type": "Point",
        "coord_count": 1,
        "source_type": "KML/XML"
      },
      "geometry": {
        "type": "Point",
        "coordinates": [
          22.287848,
          32.8713154
        ]
      }
    },
    {
      "type": "Feature",
      "properties": {
        "id": 323,
        "name": "وادي الوشكة",
        "primary_category": "الأودية ومصباتها",
        "all_categories": "الأودية ومصباتها",
        "description": "",
        "folders": "Untitled layer",
        "source": "اطلس2026.xml",
        "origin": "أطلس ليبيا السياحي 2026",
        "status": "جاهز مبدئياً",
        "geometry_type": "Point",
        "coord_count": 1,
        "source_type": "KML/XML"
      },
      "geometry": {
        "type": "Point",
        "coordinates": [
          15.6296611,
          28.840407
        ]
      }
    },
    {
      "type": "Feature",
      "properties": {
        "id": 324,
        "name": "وادي ام العلق",
        "primary_category": "الأودية ومصباتها",
        "all_categories": "الأودية ومصباتها",
        "description": "وادي أم العلق",
        "folders": "Untitled layer",
        "source": "اطلس2026.xml",
        "origin": "أطلس ليبيا السياحي 2026",
        "status": "جاهز مبدئياً",
        "geometry_type": "Point",
        "coord_count": 1,
        "source_type": "KML/XML"
      },
      "geometry": {
        "type": "Point",
        "coordinates": [
          25.092119,
          31.7640277
        ]
      }
    },
    {
      "type": "Feature",
      "properties": {
        "id": 325,
        "name": "وادي ام القرب",
        "primary_category": "الأودية ومصباتها",
        "all_categories": "الأودية ومصباتها",
        "description": "",
        "folders": "Untitled layer",
        "source": "اطلس2026.xml",
        "origin": "أطلس ليبيا السياحي 2026",
        "status": "جاهز مبدئياً",
        "geometry_type": "Point",
        "coord_count": 1,
        "source_type": "KML/XML"
      },
      "geometry": {
        "type": "Point",
        "coordinates": [
          11.7849317,
          31.7800808
        ]
      }
    },
    {
      "type": "Feature",
      "properties": {
        "id": 326,
        "name": "وادي امريون",
        "primary_category": "الأودية ومصباتها",
        "all_categories": "الأودية ومصباتها",
        "description": "",
        "folders": "Untitled layer",
        "source": "اطلس2026.xml",
        "origin": "أطلس ليبيا السياحي 2026",
        "status": "جاهز مبدئياً",
        "geometry_type": "Point",
        "coord_count": 1,
        "source_type": "KML/XML"
      },
      "geometry": {
        "type": "Point",
        "coordinates": [
          11.515621,
          25.435788
        ]
      }
    },
    {
      "type": "Feature",
      "properties": {
        "id": 327,
        "name": "وادي ان أفودا",
        "primary_category": "الأودية ومصباتها",
        "all_categories": "الأودية ومصباتها",
        "description": "",
        "folders": "Untitled layer",
        "source": "اطلس2026.xml",
        "origin": "أطلس ليبيا السياحي 2026",
        "status": "جاهز مبدئياً",
        "geometry_type": "Point",
        "coord_count": 1,
        "source_type": "KML/XML"
      },
      "geometry": {
        "type": "Point",
        "coordinates": [
          11.636265,
          24.494315
        ]
      }
    },
    {
      "type": "Feature",
      "properties": {
        "id": 328,
        "name": "وادي ان تانانايت",
        "primary_category": "الأودية ومصباتها",
        "all_categories": "الأودية ومصباتها",
        "description": "",
        "folders": "Untitled layer",
        "source": "اطلس2026.xml",
        "origin": "أطلس ليبيا السياحي 2026",
        "status": "جاهز مبدئياً",
        "geometry_type": "Point",
        "coord_count": 1,
        "source_type": "KML/XML"
      },
      "geometry": {
        "type": "Point",
        "coordinates": [
          11.5380335,
          24.3444378
        ]
      }
    },
    {
      "type": "Feature",
      "properties": {
        "id": 329,
        "name": "وادي انلالن",
        "primary_category": "الأودية ومصباتها",
        "all_categories": "الأودية ومصباتها",
        "description": "",
        "folders": "Untitled layer",
        "source": "اطلس2026.xml",
        "origin": "أطلس ليبيا السياحي 2026",
        "status": "جاهز مبدئياً",
        "geometry_type": "Point",
        "coord_count": 1,
        "source_type": "KML/XML"
      },
      "geometry": {
        "type": "Point",
        "coordinates": [
          10.11896,
          25.83698
        ]
      }
    },
    {
      "type": "Feature",
      "properties": {
        "id": 330,
        "name": "وادي ايرلالين",
        "primary_category": "الأودية ومصباتها",
        "all_categories": "الأودية ومصباتها",
        "description": "",
        "folders": "Untitled layer",
        "source": "اطلس2026.xml",
        "origin": "أطلس ليبيا السياحي 2026",
        "status": "جاهز مبدئياً",
        "geometry_type": "Point",
        "coord_count": 1,
        "source_type": "KML/XML"
      },
      "geometry": {
        "type": "Point",
        "coordinates": [
          10.4328378,
          25.5695193
        ]
      }
    },
    {
      "type": "Feature",
      "properties": {
        "id": 331,
        "name": "وادي ايسير",
        "primary_category": "الأودية ومصباتها",
        "all_categories": "الأودية ومصباتها",
        "description": "",
        "folders": "Untitled layer",
        "source": "اطلس2026.xml",
        "origin": "أطلس ليبيا السياحي 2026",
        "status": "جاهز مبدئياً",
        "geometry_type": "Point",
        "coord_count": 1,
        "source_type": "KML/XML"
      },
      "geometry": {
        "type": "Point",
        "coordinates": [
          12.119915,
          26.19519
        ]
      }
    },
    {
      "type": "Feature",
      "properties": {
        "id": 332,
        "name": "وادي ايسين",
        "primary_category": "الأودية ومصباتها",
        "all_categories": "الأودية ومصباتها",
        "description": "",
        "folders": "Untitled layer",
        "source": "اطلس2026.xml",
        "origin": "أطلس ليبيا السياحي 2026",
        "status": "جاهز مبدئياً",
        "geometry_type": "Point",
        "coord_count": 1,
        "source_type": "KML/XML"
      },
      "geometry": {
        "type": "Point",
        "coordinates": [
          10.2,
          24.8666722222222
        ]
      }
    },
    {
      "type": "Feature",
      "properties": {
        "id": 333,
        "name": "وادي ايضاهوين- أويس",
        "primary_category": "الأودية ومصباتها",
        "all_categories": "الأودية ومصباتها",
        "description": "",
        "folders": "Untitled layer",
        "source": "اطلس2026.xml",
        "origin": "أطلس ليبيا السياحي 2026",
        "status": "جاهز مبدئياً",
        "geometry_type": "Point",
        "coord_count": 1,
        "source_type": "KML/XML"
      },
      "geometry": {
        "type": "Point",
        "coordinates": [
          10.5814222,
          25.2869111
        ]
      }
    },
    {
      "type": "Feature",
      "properties": {
        "id": 334,
        "name": "وادي ايضر",
        "primary_category": "الأودية ومصباتها",
        "all_categories": "الأودية ومصباتها",
        "description": "",
        "folders": "Untitled layer",
        "source": "اطلس2026.xml",
        "origin": "أطلس ليبيا السياحي 2026",
        "status": "جاهز مبدئياً",
        "geometry_type": "Point",
        "coord_count": 1,
        "source_type": "KML/XML"
      },
      "geometry": {
        "type": "Point",
        "coordinates": [
          10.2345662222222,
          24.6386030277778
        ]
      }
    },
    {
      "type": "Feature",
      "properties": {
        "id": 335,
        "name": "وادي اين اهيد",
        "primary_category": "الأودية ومصباتها",
        "all_categories": "الأودية ومصباتها",
        "description": "",
        "folders": "Untitled layer",
        "source": "اطلس2026.xml",
        "origin": "أطلس ليبيا السياحي 2026",
        "status": "جاهز مبدئياً",
        "geometry_type": "Point",
        "coord_count": 1,
        "source_type": "KML/XML"
      },
      "geometry": {
        "type": "Point",
        "coordinates": [
          10.5077362,
          24.821951
        ]
      }
    },
    {
      "type": "Feature",
      "properties": {
        "id": 336,
        "name": "وادي اين حقارين",
        "primary_category": "الأودية ومصباتها",
        "all_categories": "الأودية ومصباتها",
        "description": "",
        "folders": "Untitled layer",
        "source": "اطلس2026.xml",
        "origin": "أطلس ليبيا السياحي 2026",
        "status": "جاهز مبدئياً",
        "geometry_type": "Point",
        "coord_count": 1,
        "source_type": "KML/XML"
      },
      "geometry": {
        "type": "Point",
        "coordinates": [
          11.7868656,
          25.0045957
        ]
      }
    },
    {
      "type": "Feature",
      "properties": {
        "id": 337,
        "name": "وادي اينسين",
        "primary_category": "الأودية ومصباتها",
        "all_categories": "الأودية ومصباتها",
        "description": "",
        "folders": "Untitled layer",
        "source": "اطلس2026.xml",
        "origin": "أطلس ليبيا السياحي 2026",
        "status": "جاهز مبدئياً",
        "geometry_type": "Point",
        "coord_count": 1,
        "source_type": "KML/XML"
      },
      "geometry": {
        "type": "Point",
        "coordinates": [
          12.089414,
          26.110619
        ]
      }
    },
    {
      "type": "Feature",
      "properties": {
        "id": 338,
        "name": "وادي ايهيدن",
        "primary_category": "الأودية ومصباتها",
        "all_categories": "الأودية ومصباتها",
        "description": "",
        "folders": "Untitled layer",
        "source": "اطلس2026.xml",
        "origin": "أطلس ليبيا السياحي 2026",
        "status": "جاهز مبدئياً",
        "geometry_type": "Point",
        "coord_count": 1,
        "source_type": "KML/XML"
      },
      "geometry": {
        "type": "Point",
        "coordinates": [
          12.635263,
          26.413254
        ]
      }
    },
    {
      "type": "Feature",
      "properties": {
        "id": 339,
        "name": "وادي بئر الرملة",
        "primary_category": "الأودية ومصباتها",
        "all_categories": "الأودية ومصباتها؛ آبار وخزانات ومصادر مياه أخرى",
        "description": "",
        "folders": "Untitled layer",
        "source": "اطلس2026.xml",
        "origin": "أطلس ليبيا السياحي 2026",
        "status": "جاهز مبدئياً",
        "geometry_type": "Point",
        "coord_count": 1,
        "source_type": "KML/XML"
      },
      "geometry": {
        "type": "Point",
        "coordinates": [
          25.1451294,
          31.6760926
        ]
      }
    },
    {
      "type": "Feature",
      "properties": {
        "id": 340,
        "name": "وادي باديس",
        "primary_category": "الأودية ومصباتها",
        "all_categories": "الأودية ومصباتها",
        "description": "",
        "folders": "Untitled layer",
        "source": "اطلس2026.xml",
        "origin": "أطلس ليبيا السياحي 2026",
        "status": "جاهز مبدئياً",
        "geometry_type": "Point",
        "coord_count": 1,
        "source_type": "KML/XML"
      },
      "geometry": {
        "type": "Point",
        "coordinates": [
          11.9204816,
          26.138428
        ]
      }
    },
    {
      "type": "Feature",
      "properties": {
        "id": 341,
        "name": "وادي بالحمام",
        "primary_category": "الأودية ومصباتها",
        "all_categories": "الأودية ومصباتها؛ الفوارات والمياه الكبريتية والحمامات",
        "description": "",
        "folders": "Untitled layer",
        "source": "اطلس2026.xml",
        "origin": "أطلس ليبيا السياحي 2026",
        "status": "جاهز مبدئياً",
        "geometry_type": "Point",
        "coord_count": 1,
        "source_type": "KML/XML"
      },
      "geometry": {
        "type": "Point",
        "coordinates": [
          23.5691071,
          32.1708902
        ]
      }
    },
    {
      "type": "Feature",
      "properties": {
        "id": 342,
        "name": "وادي برجوج",
        "primary_category": "الأودية ومصباتها",
        "all_categories": "الأودية ومصباتها",
        "description": "",
        "folders": "Untitled layer",
        "source": "اطلس2026.xml",
        "origin": "أطلس ليبيا السياحي 2026",
        "status": "جاهز مبدئياً",
        "geometry_type": "Point",
        "coord_count": 1,
        "source_type": "KML/XML"
      },
      "geometry": {
        "type": "Point",
        "coordinates": [
          12.44065,
          25.72433
        ]
      }
    },
    {
      "type": "Feature",
      "properties": {
        "id": 343,
        "name": "وادي بردي غنيوة",
        "primary_category": "الأودية ومصباتها",
        "all_categories": "الأودية ومصباتها",
        "description": "",
        "folders": "Untitled layer",
        "source": "اطلس2026.xml",
        "origin": "أطلس ليبيا السياحي 2026",
        "status": "جاهز مبدئياً",
        "geometry_type": "Point",
        "coord_count": 1,
        "source_type": "KML/XML"
      },
      "geometry": {
        "type": "Point",
        "coordinates": [
          25.0155687,
          31.9422209
        ]
      }
    },
    {
      "type": "Feature",
      "properties": {
        "id": 344,
        "name": "وادي برزة",
        "primary_category": "الأودية ومصباتها",
        "all_categories": "الأودية ومصباتها",
        "description": "",
        "folders": "Untitled layer",
        "source": "اطلس2026.xml",
        "origin": "أطلس ليبيا السياحي 2026",
        "status": "جاهز مبدئياً",
        "geometry_type": "Point",
        "coord_count": 1,
        "source_type": "KML/XML"
      },
      "geometry": {
        "type": "Point",
        "coordinates": [
          14.1270339,
          31.5961879
        ]
      }
    },
    {
      "type": "Feature",
      "properties": {
        "id": 345,
        "name": "وادي برور",
        "primary_category": "الأودية ومصباتها",
        "all_categories": "الأودية ومصباتها",
        "description": "",
        "folders": "Untitled layer",
        "source": "اطلس2026.xml",
        "origin": "أطلس ليبيا السياحي 2026",
        "status": "جاهز مبدئياً",
        "geometry_type": "Point",
        "coord_count": 1,
        "source_type": "KML/XML"
      },
      "geometry": {
        "type": "Point",
        "coordinates": [
          22.867012,
          32.6886538
        ]
      }
    },
    {
      "type": "Feature",
      "properties": {
        "id": 346,
        "name": "وادي بزرة",
        "primary_category": "الأودية ومصباتها",
        "all_categories": "الأودية ومصباتها",
        "description": "",
        "folders": "Untitled layer",
        "source": "اطلس2026.xml",
        "origin": "أطلس ليبيا السياحي 2026",
        "status": "جاهز مبدئياً",
        "geometry_type": "Point",
        "coord_count": 1,
        "source_type": "KML/XML"
      },
      "geometry": {
        "type": "Point",
        "coordinates": [
          14.0312147,
          31.5832516
        ]
      }
    },
    {
      "type": "Feature",
      "properties": {
        "id": 347,
        "name": "وادي بسيس أو وادي كريم",
        "primary_category": "الأودية ومصباتها",
        "all_categories": "الأودية ومصباتها",
        "description": "",
        "folders": "Untitled layer",
        "source": "اطلس2026.xml",
        "origin": "أطلس ليبيا السياحي 2026",
        "status": "جاهز مبدئياً",
        "geometry_type": "Point",
        "coord_count": 1,
        "source_type": "KML/XML"
      },
      "geometry": {
        "type": "Point",
        "coordinates": [
          13.85,
          32.7833333333333
        ]
      }
    },
    {
      "type": "Feature",
      "properties": {
        "id": 348,
        "name": "وادي بلعريض",
        "primary_category": "الأودية ومصباتها",
        "all_categories": "الأودية ومصباتها",
        "description": "",
        "folders": "Untitled layer",
        "source": "اطلس2026.xml",
        "origin": "أطلس ليبيا السياحي 2026",
        "status": "جاهز مبدئياً",
        "geometry_type": "Point",
        "coord_count": 1,
        "source_type": "KML/XML"
      },
      "geometry": {
        "type": "Point",
        "coordinates": [
          21.3189608,
          32.7718959
        ]
      }
    },
    {
      "type": "Feature",
      "properties": {
        "id": 349,
        "name": "وادي بلغدير",
        "primary_category": "الأودية ومصباتها",
        "all_categories": "الأودية ومصباتها؛ البرك والبلطات والقلتات",
        "description": "",
        "folders": "Untitled layer",
        "source": "اطلس2026.xml",
        "origin": "أطلس ليبيا السياحي 2026",
        "status": "جاهز مبدئياً",
        "geometry_type": "Point",
        "coord_count": 1,
        "source_type": "KML/XML"
      },
      "geometry": {
        "type": "Point",
        "coordinates": [
          21.8517352,
          32.8176855
        ]
      }
    },
    {
      "type": "Feature",
      "properties": {
        "id": 350,
        "name": "وادي بلوز",
        "primary_category": "الأودية ومصباتها",
        "all_categories": "الأودية ومصباتها",
        "description": "",
        "folders": "Untitled layer",
        "source": "اطلس2026.xml",
        "origin": "أطلس ليبيا السياحي 2026",
        "status": "جاهز مبدئياً",
        "geometry_type": "Point",
        "coord_count": 1,
        "source_type": "KML/XML"
      },
      "geometry": {
        "type": "Point",
        "coordinates": [
          14.3964577,
          32.22822
        ]
      }
    },
    {
      "type": "Feature",
      "properties": {
        "id": 351,
        "name": "وادي بن جواد",
        "primary_category": "الأودية ومصباتها",
        "all_categories": "الأودية ومصباتها",
        "description": "",
        "folders": "Untitled layer",
        "source": "اطلس2026.xml",
        "origin": "أطلس ليبيا السياحي 2026",
        "status": "جاهز مبدئياً",
        "geometry_type": "Point",
        "coord_count": 1,
        "source_type": "KML/XML"
      },
      "geometry": {
        "type": "Point",
        "coordinates": [
          18.0572947,
          30.7898266
        ]
      }
    },
    {
      "type": "Feature",
      "properties": {
        "id": 352,
        "name": "وادي بن هنيدي",
        "primary_category": "الأودية ومصباتها",
        "all_categories": "الأودية ومصباتها",
        "description": "",
        "folders": "Untitled layer",
        "source": "اطلس2026.xml",
        "origin": "أطلس ليبيا السياحي 2026",
        "status": "جاهز مبدئياً",
        "geometry_type": "Point",
        "coord_count": 1,
        "source_type": "KML/XML"
      },
      "geometry": {
        "type": "Point",
        "coordinates": [
          17.0379778,
          28.1109039
        ]
      }
    },
    {
      "type": "Feature",
      "properties": {
        "id": 353,
        "name": "وادي بن وليد",
        "primary_category": "الأودية ومصباتها",
        "all_categories": "الأودية ومصباتها",
        "description": "",
        "folders": "Untitled layer",
        "source": "اطلس2026.xml",
        "origin": "أطلس ليبيا السياحي 2026",
        "status": "جاهز مبدئياً",
        "geometry_type": "Point",
        "coord_count": 1,
        "source_type": "KML/XML"
      },
      "geometry": {
        "type": "Point",
        "coordinates": [
          14.0517282,
          31.7794014
        ]
      }
    },
    {
      "type": "Feature",
      "properties": {
        "id": 354,
        "name": "وادي بني وليد",
        "primary_category": "الأودية ومصباتها",
        "all_categories": "الأودية ومصباتها",
        "description": "",
        "folders": "Untitled layer",
        "source": "اطلس2026.xml",
        "origin": "أطلس ليبيا السياحي 2026",
        "status": "جاهز مبدئياً",
        "geometry_type": "Point",
        "coord_count": 1,
        "source_type": "KML/XML"
      },
      "geometry": {
        "type": "Point",
        "coordinates": [
          13.4902668,
          31.8400504
        ]
      }
    },
    {
      "type": "Feature",
      "properties": {
        "id": 355,
        "name": "وادي بو الفريط",
        "primary_category": "الأودية ومصباتها",
        "all_categories": "الأودية ومصباتها",
        "description": "",
        "folders": "Untitled layer",
        "source": "اطلس2026.xml",
        "origin": "أطلس ليبيا السياحي 2026",
        "status": "جاهز مبدئياً",
        "geometry_type": "Point",
        "coord_count": 1,
        "source_type": "KML/XML"
      },
      "geometry": {
        "type": "Point",
        "coordinates": [
          24.413209,
          31.9904064
        ]
      }
    },
    {
      "type": "Feature",
      "properties": {
        "id": 356,
        "name": "وادي بو روحي",
        "primary_category": "الأودية ومصباتها",
        "all_categories": "الأودية ومصباتها",
        "description": "",
        "folders": "Untitled layer",
        "source": "اطلس2026.xml",
        "origin": "أطلس ليبيا السياحي 2026",
        "status": "جاهز مبدئياً",
        "geometry_type": "Point",
        "coord_count": 1,
        "source_type": "KML/XML"
      },
      "geometry": {
        "type": "Point",
        "coordinates": [
          25.0433694444445,
          31.8292888888889
        ]
      }
    },
    {
      "type": "Feature",
      "properties": {
        "id": 357,
        "name": "وادي بوالحنافيس",
        "primary_category": "الأودية ومصباتها",
        "all_categories": "الأودية ومصباتها",
        "description": "",
        "folders": "Untitled layer",
        "source": "اطلس2026.xml",
        "origin": "أطلس ليبيا السياحي 2026",
        "status": "جاهز مبدئياً",
        "geometry_type": "Point",
        "coord_count": 1,
        "source_type": "KML/XML"
      },
      "geometry": {
        "type": "Point",
        "coordinates": [
          21.1897222222223,
          32.77
        ]
      }
    },
    {
      "type": "Feature",
      "properties": {
        "id": 358,
        "name": "وادي بوالرصف",
        "primary_category": "الأودية ومصباتها",
        "all_categories": "الأودية ومصباتها",
        "description": "",
        "folders": "Untitled layer",
        "source": "اطلس2026.xml",
        "origin": "أطلس ليبيا السياحي 2026",
        "status": "جاهز مبدئياً",
        "geometry_type": "Point",
        "coord_count": 1,
        "source_type": "KML/XML"
      },
      "geometry": {
        "type": "Point",
        "coordinates": [
          14.2710042,
          32.6468913
        ]
      }
    },
    {
      "type": "Feature",
      "properties": {
        "id": 359,
        "name": "وادي بوالرصف",
        "primary_category": "الأودية ومصباتها",
        "all_categories": "الأودية ومصباتها",
        "description": "",
        "folders": "Untitled layer",
        "source": "اطلس2026.xml",
        "origin": "أطلس ليبيا السياحي 2026",
        "status": "جاهز مبدئياً",
        "geometry_type": "Point",
        "coord_count": 1,
        "source_type": "KML/XML"
      },
      "geometry": {
        "type": "Point",
        "coordinates": [
          11.6928055555555,
          31.9011083333333
        ]
      }
    },
    {
      "type": "Feature",
      "properties": {
        "id": 360,
        "name": "وادي بوالكراميس",
        "primary_category": "الأودية ومصباتها",
        "all_categories": "الأودية ومصباتها",
        "description": "",
        "folders": "Untitled layer",
        "source": "اطلس2026.xml",
        "origin": "أطلس ليبيا السياحي 2026",
        "status": "جاهز مبدئياً",
        "geometry_type": "Point",
        "coord_count": 1,
        "source_type": "KML/XML"
      },
      "geometry": {
        "type": "Point",
        "coordinates": [
          23.8802862,
          32.1146761
        ]
      }
    },
    {
      "type": "Feature",
      "properties": {
        "id": 361,
        "name": "وادي بوالكف",
        "primary_category": "الأودية ومصباتها",
        "all_categories": "الأودية ومصباتها",
        "description": "",
        "folders": "Untitled layer",
        "source": "اطلس2026.xml",
        "origin": "أطلس ليبيا السياحي 2026",
        "status": "جاهز مبدئياً",
        "geometry_type": "Point",
        "coord_count": 1,
        "source_type": "KML/XML"
      },
      "geometry": {
        "type": "Point",
        "coordinates": [
          20.9891117,
          32.7314799
        ]
      }
    },
    {
      "type": "Feature",
      "properties": {
        "id": 362,
        "name": "وادي بوبو",
        "primary_category": "الأودية ومصباتها",
        "all_categories": "الأودية ومصباتها",
        "description": "",
        "folders": "Untitled layer",
        "source": "اطلس2026.xml",
        "origin": "أطلس ليبيا السياحي 2026",
        "status": "جاهز مبدئياً",
        "geometry_type": "Point",
        "coord_count": 1,
        "source_type": "KML/XML"
      },
      "geometry": {
        "type": "Point",
        "coordinates": [
          10.6388855,
          24.6170573
        ]
      }
    },
    {
      "type": "Feature",
      "properties": {
        "id": 363,
        "name": "وادي بوتركية",
        "primary_category": "الأودية ومصباتها",
        "all_categories": "الأودية ومصباتها",
        "description": "",
        "folders": "Untitled layer",
        "source": "اطلس2026.xml",
        "origin": "أطلس ليبيا السياحي 2026",
        "status": "جاهز مبدئياً",
        "geometry_type": "Point",
        "coord_count": 1,
        "source_type": "KML/XML"
      },
      "geometry": {
        "type": "Point",
        "coordinates": [
          21.8545395,
          32.8226821
        ]
      }
    },
    {
      "type": "Feature",
      "properties": {
        "id": 364,
        "name": "وادي بوحجر",
        "primary_category": "الأودية ومصباتها",
        "all_categories": "الأودية ومصباتها",
        "description": "",
        "folders": "Untitled layer",
        "source": "اطلس2026.xml",
        "origin": "أطلس ليبيا السياحي 2026",
        "status": "جاهز مبدئياً",
        "geometry_type": "Point",
        "coord_count": 1,
        "source_type": "KML/XML"
      },
      "geometry": {
        "type": "Point",
        "coordinates": [
          23.8854575,
          32.1155485
        ]
      }
    },
    {
      "type": "Feature",
      "properties": {
        "id": 365,
        "name": "وادي بوحسنة",
        "primary_category": "الأودية ومصباتها",
        "all_categories": "الأودية ومصباتها",
        "description": "",
        "folders": "Untitled layer",
        "source": "اطلس2026.xml",
        "origin": "أطلس ليبيا السياحي 2026",
        "status": "جاهز مبدئياً",
        "geometry_type": "Point",
        "coord_count": 1,
        "source_type": "KML/XML"
      },
      "geometry": {
        "type": "Point",
        "coordinates": [
          23.5107422,
          32.1654411
        ]
      }
    },
    {
      "type": "Feature",
      "properties": {
        "id": 366,
        "name": "وادي بودويشة",
        "primary_category": "الأودية ومصباتها",
        "all_categories": "الأودية ومصباتها",
        "description": "",
        "folders": "Untitled layer",
        "source": "اطلس2026.xml",
        "origin": "أطلس ليبيا السياحي 2026",
        "status": "جاهز مبدئياً",
        "geometry_type": "Point",
        "coord_count": 1,
        "source_type": "KML/XML"
      },
      "geometry": {
        "type": "Point",
        "coordinates": [
          23.8256121,
          32.1394989
        ]
      }
    },
    {
      "type": "Feature",
      "properties": {
        "id": 367,
        "name": "وادي بوزنة",
        "primary_category": "الأودية ومصباتها",
        "all_categories": "الأودية ومصباتها",
        "description": "",
        "folders": "Untitled layer",
        "source": "اطلس2026.xml",
        "origin": "أطلس ليبيا السياحي 2026",
        "status": "جاهز مبدئياً",
        "geometry_type": "Point",
        "coord_count": 1,
        "source_type": "KML/XML"
      },
      "geometry": {
        "type": "Point",
        "coordinates": [
          12.885817,
          26.478417
        ]
      }
    },
    {
      "type": "Feature",
      "properties": {
        "id": 368,
        "name": "وادي بوشماري",
        "primary_category": "الأودية ومصباتها",
        "all_categories": "الأودية ومصباتها",
        "description": "",
        "folders": "Untitled layer",
        "source": "اطلس2026.xml",
        "origin": "أطلس ليبيا السياحي 2026",
        "status": "جاهز مبدئياً",
        "geometry_type": "Point",
        "coord_count": 1,
        "source_type": "KML/XML"
      },
      "geometry": {
        "type": "Point",
        "coordinates": [
          21.0249347,
          32.7416569
        ]
      }
    },
    {
      "type": "Feature",
      "properties": {
        "id": 369,
        "name": "وادي بوشويبة",
        "primary_category": "الأودية ومصباتها",
        "all_categories": "الأودية ومصباتها",
        "description": "",
        "folders": "Untitled layer",
        "source": "اطلس2026.xml",
        "origin": "أطلس ليبيا السياحي 2026",
        "status": "جاهز مبدئياً",
        "geometry_type": "Point",
        "coord_count": 1,
        "source_type": "KML/XML"
      },
      "geometry": {
        "type": "Point",
        "coordinates": [
          20.6124564,
          32.3827098
        ]
      }
    },
    {
      "type": "Feature",
      "properties": {
        "id": 370,
        "name": "وادي بوشويكة",
        "primary_category": "الأودية ومصباتها",
        "all_categories": "الأودية ومصباتها",
        "description": "",
        "folders": "Untitled layer",
        "source": "اطلس2026.xml",
        "origin": "أطلس ليبيا السياحي 2026",
        "status": "جاهز مبدئياً",
        "geometry_type": "Point",
        "coord_count": 1,
        "source_type": "KML/XML"
      },
      "geometry": {
        "type": "Point",
        "coordinates": [
          24.6683407,
          32.0166638
        ]
      }
    },
    {
      "type": "Feature",
      "properties": {
        "id": 371,
        "name": "وادي بوعمود",
        "primary_category": "الأودية ومصباتها",
        "all_categories": "الأودية ومصباتها",
        "description": "",
        "folders": "Untitled layer",
        "source": "اطلس2026.xml",
        "origin": "أطلس ليبيا السياحي 2026",
        "status": "جاهز مبدئياً",
        "geometry_type": "Point",
        "coord_count": 1,
        "source_type": "KML/XML"
      },
      "geometry": {
        "type": "Point",
        "coordinates": [
          24.1949583,
          31.9914205
        ]
      }
    },
    {
      "type": "Feature",
      "properties": {
        "id": 372,
        "name": "وادي بوفراش",
        "primary_category": "الأودية ومصباتها",
        "all_categories": "الأودية ومصباتها",
        "description": "",
        "folders": "Untitled layer",
        "source": "اطلس2026.xml",
        "origin": "أطلس ليبيا السياحي 2026",
        "status": "جاهز مبدئياً",
        "geometry_type": "Point",
        "coord_count": 1,
        "source_type": "KML/XML"
      },
      "geometry": {
        "type": "Point",
        "coordinates": [
          22.0432734,
          32.8861644
        ]
      }
    },
    {
      "type": "Feature",
      "properties": {
        "id": 373,
        "name": "وادي بوقشيطة",
        "primary_category": "الأودية ومصباتها",
        "all_categories": "الأودية ومصباتها",
        "description": "",
        "folders": "Untitled layer",
        "source": "اطلس2026.xml",
        "origin": "أطلس ليبيا السياحي 2026",
        "status": "جاهز مبدئياً",
        "geometry_type": "Point",
        "coord_count": 1,
        "source_type": "KML/XML"
      },
      "geometry": {
        "type": "Point",
        "coordinates": [
          23.8041973,
          32.1486921
        ]
      }
    },
    {
      "type": "Feature",
      "properties": {
        "id": 374,
        "name": "وادي بوقندول",
        "primary_category": "الأودية ومصباتها",
        "all_categories": "الأودية ومصباتها",
        "description": "",
        "folders": "Untitled layer",
        "source": "اطلس2026.xml",
        "origin": "أطلس ليبيا السياحي 2026",
        "status": "جاهز مبدئياً",
        "geometry_type": "Point",
        "coord_count": 1,
        "source_type": "KML/XML"
      },
      "geometry": {
        "type": "Point",
        "coordinates": [
          22.0762968,
          32.8972094
        ]
      }
    },
    {
      "type": "Feature",
      "properties": {
        "id": 375,
        "name": "وادي بومشفة",
        "primary_category": "الأودية ومصباتها",
        "all_categories": "الأودية ومصباتها",
        "description": "",
        "folders": "Untitled layer",
        "source": "اطلس2026.xml",
        "origin": "أطلس ليبيا السياحي 2026",
        "status": "جاهز مبدئياً",
        "geometry_type": "Point",
        "coord_count": 1,
        "source_type": "KML/XML"
      },
      "geometry": {
        "type": "Point",
        "coordinates": [
          20.9217024,
          32.6952271
        ]
      }
    },
    {
      "type": "Feature",
      "properties": {
        "id": 376,
        "name": "وادي بونبح",
        "primary_category": "الأودية ومصباتها",
        "all_categories": "الأودية ومصباتها",
        "description": "",
        "folders": "Untitled layer",
        "source": "اطلس2026.xml",
        "origin": "أطلس ليبيا السياحي 2026",
        "status": "جاهز مبدئياً",
        "geometry_type": "Point",
        "coord_count": 1,
        "source_type": "KML/XML"
      },
      "geometry": {
        "type": "Point",
        "coordinates": [
          21.8362284,
          32.8202801
        ]
      }
    },
    {
      "type": "Feature",
      "properties": {
        "id": 377,
        "name": "وادي بي الكبير",
        "primary_category": "الأودية ومصباتها",
        "all_categories": "الأودية ومصباتها",
        "description": "",
        "folders": "Untitled layer",
        "source": "اطلس2026.xml",
        "origin": "أطلس ليبيا السياحي 2026",
        "status": "جاهز مبدئياً",
        "geometry_type": "Point",
        "coord_count": 1,
        "source_type": "KML/XML"
      },
      "geometry": {
        "type": "Point",
        "coordinates": [
          15.3199786,
          30.8622723
        ]
      }
    },
    {
      "type": "Feature",
      "properties": {
        "id": 378,
        "name": "وادي تاتي",
        "primary_category": "الأودية ومصباتها",
        "all_categories": "الأودية ومصباتها",
        "description": "",
        "folders": "Untitled layer",
        "source": "اطلس2026.xml",
        "origin": "أطلس ليبيا السياحي 2026",
        "status": "جاهز مبدئياً",
        "geometry_type": "Point",
        "coord_count": 1,
        "source_type": "KML/XML"
      },
      "geometry": {
        "type": "Point",
        "coordinates": [
          24.5001984,
          31.9872943
        ]
      }
    },
    {
      "type": "Feature",
      "properties": {
        "id": 379,
        "name": "وادي تاجنؤورت",
        "primary_category": "الأودية ومصباتها",
        "all_categories": "الأودية ومصباتها",
        "description": "",
        "folders": "Untitled layer",
        "source": "اطلس2026.xml",
        "origin": "أطلس ليبيا السياحي 2026",
        "status": "جاهز مبدئياً",
        "geometry_type": "Point",
        "coord_count": 1,
        "source_type": "KML/XML"
      },
      "geometry": {
        "type": "Point",
        "coordinates": [
          10.4106496666667,
          24.5375005277778
        ]
      }
    },
    {
      "type": "Feature",
      "properties": {
        "id": 380,
        "name": "وادي تاروت",
        "primary_category": "الأودية ومصباتها",
        "all_categories": "الأودية ومصباتها",
        "description": "",
        "folders": "Untitled layer",
        "source": "اطلس2026.xml",
        "origin": "أطلس ليبيا السياحي 2026",
        "status": "جاهز مبدئياً",
        "geometry_type": "Point",
        "coord_count": 1,
        "source_type": "KML/XML"
      },
      "geometry": {
        "type": "Point",
        "coordinates": [
          13.6244444,
          32.465
        ]
      }
    },
    {
      "type": "Feature",
      "properties": {
        "id": 381,
        "name": "وادي تازرفت",
        "primary_category": "الأودية ومصباتها",
        "all_categories": "الأودية ومصباتها",
        "description": "",
        "folders": "Untitled layer",
        "source": "اطلس2026.xml",
        "origin": "أطلس ليبيا السياحي 2026",
        "status": "جاهز مبدئياً",
        "geometry_type": "Point",
        "coord_count": 1,
        "source_type": "KML/XML"
      },
      "geometry": {
        "type": "Point",
        "coordinates": [
          10.4073388888889,
          25.7241305555556
        ]
      }
    },
    {
      "type": "Feature",
      "properties": {
        "id": 382,
        "name": "وادي تاشوينات",
        "primary_category": "الأودية ومصباتها",
        "all_categories": "الأودية ومصباتها",
        "description": "",
        "folders": "Untitled layer",
        "source": "اطلس2026.xml",
        "origin": "أطلس ليبيا السياحي 2026",
        "status": "جاهز مبدئياً",
        "geometry_type": "Point",
        "coord_count": 1,
        "source_type": "KML/XML"
      },
      "geometry": {
        "type": "Point",
        "coordinates": [
          10.460701,
          24.806994
        ]
      }
    },
    {
      "type": "Feature",
      "properties": {
        "id": 383,
        "name": "وادي تانشالت",
        "primary_category": "الأودية ومصباتها",
        "all_categories": "الأودية ومصباتها",
        "description": "",
        "folders": "Untitled layer",
        "source": "اطلس2026.xml",
        "origin": "أطلس ليبيا السياحي 2026",
        "status": "جاهز مبدئياً",
        "geometry_type": "Point",
        "coord_count": 1,
        "source_type": "KML/XML"
      },
      "geometry": {
        "type": "Point",
        "coordinates": [
          10.5959701,
          24.6638652
        ]
      }
    },
    {
      "type": "Feature",
      "properties": {
        "id": 384,
        "name": "وادي تباركت",
        "primary_category": "الأودية ومصباتها",
        "all_categories": "الأودية ومصباتها",
        "description": "",
        "folders": "Untitled layer",
        "source": "اطلس2026.xml",
        "origin": "أطلس ليبيا السياحي 2026",
        "status": "جاهز مبدئياً",
        "geometry_type": "Point",
        "coord_count": 1,
        "source_type": "KML/XML"
      },
      "geometry": {
        "type": "Point",
        "coordinates": [
          12.1252556,
          25.8564741
        ]
      }
    },
    {
      "type": "Feature",
      "properties": {
        "id": 385,
        "name": "وادي تخرخوري",
        "primary_category": "الأودية ومصباتها",
        "all_categories": "الأودية ومصباتها",
        "description": "",
        "folders": "Untitled layer",
        "source": "اطلس2026.xml",
        "origin": "أطلس ليبيا السياحي 2026",
        "status": "جاهز مبدئياً",
        "geometry_type": "Point",
        "coord_count": 1,
        "source_type": "KML/XML"
      },
      "geometry": {
        "type": "Point",
        "coordinates": [
          10.5043887,
          24.557272
        ]
      }
    },
    {
      "type": "Feature",
      "properties": {
        "id": 386,
        "name": "وادي ترغت",
        "primary_category": "الأودية ومصباتها",
        "all_categories": "الأودية ومصباتها",
        "description": "",
        "folders": "Untitled layer",
        "source": "اطلس2026.xml",
        "origin": "أطلس ليبيا السياحي 2026",
        "status": "جاهز مبدئياً",
        "geometry_type": "Point",
        "coord_count": 1,
        "source_type": "KML/XML"
      },
      "geometry": {
        "type": "Point",
        "coordinates": [
          13.8222221999999,
          32.7894444
        ]
      }
    },
    {
      "type": "Feature",
      "properties": {
        "id": 387,
        "name": "وادي ترغت",
        "primary_category": "الأودية ومصباتها",
        "all_categories": "الأودية ومصباتها",
        "description": "",
        "folders": "Untitled layer",
        "source": "اطلس2026.xml",
        "origin": "أطلس ليبيا السياحي 2026",
        "status": "جاهز مبدئياً",
        "geometry_type": "Point",
        "coord_count": 1,
        "source_type": "KML/XML"
      },
      "geometry": {
        "type": "Point",
        "coordinates": [
          13.7925,
          32.5630555555556
        ]
      }
    },
    {
      "type": "Feature",
      "properties": {
        "id": 388,
        "name": "وادي ترغلات",
        "primary_category": "الأودية ومصباتها",
        "all_categories": "الأودية ومصباتها",
        "description": "",
        "folders": "Untitled layer",
        "source": "اطلس2026.xml",
        "origin": "أطلس ليبيا السياحي 2026",
        "status": "جاهز مبدئياً",
        "geometry_type": "Point",
        "coord_count": 1,
        "source_type": "KML/XML"
      },
      "geometry": {
        "type": "Point",
        "coordinates": [
          14.0557188,
          32.1709688
        ]
      }
    },
    {
      "type": "Feature",
      "properties": {
        "id": 389,
        "name": "وادي تسبا",
        "primary_category": "الأودية ومصباتها",
        "all_categories": "الأودية ومصباتها",
        "description": "",
        "folders": "Untitled layer",
        "source": "اطلس2026.xml",
        "origin": "أطلس ليبيا السياحي 2026",
        "status": "جاهز مبدئياً",
        "geometry_type": "Point",
        "coord_count": 1,
        "source_type": "KML/XML"
      },
      "geometry": {
        "type": "Point",
        "coordinates": [
          10.4713277777778,
          25.2971194444444
        ]
      }
    },
    {
      "type": "Feature",
      "properties": {
        "id": 390,
        "name": "وادي تشلواوت",
        "primary_category": "الأودية ومصباتها",
        "all_categories": "الأودية ومصباتها",
        "description": "",
        "folders": "Untitled layer",
        "source": "اطلس2026.xml",
        "origin": "أطلس ليبيا السياحي 2026",
        "status": "جاهز مبدئياً",
        "geometry_type": "Point",
        "coord_count": 1,
        "source_type": "KML/XML"
      },
      "geometry": {
        "type": "Point",
        "coordinates": [
          11.637682,
          25.069906
        ]
      }
    },
    {
      "type": "Feature",
      "properties": {
        "id": 391,
        "name": "وادي تغسات",
        "primary_category": "الأودية ومصباتها",
        "all_categories": "الأودية ومصباتها",
        "description": "",
        "folders": "Untitled layer",
        "source": "اطلس2026.xml",
        "origin": "أطلس ليبيا السياحي 2026",
        "status": "جاهز مبدئياً",
        "geometry_type": "Point",
        "coord_count": 1,
        "source_type": "KML/XML"
      },
      "geometry": {
        "type": "Point",
        "coordinates": [
          12.9974999999999,
          32.1725
        ]
      }
    },
    {
      "type": "Feature",
      "properties": {
        "id": 392,
        "name": "وادي تكبارت",
        "primary_category": "الأودية ومصباتها",
        "all_categories": "الأودية ومصباتها",
        "description": "",
        "folders": "Untitled layer",
        "source": "اطلس2026.xml",
        "origin": "أطلس ليبيا السياحي 2026",
        "status": "جاهز مبدئياً",
        "geometry_type": "Point",
        "coord_count": 1,
        "source_type": "KML/XML"
      },
      "geometry": {
        "type": "Point",
        "coordinates": [
          11.9720442,
          25.9172454
        ]
      }
    },
    {
      "type": "Feature",
      "properties": {
        "id": 393,
        "name": "وادي تكظالت",
        "primary_category": "الأودية ومصباتها",
        "all_categories": "الأودية ومصباتها",
        "description": "",
        "folders": "Untitled layer",
        "source": "اطلس2026.xml",
        "origin": "أطلس ليبيا السياحي 2026",
        "status": "جاهز مبدئياً",
        "geometry_type": "Point",
        "coord_count": 1,
        "source_type": "KML/XML"
      },
      "geometry": {
        "type": "Point",
        "coordinates": [
          10.51905,
          24.8520667
        ]
      }
    },
    {
      "type": "Feature",
      "properties": {
        "id": 394,
        "name": "وادي تلمسين",
        "primary_category": "الأودية ومصباتها",
        "all_categories": "الأودية ومصباتها",
        "description": "",
        "folders": "Untitled layer",
        "source": "اطلس2026.xml",
        "origin": "أطلس ليبيا السياحي 2026",
        "status": "جاهز مبدئياً",
        "geometry_type": "Point",
        "coord_count": 1,
        "source_type": "KML/XML"
      },
      "geometry": {
        "type": "Point",
        "coordinates": [
          11.21667,
          24.61667
        ]
      }
    },
    {
      "type": "Feature",
      "properties": {
        "id": 395,
        "name": "وادي تلووا",
        "primary_category": "الأودية ومصباتها",
        "all_categories": "الأودية ومصباتها",
        "description": "",
        "folders": "Untitled layer",
        "source": "اطلس2026.xml",
        "origin": "أطلس ليبيا السياحي 2026",
        "status": "جاهز مبدئياً",
        "geometry_type": "Point",
        "coord_count": 1,
        "source_type": "KML/XML"
      },
      "geometry": {
        "type": "Point",
        "coordinates": [
          10.4396888888889,
          25.4575
        ]
      }
    },
    {
      "type": "Feature",
      "properties": {
        "id": 396,
        "name": "وادي تلووات",
        "primary_category": "الأودية ومصباتها",
        "all_categories": "الأودية ومصباتها",
        "description": "",
        "folders": "Untitled layer",
        "source": "اطلس2026.xml",
        "origin": "أطلس ليبيا السياحي 2026",
        "status": "جاهز مبدئياً",
        "geometry_type": "Point",
        "coord_count": 1,
        "source_type": "KML/XML"
      },
      "geometry": {
        "type": "Point",
        "coordinates": [
          10.6667,
          24.9667
        ]
      }
    },
    {
      "type": "Feature",
      "properties": {
        "id": 397,
        "name": "وادي تليغزتين",
        "primary_category": "الأودية ومصباتها",
        "all_categories": "الأودية ومصباتها",
        "description": "",
        "folders": "Untitled layer",
        "source": "اطلس2026.xml",
        "origin": "أطلس ليبيا السياحي 2026",
        "status": "جاهز مبدئياً",
        "geometry_type": "Point",
        "coord_count": 1,
        "source_type": "KML/XML"
      },
      "geometry": {
        "type": "Point",
        "coordinates": [
          11.9574230000001,
          25.738735
        ]
      }
    },
    {
      "type": "Feature",
      "properties": {
        "id": 398,
        "name": "وادي تمام",
        "primary_category": "الأودية ومصباتها",
        "all_categories": "الأودية ومصباتها",
        "description": "",
        "folders": "Untitled layer",
        "source": "اطلس2026.xml",
        "origin": "أطلس ليبيا السياحي 2026",
        "status": "جاهز مبدئياً",
        "geometry_type": "Point",
        "coord_count": 1,
        "source_type": "KML/XML"
      },
      "geometry": {
        "type": "Point",
        "coordinates": [
          16.85,
          26.9
        ]
      }
    },
    {
      "type": "Feature",
      "properties": {
        "id": 399,
        "name": "وادي تناروت",
        "primary_category": "الأودية ومصباتها",
        "all_categories": "الأودية ومصباتها",
        "description": "",
        "folders": "Untitled layer",
        "source": "اطلس2026.xml",
        "origin": "أطلس ليبيا السياحي 2026",
        "status": "جاهز مبدئياً",
        "geometry_type": "Point",
        "coord_count": 1,
        "source_type": "KML/XML"
      },
      "geometry": {
        "type": "Point",
        "coordinates": [
          11.1901233,
          29.6107421
        ]
      }
    },
    {
      "type": "Feature",
      "properties": {
        "id": 400,
        "name": "وادي تناروت",
        "primary_category": "الأودية ومصباتها",
        "all_categories": "الأودية ومصباتها",
        "description": "",
        "folders": "Untitled layer",
        "source": "اطلس2026.xml",
        "origin": "أطلس ليبيا السياحي 2026",
        "status": "جاهز مبدئياً",
        "geometry_type": "Point",
        "coord_count": 1,
        "source_type": "KML/XML"
      },
      "geometry": {
        "type": "Point",
        "coordinates": [
          10.69,
          29.91444
        ]
      }
    },
    {
      "type": "Feature",
      "properties": {
        "id": 401,
        "name": "وادي تنازوفت",
        "primary_category": "الأودية ومصباتها",
        "all_categories": "الأودية ومصباتها",
        "description": "",
        "folders": "Untitled layer",
        "source": "اطلس2026.xml",
        "origin": "أطلس ليبيا السياحي 2026",
        "status": "جاهز مبدئياً",
        "geometry_type": "Point",
        "coord_count": 1,
        "source_type": "KML/XML"
      },
      "geometry": {
        "type": "Point",
        "coordinates": [
          10.251818,
          25.0410071
        ]
      }
    },
    {
      "type": "Feature",
      "properties": {
        "id": 402,
        "name": "وادي توت الفاهم",
        "primary_category": "الأودية ومصباتها",
        "all_categories": "الأودية ومصباتها",
        "description": "",
        "folders": "Untitled layer",
        "source": "اطلس2026.xml",
        "origin": "أطلس ليبيا السياحي 2026",
        "status": "جاهز مبدئياً",
        "geometry_type": "Point",
        "coord_count": 1,
        "source_type": "KML/XML"
      },
      "geometry": {
        "type": "Point",
        "coordinates": [
          25.1322388888889,
          31.6941888888889
        ]
      }
    },
    {
      "type": "Feature",
      "properties": {
        "id": 403,
        "name": "وادي تورسين",
        "primary_category": "الأودية ومصباتها",
        "all_categories": "الأودية ومصباتها",
        "description": "",
        "folders": "Untitled layer",
        "source": "اطلس2026.xml",
        "origin": "أطلس ليبيا السياحي 2026",
        "status": "جاهز مبدئياً",
        "geometry_type": "Point",
        "coord_count": 1,
        "source_type": "KML/XML"
      },
      "geometry": {
        "type": "Point",
        "coordinates": [
          12.9669444444444,
          32.1133333333333
        ]
      }
    },
    {
      "type": "Feature",
      "properties": {
        "id": 404,
        "name": "وادي تيجل تير",
        "primary_category": "الأودية ومصباتها",
        "all_categories": "الأودية ومصباتها",
        "description": "",
        "folders": "Untitled layer",
        "source": "اطلس2026.xml",
        "origin": "أطلس ليبيا السياحي 2026",
        "status": "جاهز مبدئياً",
        "geometry_type": "Point",
        "coord_count": 1,
        "source_type": "KML/XML"
      },
      "geometry": {
        "type": "Point",
        "coordinates": [
          10.5931754,
          25.034371
        ]
      }
    },
    {
      "type": "Feature",
      "properties": {
        "id": 405,
        "name": "وادي تيدوا",
        "primary_category": "الأودية ومصباتها",
        "all_categories": "الأودية ومصباتها",
        "description": "",
        "folders": "Untitled layer",
        "source": "اطلس2026.xml",
        "origin": "أطلس ليبيا السياحي 2026",
        "status": "جاهز مبدئياً",
        "geometry_type": "Point",
        "coord_count": 1,
        "source_type": "KML/XML"
      },
      "geometry": {
        "type": "Point",
        "coordinates": [
          11.8136864,
          25.0822451
        ]
      }
    },
    {
      "type": "Feature",
      "properties": {
        "id": 406,
        "name": "وادي تيدوا",
        "primary_category": "الأودية ومصباتها",
        "all_categories": "الأودية ومصباتها",
        "description": "",
        "folders": "Untitled layer",
        "source": "اطلس2026.xml",
        "origin": "أطلس ليبيا السياحي 2026",
        "status": "جاهز مبدئياً",
        "geometry_type": "Point",
        "coord_count": 1,
        "source_type": "KML/XML"
      },
      "geometry": {
        "type": "Point",
        "coordinates": [
          11.5411111111111,
          25.0408333333333
        ]
      }
    },
    {
      "type": "Feature",
      "properties": {
        "id": 407,
        "name": "وادي تيشلوات",
        "primary_category": "الأودية ومصباتها",
        "all_categories": "الأودية ومصباتها",
        "description": "",
        "folders": "Untitled layer",
        "source": "اطلس2026.xml",
        "origin": "أطلس ليبيا السياحي 2026",
        "status": "جاهز مبدئياً",
        "geometry_type": "Point",
        "coord_count": 1,
        "source_type": "KML/XML"
      },
      "geometry": {
        "type": "Point",
        "coordinates": [
          11.8832904,
          24.9327885
        ]
      }
    },
    {
      "type": "Feature",
      "properties": {
        "id": 408,
        "name": "وادي تيقنوين",
        "primary_category": "الأودية ومصباتها",
        "all_categories": "الأودية ومصباتها",
        "description": "",
        "folders": "Untitled layer",
        "source": "اطلس2026.xml",
        "origin": "أطلس ليبيا السياحي 2026",
        "status": "جاهز مبدئياً",
        "geometry_type": "Point",
        "coord_count": 1,
        "source_type": "KML/XML"
      },
      "geometry": {
        "type": "Point",
        "coordinates": [
          12.284458,
          26.281196
        ]
      }
    },
    {
      "type": "Feature",
      "properties": {
        "id": 409,
        "name": "وادي تيكستين",
        "primary_category": "الأودية ومصباتها",
        "all_categories": "الأودية ومصباتها",
        "description": "",
        "folders": "Untitled layer",
        "source": "اطلس2026.xml",
        "origin": "أطلس ليبيا السياحي 2026",
        "status": "جاهز مبدئياً",
        "geometry_type": "Point",
        "coord_count": 1,
        "source_type": "KML/XML"
      },
      "geometry": {
        "type": "Point",
        "coordinates": [
          12.052006,
          25.662658
        ]
      }
    },
    {
      "type": "Feature",
      "properties": {
        "id": 410,
        "name": "وادي تين ابلال",
        "primary_category": "الأودية ومصباتها",
        "all_categories": "الأودية ومصباتها",
        "description": "",
        "folders": "Untitled layer",
        "source": "اطلس2026.xml",
        "origin": "أطلس ليبيا السياحي 2026",
        "status": "جاهز مبدئياً",
        "geometry_type": "Point",
        "coord_count": 1,
        "source_type": "KML/XML"
      },
      "geometry": {
        "type": "Point",
        "coordinates": [
          11.8586517,
          25.8613711
        ]
      }
    },
    {
      "type": "Feature",
      "properties": {
        "id": 411,
        "name": "وادي تين اموتين",
        "primary_category": "الأودية ومصباتها",
        "all_categories": "الأودية ومصباتها",
        "description": "",
        "folders": "Untitled layer",
        "source": "اطلس2026.xml",
        "origin": "أطلس ليبيا السياحي 2026",
        "status": "جاهز مبدئياً",
        "geometry_type": "Point",
        "coord_count": 1,
        "source_type": "KML/XML"
      },
      "geometry": {
        "type": "Point",
        "coordinates": [
          11.733206,
          25.652485
        ]
      }
    },
    {
      "type": "Feature",
      "properties": {
        "id": 412,
        "name": "وادي تين اينستن",
        "primary_category": "الأودية ومصباتها",
        "all_categories": "الأودية ومصباتها",
        "description": "",
        "folders": "Untitled layer",
        "source": "اطلس2026.xml",
        "origin": "أطلس ليبيا السياحي 2026",
        "status": "جاهز مبدئياً",
        "geometry_type": "Point",
        "coord_count": 1,
        "source_type": "KML/XML"
      },
      "geometry": {
        "type": "Point",
        "coordinates": [
          12.070354,
          26.056723
        ]
      }
    },
    {
      "type": "Feature",
      "properties": {
        "id": 413,
        "name": "وادي تين بيرسولا",
        "primary_category": "الأودية ومصباتها",
        "all_categories": "الأودية ومصباتها",
        "description": "",
        "folders": "Untitled layer",
        "source": "اطلس2026.xml",
        "origin": "أطلس ليبيا السياحي 2026",
        "status": "جاهز مبدئياً",
        "geometry_type": "Point",
        "coord_count": 1,
        "source_type": "KML/XML"
      },
      "geometry": {
        "type": "Point",
        "coordinates": [
          11.8395543,
          25.4924642
        ]
      }
    },
    {
      "type": "Feature",
      "properties": {
        "id": 414,
        "name": "وادي تينناي",
        "primary_category": "الأودية ومصباتها",
        "all_categories": "الأودية ومصباتها",
        "description": "",
        "folders": "Untitled layer",
        "source": "اطلس2026.xml",
        "origin": "أطلس ليبيا السياحي 2026",
        "status": "جاهز مبدئياً",
        "geometry_type": "Point",
        "coord_count": 1,
        "source_type": "KML/XML"
      },
      "geometry": {
        "type": "Point",
        "coordinates": [
          13.5870409,
          31.7002026
        ]
      }
    },
    {
      "type": "Feature",
      "properties": {
        "id": 415,
        "name": "وادي تيهي",
        "primary_category": "الأودية ومصباتها",
        "all_categories": "الأودية ومصباتها",
        "description": "",
        "folders": "Untitled layer",
        "source": "اطلس2026.xml",
        "origin": "أطلس ليبيا السياحي 2026",
        "status": "جاهز مبدئياً",
        "geometry_type": "Point",
        "coord_count": 1,
        "source_type": "KML/XML"
      },
      "geometry": {
        "type": "Point",
        "coordinates": [
          10.580767,
          25.2737156
        ]
      }
    },
    {
      "type": "Feature",
      "properties": {
        "id": 416,
        "name": "وادي تيهيدين",
        "primary_category": "الأودية ومصباتها",
        "all_categories": "الأودية ومصباتها",
        "description": "",
        "folders": "Untitled layer",
        "source": "اطلس2026.xml",
        "origin": "أطلس ليبيا السياحي 2026",
        "status": "جاهز مبدئياً",
        "geometry_type": "Point",
        "coord_count": 1,
        "source_type": "KML/XML"
      },
      "geometry": {
        "type": "Point",
        "coordinates": [
          10.5958694,
          25.2670139
        ]
      }
    },
    {
      "type": "Feature",
      "properties": {
        "id": 417,
        "name": "وادي جارف",
        "primary_category": "الأودية ومصباتها",
        "all_categories": "الأودية ومصباتها",
        "description": "",
        "folders": "Untitled layer",
        "source": "اطلس2026.xml",
        "origin": "أطلس ليبيا السياحي 2026",
        "status": "جاهز مبدئياً",
        "geometry_type": "Point",
        "coord_count": 1,
        "source_type": "KML/XML"
      },
      "geometry": {
        "type": "Point",
        "coordinates": [
          16.3093109,
          31.0763666
        ]
      }
    },
    {
      "type": "Feature",
      "properties": {
        "id": 418,
        "name": "وادي جرب المالية",
        "primary_category": "الأودية ومصباتها",
        "all_categories": "الأودية ومصباتها",
        "description": "",
        "folders": "Untitled layer",
        "source": "اطلس2026.xml",
        "origin": "أطلس ليبيا السياحي 2026",
        "status": "جاهز مبدئياً",
        "geometry_type": "Point",
        "coord_count": 1,
        "source_type": "KML/XML"
      },
      "geometry": {
        "type": "Point",
        "coordinates": [
          11.3006106,
          31.8075792
        ]
      }
    },
    {
      "type": "Feature",
      "properties": {
        "id": 419,
        "name": "وادي جرجار امه",
        "primary_category": "الأودية ومصباتها",
        "all_categories": "الأودية ومصباتها",
        "description": "",
        "folders": "Untitled layer",
        "source": "اطلس2026.xml",
        "origin": "أطلس ليبيا السياحي 2026",
        "status": "جاهز مبدئياً",
        "geometry_type": "Point",
        "coord_count": 1,
        "source_type": "KML/XML"
      },
      "geometry": {
        "type": "Point",
        "coordinates": [
          21.4144086,
          32.765094
        ]
      }
    },
    {
      "type": "Feature",
      "properties": {
        "id": 420,
        "name": "وادي جرجور",
        "primary_category": "الأودية ومصباتها",
        "all_categories": "الأودية ومصباتها",
        "description": "",
        "folders": "Untitled layer",
        "source": "اطلس2026.xml",
        "origin": "أطلس ليبيا السياحي 2026",
        "status": "جاهز مبدئياً",
        "geometry_type": "Point",
        "coord_count": 1,
        "source_type": "KML/XML"
      },
      "geometry": {
        "type": "Point",
        "coordinates": [
          10.6187805555555,
          25.2382805555556
        ]
      }
    },
    {
      "type": "Feature",
      "properties": {
        "id": 421,
        "name": "وادي جيهلالين",
        "primary_category": "الأودية ومصباتها",
        "all_categories": "الأودية ومصباتها",
        "description": "",
        "folders": "Untitled layer",
        "source": "اطلس2026.xml",
        "origin": "أطلس ليبيا السياحي 2026",
        "status": "جاهز مبدئياً",
        "geometry_type": "Point",
        "coord_count": 1,
        "source_type": "KML/XML"
      },
      "geometry": {
        "type": "Point",
        "coordinates": [
          11.573,
          24.5672
        ]
      }
    },
    {
      "type": "Feature",
      "properties": {
        "id": 422,
        "name": "وادي حبون",
        "primary_category": "الأودية ومصباتها",
        "all_categories": "الأودية ومصباتها",
        "description": "",
        "folders": "Untitled layer",
        "source": "اطلس2026.xml",
        "origin": "أطلس ليبيا السياحي 2026",
        "status": "جاهز مبدئياً",
        "geometry_type": "Point",
        "coord_count": 1,
        "source_type": "KML/XML"
      },
      "geometry": {
        "type": "Point",
        "coordinates": [
          21.1516081,
          32.7646811
        ]
      }
    },
    {
      "type": "Feature",
      "properties": {
        "id": 423,
        "name": "وادي حلق الدب",
        "primary_category": "الأودية ومصباتها",
        "all_categories": "الأودية ومصباتها",
        "description": "",
        "folders": "Untitled layer",
        "source": "اطلس2026.xml",
        "origin": "أطلس ليبيا السياحي 2026",
        "status": "جاهز مبدئياً",
        "geometry_type": "Point",
        "coord_count": 1,
        "source_type": "KML/XML"
      },
      "geometry": {
        "type": "Point",
        "coordinates": [
          24.5361614,
          31.9811426
        ]
      }
    },
    {
      "type": "Feature",
      "properties": {
        "id": 424,
        "name": "وادي خنافس",
        "primary_category": "الأودية ومصباتها",
        "all_categories": "الأودية ومصباتها",
        "description": "",
        "folders": "Untitled layer",
        "source": "اطلس2026.xml",
        "origin": "أطلس ليبيا السياحي 2026",
        "status": "جاهز مبدئياً",
        "geometry_type": "Point",
        "coord_count": 1,
        "source_type": "KML/XML"
      },
      "geometry": {
        "type": "Point",
        "coordinates": [
          14.7333,
          30.9
        ]
      }
    },
    {
      "type": "Feature",
      "properties": {
        "id": 425,
        "name": "وادي خنافس",
        "primary_category": "الأودية ومصباتها",
        "all_categories": "الأودية ومصباتها",
        "description": "",
        "folders": "Untitled layer",
        "source": "اطلس2026.xml",
        "origin": "أطلس ليبيا السياحي 2026",
        "status": "جاهز مبدئياً",
        "geometry_type": "Point",
        "coord_count": 1,
        "source_type": "KML/XML"
      },
      "geometry": {
        "type": "Point",
        "coordinates": [
          14.2643196,
          31.2873533
        ]
      }
    },
    {
      "type": "Feature",
      "properties": {
        "id": 426,
        "name": "وادي دربوك",
        "primary_category": "الأودية ومصباتها",
        "all_categories": "الأودية ومصباتها",
        "description": "",
        "folders": "Untitled layer",
        "source": "اطلس2026.xml",
        "origin": "أطلس ليبيا السياحي 2026",
        "status": "جاهز مبدئياً",
        "geometry_type": "Point",
        "coord_count": 1,
        "source_type": "KML/XML"
      },
      "geometry": {
        "type": "Point",
        "coordinates": [
          13.7210833333334,
          32.0775833333333
        ]
      }
    },
    {
      "type": "Feature",
      "properties": {
        "id": 427,
        "name": "وادي درغيس",
        "primary_category": "الأودية ومصباتها",
        "all_categories": "الأودية ومصباتها",
        "description": "",
        "folders": "Untitled layer",
        "source": "اطلس2026.xml",
        "origin": "أطلس ليبيا السياحي 2026",
        "status": "جاهز مبدئياً",
        "geometry_type": "Point",
        "coord_count": 1,
        "source_type": "KML/XML"
      },
      "geometry": {
        "type": "Point",
        "coordinates": [
          14.6927327,
          32.0245102
        ]
      }
    },
    {
      "type": "Feature",
      "properties": {
        "id": 428,
        "name": "وادي درنة",
        "primary_category": "الأودية ومصباتها",
        "all_categories": "الأودية ومصباتها",
        "description": "",
        "folders": "Untitled layer",
        "source": "اطلس2026.xml",
        "origin": "أطلس ليبيا السياحي 2026",
        "status": "جاهز مبدئياً",
        "geometry_type": "Point",
        "coord_count": 1,
        "source_type": "KML/XML"
      },
      "geometry": {
        "type": "Point",
        "coordinates": [
          22.6304847,
          32.7505211
        ]
      }
    },
    {
      "type": "Feature",
      "properties": {
        "id": 429,
        "name": "وادي درنة",
        "primary_category": "الأودية ومصباتها",
        "all_categories": "الأودية ومصباتها",
        "description": "",
        "folders": "Untitled layer",
        "source": "اطلس2026.xml",
        "origin": "أطلس ليبيا السياحي 2026",
        "status": "جاهز مبدئياً",
        "geometry_type": "Point",
        "coord_count": 1,
        "source_type": "KML/XML"
      },
      "geometry": {
        "type": "Point",
        "coordinates": [
          22.6438737,
          32.7646686
        ]
      }
    },
    {
      "type": "Feature",
      "properties": {
        "id": 430,
        "name": "وادي دريدر",
        "primary_category": "الأودية ومصباتها",
        "all_categories": "الأودية ومصباتها",
        "description": "",
        "folders": "Untitled layer",
        "source": "اطلس2026.xml",
        "origin": "أطلس ليبيا السياحي 2026",
        "status": "جاهز مبدئياً",
        "geometry_type": "Point",
        "coord_count": 1,
        "source_type": "KML/XML"
      },
      "geometry": {
        "type": "Point",
        "coordinates": [
          13.4490683,
          31.2868393
        ]
      }
    },
    {
      "type": "Feature",
      "properties": {
        "id": 431,
        "name": "وادي دينار",
        "primary_category": "الأودية ومصباتها",
        "all_categories": "الأودية ومصباتها",
        "description": "",
        "folders": "Untitled layer",
        "source": "اطلس2026.xml",
        "origin": "أطلس ليبيا السياحي 2026",
        "status": "جاهز مبدئياً",
        "geometry_type": "Point",
        "coord_count": 1,
        "source_type": "KML/XML"
      },
      "geometry": {
        "type": "Point",
        "coordinates": [
          14.0973221,
          31.840092
        ]
      }
    },
    {
      "type": "Feature",
      "properties": {
        "id": 432,
        "name": "وادي رحملالين",
        "primary_category": "الأودية ومصباتها",
        "all_categories": "الأودية ومصباتها",
        "description": "",
        "folders": "Untitled layer",
        "source": "اطلس2026.xml",
        "origin": "أطلس ليبيا السياحي 2026",
        "status": "جاهز مبدئياً",
        "geometry_type": "Point",
        "coord_count": 1,
        "source_type": "KML/XML"
      },
      "geometry": {
        "type": "Point",
        "coordinates": [
          10.6580756,
          25.0170639
        ]
      }
    },
    {
      "type": "Feature",
      "properties": {
        "id": 433,
        "name": "وادي رزق",
        "primary_category": "الأودية ومصباتها",
        "all_categories": "الأودية ومصباتها",
        "description": "وادي رزق",
        "folders": "Untitled layer",
        "source": "اطلس2026.xml",
        "origin": "أطلس ليبيا السياحي 2026",
        "status": "جاهز مبدئياً",
        "geometry_type": "Point",
        "coord_count": 1,
        "source_type": "KML/XML"
      },
      "geometry": {
        "type": "Point",
        "coordinates": [
          25.083847,
          31.7701711
        ]
      }
    },
    {
      "type": "Feature",
      "properties": {
        "id": 434,
        "name": "وادي زازا",
        "primary_category": "الأودية ومصباتها",
        "all_categories": "الأودية ومصباتها",
        "description": "",
        "folders": "Untitled layer",
        "source": "اطلس2026.xml",
        "origin": "أطلس ليبيا السياحي 2026",
        "status": "جاهز مبدئياً",
        "geometry_type": "Point",
        "coord_count": 1,
        "source_type": "KML/XML"
      },
      "geometry": {
        "type": "Point",
        "coordinates": [
          20.4775277777778,
          32.4385833333333
        ]
      }
    },
    {
      "type": "Feature",
      "properties": {
        "id": 435,
        "name": "وادي زرزار",
        "primary_category": "الأودية ومصباتها",
        "all_categories": "الأودية ومصباتها",
        "description": "",
        "folders": "Untitled layer",
        "source": "اطلس2026.xml",
        "origin": "أطلس ليبيا السياحي 2026",
        "status": "جاهز مبدئياً",
        "geometry_type": "Point",
        "coord_count": 1,
        "source_type": "KML/XML"
      },
      "geometry": {
        "type": "Point",
        "coordinates": [
          14.8874188,
          31.6182683
        ]
      }
    },
    {
      "type": "Feature",
      "properties": {
        "id": 436,
        "name": "وادي زقار",
        "primary_category": "الأودية ومصباتها",
        "all_categories": "الأودية ومصباتها",
        "description": "",
        "folders": "Untitled layer",
        "source": "اطلس2026.xml",
        "origin": "أطلس ليبيا السياحي 2026",
        "status": "جاهز مبدئياً",
        "geometry_type": "Point",
        "coord_count": 1,
        "source_type": "KML/XML"
      },
      "geometry": {
        "type": "Point",
        "coordinates": [
          15.6263888888889,
          28.8586111111111
        ]
      }
    },
    {
      "type": "Feature",
      "properties": {
        "id": 437,
        "name": "وادي زمزم",
        "primary_category": "الأودية ومصباتها",
        "all_categories": "الأودية ومصباتها",
        "description": "",
        "folders": "Untitled layer",
        "source": "اطلس2026.xml",
        "origin": "أطلس ليبيا السياحي 2026",
        "status": "جاهز مبدئياً",
        "geometry_type": "Point",
        "coord_count": 1,
        "source_type": "KML/XML"
      },
      "geometry": {
        "type": "Point",
        "coordinates": [
          13.0722928,
          30.9203953
        ]
      }
    },
    {
      "type": "Feature",
      "properties": {
        "id": 438,
        "name": "وادي زوانة",
        "primary_category": "الأودية ومصباتها",
        "all_categories": "الأودية ومصباتها",
        "description": "",
        "folders": "Untitled layer",
        "source": "اطلس2026.xml",
        "origin": "أطلس ليبيا السياحي 2026",
        "status": "جاهز مبدئياً",
        "geometry_type": "Point",
        "coord_count": 1,
        "source_type": "KML/XML"
      },
      "geometry": {
        "type": "Point",
        "coordinates": [
          20.957408,
          32.7157024
        ]
      }
    },
    {
      "type": "Feature",
      "properties": {
        "id": 439,
        "name": "وادي ساسو",
        "primary_category": "الأودية ومصباتها",
        "all_categories": "الأودية ومصباتها",
        "description": "",
        "folders": "Untitled layer",
        "source": "اطلس2026.xml",
        "origin": "أطلس ليبيا السياحي 2026",
        "status": "جاهز مبدئياً",
        "geometry_type": "Point",
        "coord_count": 1,
        "source_type": "KML/XML"
      },
      "geometry": {
        "type": "Point",
        "coordinates": [
          14.940387,
          32.1348837
        ]
      }
    },
    {
      "type": "Feature",
      "properties": {
        "id": 440,
        "name": "وادي سالموس",
        "primary_category": "الأودية ومصباتها",
        "all_categories": "الأودية ومصباتها",
        "description": "",
        "folders": "Untitled layer",
        "source": "اطلس2026.xml",
        "origin": "أطلس ليبيا السياحي 2026",
        "status": "جاهز مبدئياً",
        "geometry_type": "Point",
        "coord_count": 1,
        "source_type": "KML/XML"
      },
      "geometry": {
        "type": "Point",
        "coordinates": [
          21.4047414,
          32.2161551
        ]
      }
    },
    {
      "type": "Feature",
      "properties": {
        "id": 441,
        "name": "وادي سلطان",
        "primary_category": "الأودية ومصباتها",
        "all_categories": "الأودية ومصباتها",
        "description": "",
        "folders": "Untitled layer",
        "source": "اطلس2026.xml",
        "origin": "أطلس ليبيا السياحي 2026",
        "status": "جاهز مبدئياً",
        "geometry_type": "Point",
        "coord_count": 1,
        "source_type": "KML/XML"
      },
      "geometry": {
        "type": "Point",
        "coordinates": [
          15.5872964,
          28.8408973
        ]
      }
    },
    {
      "type": "Feature",
      "properties": {
        "id": 442,
        "name": "وادي سلفوفيت",
        "primary_category": "الأودية ومصباتها",
        "all_categories": "الأودية ومصباتها",
        "description": "",
        "folders": "Untitled layer",
        "source": "اطلس2026.xml",
        "origin": "أطلس ليبيا السياحي 2026",
        "status": "جاهز مبدئياً",
        "geometry_type": "Point",
        "coord_count": 1,
        "source_type": "KML/XML"
      },
      "geometry": {
        "type": "Point",
        "coordinates": [
          10.8,
          24.56667
        ]
      }
    },
    {
      "type": "Feature",
      "properties": {
        "id": 443,
        "name": "وادي سملوس",
        "primary_category": "الأودية ومصباتها",
        "all_categories": "الأودية ومصباتها",
        "description": "",
        "folders": "Untitled layer",
        "source": "اطلس2026.xml",
        "origin": "أطلس ليبيا السياحي 2026",
        "status": "جاهز مبدئياً",
        "geometry_type": "Point",
        "coord_count": 1,
        "source_type": "KML/XML"
      },
      "geometry": {
        "type": "Point",
        "coordinates": [
          21.2532663,
          32.375277
        ]
      }
    },
    {
      "type": "Feature",
      "properties": {
        "id": 444,
        "name": "وادي سوامة",
        "primary_category": "الأودية ومصباتها",
        "all_categories": "الأودية ومصباتها",
        "description": "",
        "folders": "Untitled layer",
        "source": "اطلس2026.xml",
        "origin": "أطلس ليبيا السياحي 2026",
        "status": "جاهز مبدئياً",
        "geometry_type": "Point",
        "coord_count": 1,
        "source_type": "KML/XML"
      },
      "geometry": {
        "type": "Point",
        "coordinates": [
          20.973587,
          32.7235373
        ]
      }
    },
    {
      "type": "Feature",
      "properties": {
        "id": 445,
        "name": "وادي سواني",
        "primary_category": "الأودية ومصباتها",
        "all_categories": "الأودية ومصباتها",
        "description": "وادي السواني",
        "folders": "Untitled layer",
        "source": "اطلس2026.xml",
        "origin": "أطلس ليبيا السياحي 2026",
        "status": "جاهز مبدئياً",
        "geometry_type": "Point",
        "coord_count": 1,
        "source_type": "KML/XML"
      },
      "geometry": {
        "type": "Point",
        "coordinates": [
          25.0879776,
          31.7513337
        ]
      }
    },
    {
      "type": "Feature",
      "properties": {
        "id": 446,
        "name": "وادي سوف الجين",
        "primary_category": "الأودية ومصباتها",
        "all_categories": "الأودية ومصباتها",
        "description": "",
        "folders": "Untitled layer",
        "source": "اطلس2026.xml",
        "origin": "أطلس ليبيا السياحي 2026",
        "status": "جاهز مبدئياً",
        "geometry_type": "Point",
        "coord_count": 1,
        "source_type": "KML/XML"
      },
      "geometry": {
        "type": "Point",
        "coordinates": [
          13.370018,
          31.6723757
        ]
      }
    },
    {
      "type": "Feature",
      "properties": {
        "id": 447,
        "name": "وادي سوف الجين",
        "primary_category": "الأودية ومصباتها",
        "all_categories": "الأودية ومصباتها",
        "description": "",
        "folders": "Untitled layer",
        "source": "اطلس2026.xml",
        "origin": "أطلس ليبيا السياحي 2026",
        "status": "جاهز مبدئياً",
        "geometry_type": "Point",
        "coord_count": 1,
        "source_type": "KML/XML"
      },
      "geometry": {
        "type": "Point",
        "coordinates": [
          13.442976,
          31.7392121
        ]
      }
    },
    {
      "type": "Feature",
      "properties": {
        "id": 448,
        "name": "وادي سوف الجين",
        "primary_category": "الأودية ومصباتها",
        "all_categories": "الأودية ومصباتها",
        "description": "",
        "folders": "Untitled layer",
        "source": "اطلس2026.xml",
        "origin": "أطلس ليبيا السياحي 2026",
        "status": "جاهز مبدئياً",
        "geometry_type": "Point",
        "coord_count": 1,
        "source_type": "KML/XML"
      },
      "geometry": {
        "type": "Point",
        "coordinates": [
          13.4920263,
          31.2832457
        ]
      }
    },
    {
      "type": "Feature",
      "properties": {
        "id": 449,
        "name": "وادي سوق الخميس",
        "primary_category": "الأودية ومصباتها",
        "all_categories": "الأودية ومصباتها",
        "description": "",
        "folders": "Untitled layer",
        "source": "اطلس2026.xml",
        "origin": "أطلس ليبيا السياحي 2026",
        "status": "جاهز مبدئياً",
        "geometry_type": "Point",
        "coord_count": 1,
        "source_type": "KML/XML"
      },
      "geometry": {
        "type": "Point",
        "coordinates": [
          14.3624165,
          32.5899548
        ]
      }
    },
    {
      "type": "Feature",
      "properties": {
        "id": 450,
        "name": "وادي سيدي بنور",
        "primary_category": "الأودية ومصباتها",
        "all_categories": "الأودية ومصباتها",
        "description": "",
        "folders": "Untitled layer",
        "source": "اطلس2026.xml",
        "origin": "أطلس ليبيا السياحي 2026",
        "status": "جاهز مبدئياً",
        "geometry_type": "Point",
        "coord_count": 1,
        "source_type": "KML/XML"
      },
      "geometry": {
        "type": "Point",
        "coordinates": [
          13.595624,
          32.7894933
        ]
      }
    },
    {
      "type": "Feature",
      "properties": {
        "id": 451,
        "name": "وادي سيدي عامر",
        "primary_category": "الأودية ومصباتها",
        "all_categories": "الأودية ومصباتها",
        "description": "",
        "folders": "Untitled layer",
        "source": "اطلس2026.xml",
        "origin": "أطلس ليبيا السياحي 2026",
        "status": "جاهز مبدئياً",
        "geometry_type": "Point",
        "coord_count": 1,
        "source_type": "KML/XML"
      },
      "geometry": {
        "type": "Point",
        "coordinates": [
          21.7522222222223,
          32.9272222222222
        ]
      }
    },
    {
      "type": "Feature",
      "properties": {
        "id": 452,
        "name": "وادي سيدي عون",
        "primary_category": "الأودية ومصباتها",
        "all_categories": "الأودية ومصباتها",
        "description": "",
        "folders": "Untitled layer",
        "source": "اطلس2026.xml",
        "origin": "أطلس ليبيا السياحي 2026",
        "status": "جاهز مبدئياً",
        "geometry_type": "Point",
        "coord_count": 1,
        "source_type": "KML/XML"
      },
      "geometry": {
        "type": "Point",
        "coordinates": [
          22.9131031,
          32.6690033
        ]
      }
    },
    {
      "type": "Feature",
      "properties": {
        "id": 453,
        "name": "وادي سيندار",
        "primary_category": "الأودية ومصباتها",
        "all_categories": "الأودية ومصباتها",
        "description": "",
        "folders": "Untitled layer",
        "source": "اطلس2026.xml",
        "origin": "أطلس ليبيا السياحي 2026",
        "status": "جاهز مبدئياً",
        "geometry_type": "Point",
        "coord_count": 1,
        "source_type": "KML/XML"
      },
      "geometry": {
        "type": "Point",
        "coordinates": [
          10.6736111111111,
          25.0488888888889
        ]
      }
    },
    {
      "type": "Feature",
      "properties": {
        "id": 454,
        "name": "وادي شطيب الحقفة",
        "primary_category": "الأودية ومصباتها",
        "all_categories": "الأودية ومصباتها",
        "description": "",
        "folders": "Untitled layer",
        "source": "اطلس2026.xml",
        "origin": "أطلس ليبيا السياحي 2026",
        "status": "جاهز مبدئياً",
        "geometry_type": "Point",
        "coord_count": 1,
        "source_type": "KML/XML"
      },
      "geometry": {
        "type": "Point",
        "coordinates": [
          25.0151611111112,
          31.7233611111111
        ]
      }
    },
    {
      "type": "Feature",
      "properties": {
        "id": 455,
        "name": "وادي شعبة الطريق",
        "primary_category": "الأودية ومصباتها",
        "all_categories": "الأودية ومصباتها",
        "description": "",
        "folders": "Untitled layer",
        "source": "اطلس2026.xml",
        "origin": "أطلس ليبيا السياحي 2026",
        "status": "جاهز مبدئياً",
        "geometry_type": "Point",
        "coord_count": 1,
        "source_type": "KML/XML"
      },
      "geometry": {
        "type": "Point",
        "coordinates": [
          14.3763351,
          31.1540565
        ]
      }
    },
    {
      "type": "Feature",
      "properties": {
        "id": 456,
        "name": "وادي شماس",
        "primary_category": "الأودية ومصباتها",
        "all_categories": "الأودية ومصباتها",
        "description": "وادي شماس",
        "folders": "Untitled layer",
        "source": "اطلس2026.xml",
        "origin": "أطلس ليبيا السياحي 2026",
        "status": "جاهز مبدئياً",
        "geometry_type": "Point",
        "coord_count": 1,
        "source_type": "KML/XML"
      },
      "geometry": {
        "type": "Point",
        "coordinates": [
          25.0983095,
          31.7494087
        ]
      }
    },
    {
      "type": "Feature",
      "properties": {
        "id": 457,
        "name": "وادي طرطقو",
        "primary_category": "الأودية ومصباتها",
        "all_categories": "الأودية ومصباتها",
        "description": "",
        "folders": "Untitled layer",
        "source": "اطلس2026.xml",
        "origin": "أطلس ليبيا السياحي 2026",
        "status": "جاهز مبدئياً",
        "geometry_type": "Point",
        "coord_count": 1,
        "source_type": "KML/XML"
      },
      "geometry": {
        "type": "Point",
        "coordinates": [
          21.4720413,
          32.70459
        ]
      }
    },
    {
      "type": "Feature",
      "properties": {
        "id": 458,
        "name": "وادي عبدالملك",
        "primary_category": "الأودية ومصباتها",
        "all_categories": "الأودية ومصباتها",
        "description": "",
        "folders": "Untitled layer",
        "source": "اطلس2026.xml",
        "origin": "أطلس ليبيا السياحي 2026",
        "status": "جاهز مبدئياً",
        "geometry_type": "Point",
        "coord_count": 1,
        "source_type": "KML/XML"
      },
      "geometry": {
        "type": "Point",
        "coordinates": [
          24.9248886,
          21.9318997
        ]
      }
    },
    {
      "type": "Feature",
      "properties": {
        "id": 459,
        "name": "وادي عياد",
        "primary_category": "الأودية ومصباتها",
        "all_categories": "الأودية ومصباتها",
        "description": "",
        "folders": "Untitled layer",
        "source": "اطلس2026.xml",
        "origin": "أطلس ليبيا السياحي 2026",
        "status": "جاهز مبدئياً",
        "geometry_type": "Point",
        "coord_count": 1,
        "source_type": "KML/XML"
      },
      "geometry": {
        "type": "Point",
        "coordinates": [
          24.6166277,
          32.0012342
        ]
      }
    },
    {
      "type": "Feature",
      "properties": {
        "id": 460,
        "name": "وادي عين احباتر",
        "primary_category": "الأودية ومصباتها",
        "all_categories": "الأودية ومصباتها؛ العيون الطبيعية",
        "description": "",
        "folders": "Untitled layer",
        "source": "اطلس2026.xml",
        "origin": "أطلس ليبيا السياحي 2026",
        "status": "جاهز مبدئياً",
        "geometry_type": "Point",
        "coord_count": 1,
        "source_type": "KML/XML"
      },
      "geometry": {
        "type": "Point",
        "coordinates": [
          12.141931,
          25.7447041
        ]
      }
    },
    {
      "type": "Feature",
      "properties": {
        "id": 461,
        "name": "وادي عين حباتر",
        "primary_category": "الأودية ومصباتها",
        "all_categories": "الأودية ومصباتها؛ العيون الطبيعية",
        "description": "",
        "folders": "Untitled layer",
        "source": "اطلس2026.xml",
        "origin": "أطلس ليبيا السياحي 2026",
        "status": "جاهز مبدئياً",
        "geometry_type": "Point",
        "coord_count": 1,
        "source_type": "KML/XML"
      },
      "geometry": {
        "type": "Point",
        "coordinates": [
          11.9888550000001,
          25.695042
        ]
      }
    },
    {
      "type": "Feature",
      "properties": {
        "id": 462,
        "name": "وادي غان",
        "primary_category": "الأودية ومصباتها",
        "all_categories": "الأودية ومصباتها",
        "description": "",
        "folders": "Untitled layer",
        "source": "اطلس2026.xml",
        "origin": "أطلس ليبيا السياحي 2026",
        "status": "جاهز مبدئياً",
        "geometry_type": "Point",
        "coord_count": 1,
        "source_type": "KML/XML"
      },
      "geometry": {
        "type": "Point",
        "coordinates": [
          13.1421666666666,
          32.1506111111111
        ]
      }
    },
    {
      "type": "Feature",
      "properties": {
        "id": 463,
        "name": "وادي غاني الكبير",
        "primary_category": "الأودية ومصباتها",
        "all_categories": "الأودية ومصباتها",
        "description": "",
        "folders": "Untitled layer",
        "source": "اطلس2026.xml",
        "origin": "أطلس ليبيا السياحي 2026",
        "status": "جاهز مبدئياً",
        "geometry_type": "Point",
        "coord_count": 1,
        "source_type": "KML/XML"
      },
      "geometry": {
        "type": "Point",
        "coordinates": [
          17.1011158,
          28.7452592
        ]
      }
    },
    {
      "type": "Feature",
      "properties": {
        "id": 464,
        "name": "وادي غبين",
        "primary_category": "الأودية ومصباتها",
        "all_categories": "الأودية ومصباتها",
        "description": "",
        "folders": "Untitled layer",
        "source": "اطلس2026.xml",
        "origin": "أطلس ليبيا السياحي 2026",
        "status": "جاهز مبدئياً",
        "geometry_type": "Point",
        "coord_count": 1,
        "source_type": "KML/XML"
      },
      "geometry": {
        "type": "Point",
        "coordinates": [
          14.445944,
          31.667705
        ]
      }
    },
    {
      "type": "Feature",
      "properties": {
        "id": 465,
        "name": "وادي غبين",
        "primary_category": "الأودية ومصباتها",
        "all_categories": "الأودية ومصباتها",
        "description": "",
        "folders": "Untitled layer",
        "source": "اطلس2026.xml",
        "origin": "أطلس ليبيا السياحي 2026",
        "status": "جاهز مبدئياً",
        "geometry_type": "Point",
        "coord_count": 1,
        "source_type": "KML/XML"
      },
      "geometry": {
        "type": "Point",
        "coordinates": [
          14.2502922,
          31.7003851
        ]
      }
    },
    {
      "type": "Feature",
      "properties": {
        "id": 466,
        "name": "وادي غرغار",
        "primary_category": "الأودية ومصباتها",
        "all_categories": "الأودية ومصباتها",
        "description": "",
        "folders": "Untitled layer",
        "source": "اطلس2026.xml",
        "origin": "أطلس ليبيا السياحي 2026",
        "status": "جاهز مبدئياً",
        "geometry_type": "Point",
        "coord_count": 1,
        "source_type": "KML/XML"
      },
      "geometry": {
        "type": "Point",
        "coordinates": [
          13.5579872,
          31.754098
        ]
      }
    },
    {
      "type": "Feature",
      "properties": {
        "id": 467,
        "name": "وادي غرغار",
        "primary_category": "الأودية ومصباتها",
        "all_categories": "الأودية ومصباتها",
        "description": "",
        "folders": "Untitled layer",
        "source": "اطلس2026.xml",
        "origin": "أطلس ليبيا السياحي 2026",
        "status": "جاهز مبدئياً",
        "geometry_type": "Point",
        "coord_count": 1,
        "source_type": "KML/XML"
      },
      "geometry": {
        "type": "Point",
        "coordinates": [
          13.5752392,
          31.7558313
        ]
      }
    },
    {
      "type": "Feature",
      "properties": {
        "id": 468,
        "name": "وادي غلاشم",
        "primary_category": "الأودية ومصباتها",
        "all_categories": "الأودية ومصباتها",
        "description": "",
        "folders": "Untitled layer",
        "source": "اطلس2026.xml",
        "origin": "أطلس ليبيا السياحي 2026",
        "status": "جاهز مبدئياً",
        "geometry_type": "Point",
        "coord_count": 1,
        "source_type": "KML/XML"
      },
      "geometry": {
        "type": "Point",
        "coordinates": [
          10.3961238,
          25.1775043
        ]
      }
    },
    {
      "type": "Feature",
      "properties": {
        "id": 469,
        "name": "وادي غلبون",
        "primary_category": "الأودية ومصباتها",
        "all_categories": "الأودية ومصباتها",
        "description": "",
        "folders": "Untitled layer",
        "source": "اطلس2026.xml",
        "origin": "أطلس ليبيا السياحي 2026",
        "status": "جاهز مبدئياً",
        "geometry_type": "Point",
        "coord_count": 1,
        "source_type": "KML/XML"
      },
      "geometry": {
        "type": "Point",
        "coordinates": [
          13.9467384,
          31.7663748
        ]
      }
    },
    {
      "type": "Feature",
      "properties": {
        "id": 470,
        "name": "وادي فاسات",
        "primary_category": "الأودية ومصباتها",
        "all_categories": "الأودية ومصباتها",
        "description": "",
        "folders": "Untitled layer",
        "source": "اطلس2026.xml",
        "origin": "أطلس ليبيا السياحي 2026",
        "status": "جاهز مبدئياً",
        "geometry_type": "Point",
        "coord_count": 1,
        "source_type": "KML/XML"
      },
      "geometry": {
        "type": "Point",
        "coordinates": [
          12.5475454,
          32.1606456
        ]
      }
    },
    {
      "type": "Feature",
      "properties": {
        "id": 471,
        "name": "وادي فدراج",
        "primary_category": "الأودية ومصباتها",
        "all_categories": "الأودية ومصباتها",
        "description": "",
        "folders": "Untitled layer",
        "source": "اطلس2026.xml",
        "origin": "أطلس ليبيا السياحي 2026",
        "status": "جاهز مبدئياً",
        "geometry_type": "Point",
        "coord_count": 1,
        "source_type": "KML/XML"
      },
      "geometry": {
        "type": "Point",
        "coordinates": [
          14.3343151,
          31.6880248
        ]
      }
    },
    {
      "type": "Feature",
      "properties": {
        "id": 472,
        "name": "وادي فدراج",
        "primary_category": "الأودية ومصباتها",
        "all_categories": "الأودية ومصباتها",
        "description": "",
        "folders": "Untitled layer",
        "source": "اطلس2026.xml",
        "origin": "أطلس ليبيا السياحي 2026",
        "status": "جاهز مبدئياً",
        "geometry_type": "Point",
        "coord_count": 1,
        "source_type": "KML/XML"
      },
      "geometry": {
        "type": "Point",
        "coordinates": [
          14.2035682,
          31.7241604
        ]
      }
    },
    {
      "type": "Feature",
      "properties": {
        "id": 473,
        "name": "وادي فرس",
        "primary_category": "الأودية ومصباتها",
        "all_categories": "الأودية ومصباتها",
        "description": "",
        "folders": "Untitled layer",
        "source": "اطلس2026.xml",
        "origin": "أطلس ليبيا السياحي 2026",
        "status": "جاهز مبدئياً",
        "geometry_type": "Point",
        "coord_count": 1,
        "source_type": "KML/XML"
      },
      "geometry": {
        "type": "Point",
        "coordinates": [
          14.1941247,
          32.0122586
        ]
      }
    },
    {
      "type": "Feature",
      "properties": {
        "id": 474,
        "name": "وادي فروة",
        "primary_category": "الأودية ومصباتها",
        "all_categories": "الأودية ومصباتها",
        "description": "",
        "folders": "Untitled layer",
        "source": "اطلس2026.xml",
        "origin": "أطلس ليبيا السياحي 2026",
        "status": "جاهز مبدئياً",
        "geometry_type": "Point",
        "coord_count": 1,
        "source_type": "KML/XML"
      },
      "geometry": {
        "type": "Point",
        "coordinates": [
          21.16667,
          32.76667
        ]
      }
    },
    {
      "type": "Feature",
      "properties": {
        "id": 475,
        "name": "وادي قابس",
        "primary_category": "الأودية ومصباتها",
        "all_categories": "الأودية ومصباتها",
        "description": "",
        "folders": "Untitled layer",
        "source": "اطلس2026.xml",
        "origin": "أطلس ليبيا السياحي 2026",
        "status": "جاهز مبدئياً",
        "geometry_type": "Point",
        "coord_count": 1,
        "source_type": "KML/XML"
      },
      "geometry": {
        "type": "Point",
        "coordinates": [
          24.5992899,
          31.9845279
        ]
      }
    },
    {
      "type": "Feature",
      "properties": {
        "id": 476,
        "name": "وادي قدرون",
        "primary_category": "الأودية ومصباتها",
        "all_categories": "الأودية ومصباتها",
        "description": "",
        "folders": "Untitled layer",
        "source": "اطلس2026.xml",
        "origin": "أطلس ليبيا السياحي 2026",
        "status": "جاهز مبدئياً",
        "geometry_type": "Point",
        "coord_count": 1,
        "source_type": "KML/XML"
      },
      "geometry": {
        "type": "Point",
        "coordinates": [
          23.1360912,
          32.3105664
        ]
      }
    },
    {
      "type": "Feature",
      "properties": {
        "id": 477,
        "name": "وادي قرا",
        "primary_category": "الأودية ومصباتها",
        "all_categories": "الأودية ومصباتها",
        "description": "",
        "folders": "Untitled layer",
        "source": "اطلس2026.xml",
        "origin": "أطلس ليبيا السياحي 2026",
        "status": "جاهز مبدئياً",
        "geometry_type": "Point",
        "coord_count": 1,
        "source_type": "KML/XML"
      },
      "geometry": {
        "type": "Point",
        "coordinates": [
          21.8343004,
          32.8378089
        ]
      }
    },
    {
      "type": "Feature",
      "properties": {
        "id": 478,
        "name": "وادي قرزة",
        "primary_category": "الأودية ومصباتها",
        "all_categories": "الأودية ومصباتها",
        "description": "",
        "folders": "Untitled layer",
        "source": "اطلس2026.xml",
        "origin": "أطلس ليبيا السياحي 2026",
        "status": "جاهز مبدئياً",
        "geometry_type": "Point",
        "coord_count": 1,
        "source_type": "KML/XML"
      },
      "geometry": {
        "type": "Point",
        "coordinates": [
          14.5502329,
          30.940182
        ]
      }
    },
    {
      "type": "Feature",
      "properties": {
        "id": 479,
        "name": "وادي قرماط",
        "primary_category": "الأودية ومصباتها",
        "all_categories": "الأودية ومصباتها",
        "description": "",
        "folders": "Untitled layer",
        "source": "اطلس2026.xml",
        "origin": "أطلس ليبيا السياحي 2026",
        "status": "جاهز مبدئياً",
        "geometry_type": "Point",
        "coord_count": 1,
        "source_type": "KML/XML"
      },
      "geometry": {
        "type": "Point",
        "coordinates": [
          13.7273312,
          31.8341076
        ]
      }
    },
    {
      "type": "Feature",
      "properties": {
        "id": 480,
        "name": "وادي كحيلة",
        "primary_category": "الأودية ومصباتها",
        "all_categories": "الأودية ومصباتها",
        "description": "",
        "folders": "Untitled layer",
        "source": "اطلس2026.xml",
        "origin": "أطلس ليبيا السياحي 2026",
        "status": "جاهز مبدئياً",
        "geometry_type": "Point",
        "coord_count": 1,
        "source_type": "KML/XML"
      },
      "geometry": {
        "type": "Point",
        "coordinates": [
          18.2396734,
          30.6929593
        ]
      }
    },
    {
      "type": "Feature",
      "properties": {
        "id": 481,
        "name": "وادي كرسة",
        "primary_category": "الأودية ومصباتها",
        "all_categories": "الأودية ومصباتها",
        "description": "",
        "folders": "Untitled layer",
        "source": "اطلس2026.xml",
        "origin": "أطلس ليبيا السياحي 2026",
        "status": "جاهز مبدئياً",
        "geometry_type": "Point",
        "coord_count": 1,
        "source_type": "KML/XML"
      },
      "geometry": {
        "type": "Point",
        "coordinates": [
          22.4164972,
          32.8290803
        ]
      }
    },
    {
      "type": "Feature",
      "properties": {
        "id": 482,
        "name": "وادي كعب",
        "primary_category": "الأودية ومصباتها",
        "all_categories": "الأودية ومصباتها",
        "description": "",
        "folders": "Untitled layer",
        "source": "اطلس2026.xml",
        "origin": "أطلس ليبيا السياحي 2026",
        "status": "جاهز مبدئياً",
        "geometry_type": "Point",
        "coord_count": 1,
        "source_type": "KML/XML"
      },
      "geometry": {
        "type": "Point",
        "coordinates": [
          21.1790051,
          32.5983103
        ]
      }
    },
    {
      "type": "Feature",
      "properties": {
        "id": 483,
        "name": "وادي كودجات",
        "primary_category": "الأودية ومصباتها",
        "all_categories": "الأودية ومصباتها",
        "description": "",
        "folders": "Untitled layer",
        "source": "اطلس2026.xml",
        "origin": "أطلس ليبيا السياحي 2026",
        "status": "جاهز مبدئياً",
        "geometry_type": "Point",
        "coord_count": 1,
        "source_type": "KML/XML"
      },
      "geometry": {
        "type": "Point",
        "coordinates": [
          12.5841666666666,
          32.0463888888889
        ]
      }
    },
    {
      "type": "Feature",
      "properties": {
        "id": 484,
        "name": "وادي كيسان",
        "primary_category": "الأودية ومصباتها",
        "all_categories": "الأودية ومصباتها",
        "description": "",
        "folders": "Untitled layer",
        "source": "اطلس2026.xml",
        "origin": "أطلس ليبيا السياحي 2026",
        "status": "جاهز مبدئياً",
        "geometry_type": "Point",
        "coord_count": 1,
        "source_type": "KML/XML"
      },
      "geometry": {
        "type": "Point",
        "coordinates": [
          10.4929733,
          24.9027862
        ]
      }
    },
    {
      "type": "Feature",
      "properties": {
        "id": 485,
        "name": "وادي لامين",
        "primary_category": "الأودية ومصباتها",
        "all_categories": "الأودية ومصباتها",
        "description": "",
        "folders": "Untitled layer",
        "source": "اطلس2026.xml",
        "origin": "أطلس ليبيا السياحي 2026",
        "status": "جاهز مبدئياً",
        "geometry_type": "Point",
        "coord_count": 1,
        "source_type": "KML/XML"
      },
      "geometry": {
        "type": "Point",
        "coordinates": [
          21.3139798,
          32.7721384
        ]
      }
    },
    {
      "type": "Feature",
      "properties": {
        "id": 486,
        "name": "وادي لبدة",
        "primary_category": "الأودية ومصباتها",
        "all_categories": "الأودية ومصباتها",
        "description": "",
        "folders": "Untitled layer",
        "source": "اطلس2026.xml",
        "origin": "أطلس ليبيا السياحي 2026",
        "status": "جاهز مبدئياً",
        "geometry_type": "Point",
        "coord_count": 1,
        "source_type": "KML/XML"
      },
      "geometry": {
        "type": "Point",
        "coordinates": [
          14.2967319,
          32.6376944
        ]
      }
    },
    {
      "type": "Feature",
      "properties": {
        "id": 487,
        "name": "وادي لهيرا",
        "primary_category": "الأودية ومصباتها",
        "all_categories": "الأودية ومصباتها",
        "description": "",
        "folders": "Untitled layer",
        "source": "اطلس2026.xml",
        "origin": "أطلس ليبيا السياحي 2026",
        "status": "جاهز مبدئياً",
        "geometry_type": "Point",
        "coord_count": 1,
        "source_type": "KML/XML"
      },
      "geometry": {
        "type": "Point",
        "coordinates": [
          22.0477099,
          32.9065371
        ]
      }
    },
    {
      "type": "Feature",
      "properties": {
        "id": 488,
        "name": "وادي لوعير",
        "primary_category": "الأودية ومصباتها",
        "all_categories": "الأودية ومصباتها",
        "description": "",
        "folders": "Untitled layer",
        "source": "اطلس2026.xml",
        "origin": "أطلس ليبيا السياحي 2026",
        "status": "جاهز مبدئياً",
        "geometry_type": "Point",
        "coord_count": 1,
        "source_type": "KML/XML"
      },
      "geometry": {
        "type": "Point",
        "coordinates": [
          23.8507607,
          32.1302545
        ]
      }
    },
    {
      "type": "Feature",
      "properties": {
        "id": 489,
        "name": "وادي ماجر",
        "primary_category": "الأودية ومصباتها",
        "all_categories": "الأودية ومصباتها",
        "description": "",
        "folders": "Untitled layer",
        "source": "اطلس2026.xml",
        "origin": "أطلس ليبيا السياحي 2026",
        "status": "جاهز مبدئياً",
        "geometry_type": "Point",
        "coord_count": 1,
        "source_type": "KML/XML"
      },
      "geometry": {
        "type": "Point",
        "coordinates": [
          14.4314766,
          32.2449064
        ]
      }
    },
    {
      "type": "Feature",
      "properties": {
        "id": 490,
        "name": "وادي ماكيات",
        "primary_category": "الأودية ومصباتها",
        "all_categories": "الأودية ومصباتها",
        "description": "",
        "folders": "Untitled layer",
        "source": "اطلس2026.xml",
        "origin": "أطلس ليبيا السياحي 2026",
        "status": "جاهز مبدئياً",
        "geometry_type": "Point",
        "coord_count": 1,
        "source_type": "KML/XML"
      },
      "geometry": {
        "type": "Point",
        "coordinates": [
          10.0733999,
          25.1891567
        ]
      }
    },
    {
      "type": "Feature",
      "properties": {
        "id": 491,
        "name": "وادي متخندوش",
        "primary_category": "الأودية ومصباتها",
        "all_categories": "الأودية ومصباتها",
        "description": "",
        "folders": "Untitled layer",
        "source": "اطلس2026.xml",
        "origin": "أطلس ليبيا السياحي 2026",
        "status": "جاهز مبدئياً",
        "geometry_type": "Point",
        "coord_count": 1,
        "source_type": "KML/XML"
      },
      "geometry": {
        "type": "Point",
        "coordinates": [
          11.934518,
          25.6882739
        ]
      }
    },
    {
      "type": "Feature",
      "properties": {
        "id": 492,
        "name": "وادي مرقس",
        "primary_category": "الأودية ومصباتها",
        "all_categories": "الأودية ومصباتها",
        "description": "",
        "folders": "Untitled layer",
        "source": "اطلس2026.xml",
        "origin": "أطلس ليبيا السياحي 2026",
        "status": "جاهز مبدئياً",
        "geometry_type": "Point",
        "coord_count": 1,
        "source_type": "KML/XML"
      },
      "geometry": {
        "type": "Point",
        "coordinates": [
          22.2072581,
          32.8472222
        ]
      }
    },
    {
      "type": "Feature",
      "properties": {
        "id": 493,
        "name": "وادي مرقس أو وادي الشواعر",
        "primary_category": "الأودية ومصباتها",
        "all_categories": "الأودية ومصباتها",
        "description": "",
        "folders": "Untitled layer",
        "source": "اطلس2026.xml",
        "origin": "أطلس ليبيا السياحي 2026",
        "status": "جاهز مبدئياً",
        "geometry_type": "Point",
        "coord_count": 1,
        "source_type": "KML/XML"
      },
      "geometry": {
        "type": "Point",
        "coordinates": [
          22.228278,
          32.860026
        ]
      }
    },
    {
      "type": "Feature",
      "properties": {
        "id": 494,
        "name": "وادي مسلقون",
        "primary_category": "الأودية ومصباتها",
        "all_categories": "الأودية ومصباتها",
        "description": "",
        "folders": "Untitled layer",
        "source": "اطلس2026.xml",
        "origin": "أطلس ليبيا السياحي 2026",
        "status": "جاهز مبدئياً",
        "geometry_type": "Point",
        "coord_count": 1,
        "source_type": "KML/XML"
      },
      "geometry": {
        "type": "Point",
        "coordinates": [
          21.6444593,
          32.8947508
        ]
      }
    },
    {
      "type": "Feature",
      "properties": {
        "id": 495,
        "name": "وادي مسوجي",
        "primary_category": "الأودية ومصباتها",
        "all_categories": "الأودية ومصباتها",
        "description": "",
        "folders": "Untitled layer",
        "source": "اطلس2026.xml",
        "origin": "أطلس ليبيا السياحي 2026",
        "status": "جاهز مبدئياً",
        "geometry_type": "Point",
        "coord_count": 1,
        "source_type": "KML/XML"
      },
      "geometry": {
        "type": "Point",
        "coordinates": [
          13.7767696,
          31.653838
        ]
      }
    },
    {
      "type": "Feature",
      "properties": {
        "id": 496,
        "name": "وادي مسوجي",
        "primary_category": "الأودية ومصباتها",
        "all_categories": "الأودية ومصباتها",
        "description": "",
        "folders": "Untitled layer",
        "source": "اطلس2026.xml",
        "origin": "أطلس ليبيا السياحي 2026",
        "status": "جاهز مبدئياً",
        "geometry_type": "Point",
        "coord_count": 1,
        "source_type": "KML/XML"
      },
      "geometry": {
        "type": "Point",
        "coordinates": [
          13.6215019,
          31.748022
        ]
      }
    },
    {
      "type": "Feature",
      "properties": {
        "id": 497,
        "name": "وادي مقدال",
        "primary_category": "الأودية ومصباتها",
        "all_categories": "الأودية ومصباتها",
        "description": "",
        "folders": "Untitled layer",
        "source": "اطلس2026.xml",
        "origin": "أطلس ليبيا السياحي 2026",
        "status": "جاهز مبدئياً",
        "geometry_type": "Point",
        "coord_count": 1,
        "source_type": "KML/XML"
      },
      "geometry": {
        "type": "Point",
        "coordinates": [
          13.6930847,
          31.5064101
        ]
      }
    },
    {
      "type": "Feature",
      "properties": {
        "id": 498,
        "name": "وادي مقيونس",
        "primary_category": "الأودية ومصباتها",
        "all_categories": "الأودية ومصباتها",
        "description": "",
        "folders": "Untitled layer",
        "source": "اطلس2026.xml",
        "origin": "أطلس ليبيا السياحي 2026",
        "status": "جاهز مبدئياً",
        "geometry_type": "Point",
        "coord_count": 1,
        "source_type": "KML/XML"
      },
      "geometry": {
        "type": "Point",
        "coordinates": [
          21.20811,
          32.7713
        ]
      }
    },
    {
      "type": "Feature",
      "properties": {
        "id": 499,
        "name": "وادي ملجة",
        "primary_category": "الأودية ومصباتها",
        "all_categories": "الأودية ومصباتها",
        "description": "",
        "folders": "Untitled layer",
        "source": "اطلس2026.xml",
        "origin": "أطلس ليبيا السياحي 2026",
        "status": "جاهز مبدئياً",
        "geometry_type": "Point",
        "coord_count": 1,
        "source_type": "KML/XML"
      },
      "geometry": {
        "type": "Point",
        "coordinates": [
          21.8361243,
          32.8360343
        ]
      }
    },
    {
      "type": "Feature",
      "properties": {
        "id": 500,
        "name": "وادي ملجة",
        "primary_category": "الأودية ومصباتها",
        "all_categories": "الأودية ومصباتها",
        "description": "",
        "folders": "Untitled layer",
        "source": "اطلس2026.xml",
        "origin": "أطلس ليبيا السياحي 2026",
        "status": "جاهز مبدئياً",
        "geometry_type": "Point",
        "coord_count": 1,
        "source_type": "KML/XML"
      },
      "geometry": {
        "type": "Point",
        "coordinates": [
          21.8432624,
          32.828641
        ]
      }
    },
    {
      "type": "Feature",
      "properties": {
        "id": 501,
        "name": "وادي منصور",
        "primary_category": "الأودية ومصباتها",
        "all_categories": "الأودية ومصباتها",
        "description": "",
        "folders": "Untitled layer",
        "source": "اطلس2026.xml",
        "origin": "أطلس ليبيا السياحي 2026",
        "status": "جاهز مبدئياً",
        "geometry_type": "Point",
        "coord_count": 1,
        "source_type": "KML/XML"
      },
      "geometry": {
        "type": "Point",
        "coordinates": [
          13.9701017,
          32.0169109
        ]
      }
    },
    {
      "type": "Feature",
      "properties": {
        "id": 502,
        "name": "وادي منصور",
        "primary_category": "الأودية ومصباتها",
        "all_categories": "الأودية ومصباتها",
        "description": "",
        "folders": "Untitled layer",
        "source": "اطلس2026.xml",
        "origin": "أطلس ليبيا السياحي 2026",
        "status": "جاهز مبدئياً",
        "geometry_type": "Point",
        "coord_count": 1,
        "source_type": "KML/XML"
      },
      "geometry": {
        "type": "Point",
        "coordinates": [
          14.23595,
          31.8416111111111
        ]
      }
    },
    {
      "type": "Feature",
      "properties": {
        "id": 503,
        "name": "وادي منصور",
        "primary_category": "الأودية ومصباتها",
        "all_categories": "الأودية ومصباتها",
        "description": "",
        "folders": "Untitled layer",
        "source": "اطلس2026.xml",
        "origin": "أطلس ليبيا السياحي 2026",
        "status": "جاهز مبدئياً",
        "geometry_type": "Point",
        "coord_count": 1,
        "source_type": "KML/XML"
      },
      "geometry": {
        "type": "Point",
        "coordinates": [
          14.2243385,
          31.8503252
        ]
      }
    },
    {
      "type": "Feature",
      "properties": {
        "id": 504,
        "name": "وادي منصور",
        "primary_category": "الأودية ومصباتها",
        "all_categories": "الأودية ومصباتها",
        "description": "",
        "folders": "Untitled layer",
        "source": "اطلس2026.xml",
        "origin": "أطلس ليبيا السياحي 2026",
        "status": "جاهز مبدئياً",
        "geometry_type": "Point",
        "coord_count": 1,
        "source_type": "KML/XML"
      },
      "geometry": {
        "type": "Point",
        "coordinates": [
          14.2126025,
          31.8666407
        ]
      }
    },
    {
      "type": "Feature",
      "properties": {
        "id": 505,
        "name": "وادي ميسكنان",
        "primary_category": "الأودية ومصباتها",
        "all_categories": "الأودية ومصباتها",
        "description": "",
        "folders": "Untitled layer",
        "source": "اطلس2026.xml",
        "origin": "أطلس ليبيا السياحي 2026",
        "status": "جاهز مبدئياً",
        "geometry_type": "Point",
        "coord_count": 1,
        "source_type": "KML/XML"
      },
      "geometry": {
        "type": "Point",
        "coordinates": [
          11.720144,
          25.571269
        ]
      }
    },
    {
      "type": "Feature",
      "properties": {
        "id": 506,
        "name": "وادي ميسكنان",
        "primary_category": "الأودية ومصباتها",
        "all_categories": "الأودية ومصباتها",
        "description": "",
        "folders": "Untitled layer",
        "source": "اطلس2026.xml",
        "origin": "أطلس ليبيا السياحي 2026",
        "status": "جاهز مبدئياً",
        "geometry_type": "Point",
        "coord_count": 1,
        "source_type": "KML/XML"
      },
      "geometry": {
        "type": "Point",
        "coordinates": [
          11.8001486,
          25.4979924
        ]
      }
    },
    {
      "type": "Feature",
      "properties": {
        "id": 507,
        "name": "وادي ميغدت",
        "primary_category": "الأودية ومصباتها",
        "all_categories": "الأودية ومصباتها",
        "description": "",
        "folders": "Untitled layer",
        "source": "اطلس2026.xml",
        "origin": "أطلس ليبيا السياحي 2026",
        "status": "جاهز مبدئياً",
        "geometry_type": "Point",
        "coord_count": 1,
        "source_type": "KML/XML"
      },
      "geometry": {
        "type": "Point",
        "coordinates": [
          10.0349477,
          25.7646838
        ]
      }
    },
    {
      "type": "Feature",
      "properties": {
        "id": 508,
        "name": "وادي ميمون",
        "primary_category": "الأودية ومصباتها",
        "all_categories": "الأودية ومصباتها",
        "description": "",
        "folders": "Untitled layer",
        "source": "اطلس2026.xml",
        "origin": "أطلس ليبيا السياحي 2026",
        "status": "جاهز مبدئياً",
        "geometry_type": "Point",
        "coord_count": 1,
        "source_type": "KML/XML"
      },
      "geometry": {
        "type": "Point",
        "coordinates": [
          14.2809901,
          31.6445144
        ]
      }
    },
    {
      "type": "Feature",
      "properties": {
        "id": 509,
        "name": "وادي ميمون",
        "primary_category": "الأودية ومصباتها",
        "all_categories": "الأودية ومصباتها",
        "description": "",
        "folders": "Untitled layer",
        "source": "اطلس2026.xml",
        "origin": "أطلس ليبيا السياحي 2026",
        "status": "جاهز مبدئياً",
        "geometry_type": "Point",
        "coord_count": 1,
        "source_type": "KML/XML"
      },
      "geometry": {
        "type": "Point",
        "coordinates": [
          10.4465389,
          30.1838638
        ]
      }
    },
    {
      "type": "Feature",
      "properties": {
        "id": 510,
        "name": "وادي نالوت",
        "primary_category": "الأودية ومصباتها",
        "all_categories": "الأودية ومصباتها",
        "description": "",
        "folders": "Untitled layer",
        "source": "اطلس2026.xml",
        "origin": "أطلس ليبيا السياحي 2026",
        "status": "جاهز مبدئياً",
        "geometry_type": "Point",
        "coord_count": 1,
        "source_type": "KML/XML"
      },
      "geometry": {
        "type": "Point",
        "coordinates": [
          11.0088158,
          31.8471229
        ]
      }
    },
    {
      "type": "Feature",
      "properties": {
        "id": 511,
        "name": "وادي نفد",
        "primary_category": "الأودية ومصباتها",
        "all_categories": "الأودية ومصباتها",
        "description": "",
        "folders": "Untitled layer",
        "source": "اطلس2026.xml",
        "origin": "أطلس ليبيا السياحي 2026",
        "status": "جاهز مبدئياً",
        "geometry_type": "Point",
        "coord_count": 1,
        "source_type": "KML/XML"
      },
      "geometry": {
        "type": "Point",
        "coordinates": [
          14.7139549,
          31.4648725
        ]
      }
    },
    {
      "type": "Feature",
      "properties": {
        "id": 512,
        "name": "وادي نينا",
        "primary_category": "الأودية ومصباتها",
        "all_categories": "الأودية ومصباتها",
        "description": "",
        "folders": "Untitled layer",
        "source": "اطلس2026.xml",
        "origin": "أطلس ليبيا السياحي 2026",
        "status": "جاهز مبدئياً",
        "geometry_type": "Point",
        "coord_count": 1,
        "source_type": "KML/XML"
      },
      "geometry": {
        "type": "Point",
        "coordinates": [
          14.8669575,
          29.1980145
        ]
      }
    },
    {
      "type": "Feature",
      "properties": {
        "id": 513,
        "name": "وادي وامس",
        "primary_category": "الأودية ومصباتها",
        "all_categories": "الأودية ومصباتها",
        "description": "",
        "folders": "Untitled layer",
        "source": "اطلس2026.xml",
        "origin": "أطلس ليبيا السياحي 2026",
        "status": "جاهز مبدئياً",
        "geometry_type": "Point",
        "coord_count": 1,
        "source_type": "KML/XML"
      },
      "geometry": {
        "type": "Point",
        "coordinates": [
          12.680004,
          31.6431904
        ]
      }
    },
    {
      "type": "Feature",
      "properties": {
        "id": 514,
        "name": "وادي وان أرماس",
        "primary_category": "الأودية ومصباتها",
        "all_categories": "الأودية ومصباتها",
        "description": "",
        "folders": "Untitled layer",
        "source": "اطلس2026.xml",
        "origin": "أطلس ليبيا السياحي 2026",
        "status": "جاهز مبدئياً",
        "geometry_type": "Point",
        "coord_count": 1,
        "source_type": "KML/XML"
      },
      "geometry": {
        "type": "Point",
        "coordinates": [
          10.2647222222222,
          28.6602777777778
        ]
      }
    },
    {
      "type": "Feature",
      "properties": {
        "id": 515,
        "name": "وادي وان افودا",
        "primary_category": "الأودية ومصباتها",
        "all_categories": "الأودية ومصباتها",
        "description": "",
        "folders": "Untitled layer",
        "source": "اطلس2026.xml",
        "origin": "أطلس ليبيا السياحي 2026",
        "status": "جاهز مبدئياً",
        "geometry_type": "Point",
        "coord_count": 1,
        "source_type": "KML/XML"
      },
      "geometry": {
        "type": "Point",
        "coordinates": [
          11.523827,
          24.467646
        ]
      }
    },
    {
      "type": "Feature",
      "properties": {
        "id": 516,
        "name": "وادي وديان لطرش",
        "primary_category": "الأودية ومصباتها",
        "all_categories": "الأودية ومصباتها",
        "description": "",
        "folders": "Untitled layer",
        "source": "اطلس2026.xml",
        "origin": "أطلس ليبيا السياحي 2026",
        "status": "جاهز مبدئياً",
        "geometry_type": "Point",
        "coord_count": 1,
        "source_type": "KML/XML"
      },
      "geometry": {
        "type": "Point",
        "coordinates": [
          11.6133307,
          25.6411681
        ]
      }
    },
    {
      "type": "Feature",
      "properties": {
        "id": 517,
        "name": "وداي برحى",
        "primary_category": "الأودية ومصباتها",
        "all_categories": "الأودية ومصباتها",
        "description": "وادي برحي",
        "folders": "Untitled layer",
        "source": "اطلس2026.xml",
        "origin": "أطلس ليبيا السياحي 2026",
        "status": "جاهز مبدئياً",
        "geometry_type": "Point",
        "coord_count": 1,
        "source_type": "KML/XML"
      },
      "geometry": {
        "type": "Point",
        "coordinates": [
          25.0914377,
          31.7684974
        ]
      }
    },
    {
      "type": "Feature",
      "properties": {
        "id": 518,
        "name": "أم المخالي أو اللبادية - بحيرة الغارق",
        "primary_category": "البحيرات الطبيعية والصحراوية",
        "all_categories": "البحيرات الطبيعية والصحراوية",
        "description": "",
        "folders": "Untitled layer",
        "source": "اطلس2026.xml",
        "origin": "أطلس ليبيا السياحي 2026",
        "status": "جاهز مبدئياً",
        "geometry_type": "Point",
        "coord_count": 1,
        "source_type": "KML/XML"
      },
      "geometry": {
        "type": "Point",
        "coordinates": [
          20.8980874,
          32.5058984
        ]
      }
    },
    {
      "type": "Feature",
      "properties": {
        "id": 519,
        "name": "البحيرة الكبيرة",
        "primary_category": "البحيرات الطبيعية والصحراوية",
        "all_categories": "البحيرات الطبيعية والصحراوية",
        "description": "",
        "folders": "Untitled layer",
        "source": "اطلس2026.xml",
        "origin": "أطلس ليبيا السياحي 2026",
        "status": "جاهز مبدئياً",
        "geometry_type": "Point",
        "coord_count": 1,
        "source_type": "KML/XML"
      },
      "geometry": {
        "type": "Point",
        "coordinates": [
          20.0972986,
          32.1424786
        ]
      }
    },
    {
      "type": "Feature",
      "properties": {
        "id": 520,
        "name": "العين ( بحيرة شديدة الملوحة )",
        "primary_category": "البحيرات الطبيعية والصحراوية",
        "all_categories": "البحيرات الطبيعية والصحراوية",
        "description": "",
        "folders": "Untitled layer",
        "source": "اطلس2026.xml",
        "origin": "أطلس ليبيا السياحي 2026",
        "status": "جاهز مبدئياً",
        "geometry_type": "Point",
        "coord_count": 1,
        "source_type": "KML/XML"
      },
      "geometry": {
        "type": "Point",
        "coordinates": [
          13.874098,
          27.4419713
        ]
      }
    },
    {
      "type": "Feature",
      "properties": {
        "id": 521,
        "name": "بحيرات العامرة",
        "primary_category": "البحيرات الطبيعية والصحراوية",
        "all_categories": "البحيرات الطبيعية والصحراوية",
        "description": "",
        "folders": "Untitled layer",
        "source": "اطلس2026.xml",
        "origin": "أطلس ليبيا السياحي 2026",
        "status": "جاهز مبدئياً",
        "geometry_type": "Point",
        "coord_count": 1,
        "source_type": "KML/XML"
      },
      "geometry": {
        "type": "Point",
        "coordinates": [
          24.7115993,
          29.6012973
        ]
      }
    },
    {
      "type": "Feature",
      "properties": {
        "id": 522,
        "name": "بحيرات المحروقة",
        "primary_category": "البحيرات الطبيعية والصحراوية",
        "all_categories": "البحيرات الطبيعية والصحراوية",
        "description": "",
        "folders": "Untitled layer",
        "source": "اطلس2026.xml",
        "origin": "أطلس ليبيا السياحي 2026",
        "status": "جاهز مبدئياً",
        "geometry_type": "Point",
        "coord_count": 1,
        "source_type": "KML/XML"
      },
      "geometry": {
        "type": "Point",
        "coordinates": [
          14.0707116,
          27.4397354
        ]
      }
    },
    {
      "type": "Feature",
      "properties": {
        "id": 523,
        "name": "بحيرات برقن",
        "primary_category": "البحيرات الطبيعية والصحراوية",
        "all_categories": "البحيرات الطبيعية والصحراوية",
        "description": "",
        "folders": "Untitled layer",
        "source": "اطلس2026.xml",
        "origin": "أطلس ليبيا السياحي 2026",
        "status": "جاهز مبدئياً",
        "geometry_type": "Point",
        "coord_count": 1,
        "source_type": "KML/XML"
      },
      "geometry": {
        "type": "Point",
        "coordinates": [
          13.6258365,
          27.5316778
        ]
      }
    },
    {
      "type": "Feature",
      "properties": {
        "id": 524,
        "name": "بحيرات برقن",
        "primary_category": "البحيرات الطبيعية والصحراوية",
        "all_categories": "البحيرات الطبيعية والصحراوية",
        "description": "",
        "folders": "Untitled layer",
        "source": "اطلس2026.xml",
        "origin": "أطلس ليبيا السياحي 2026",
        "status": "جاهز مبدئياً",
        "geometry_type": "Point",
        "coord_count": 1,
        "source_type": "KML/XML"
      },
      "geometry": {
        "type": "Point",
        "coordinates": [
          13.6335675,
          27.511145
        ]
      }
    },
    {
      "type": "Feature",
      "properties": {
        "id": 525,
        "name": "بحيرات زلة",
        "primary_category": "البحيرات الطبيعية والصحراوية",
        "all_categories": "البحيرات الطبيعية والصحراوية",
        "description": "",
        "folders": "Untitled layer",
        "source": "اطلس2026.xml",
        "origin": "أطلس ليبيا السياحي 2026",
        "status": "جاهز مبدئياً",
        "geometry_type": "Point",
        "coord_count": 1,
        "source_type": "KML/XML"
      },
      "geometry": {
        "type": "Point",
        "coordinates": [
          17.5572158,
          28.5428914
        ]
      }
    },
    {
      "type": "Feature",
      "properties": {
        "id": 526,
        "name": "بحيرة",
        "primary_category": "البحيرات الطبيعية والصحراوية",
        "all_categories": "البحيرات الطبيعية والصحراوية",
        "description": "",
        "folders": "Untitled layer",
        "source": "اطلس2026.xml",
        "origin": "أطلس ليبيا السياحي 2026",
        "status": "جاهز مبدئياً",
        "geometry_type": "Point",
        "coord_count": 1,
        "source_type": "KML/XML"
      },
      "geometry": {
        "type": "Point",
        "coordinates": [
          13.3255708,
          27.4750061
        ]
      }
    },
    {
      "type": "Feature",
      "properties": {
        "id": 527,
        "name": "بحيرة أجراجير",
        "primary_category": "البحيرات الطبيعية والصحراوية",
        "all_categories": "البحيرات الطبيعية والصحراوية؛ آبار وخزانات ومصادر مياه أخرى",
        "description": "حفرة تمتلىء بالمياه عقب سقوط الأمطار، وتبقى فيها فترة وجيزة.",
        "folders": "Untitled layer",
        "source": "اطلس2026.xml",
        "origin": "أطلس ليبيا السياحي 2026",
        "status": "جاهز مبدئياً",
        "geometry_type": "Point",
        "coord_count": 1,
        "source_type": "KML/XML"
      },
      "geometry": {
        "type": "Point",
        "coordinates": [
          10.156943,
          24.771209
        ]
      }
    },
    {
      "type": "Feature",
      "properties": {
        "id": 528,
        "name": "بحيرة أم الحصان",
        "primary_category": "البحيرات الطبيعية والصحراوية",
        "all_categories": "البحيرات الطبيعية والصحراوية",
        "description": "بحيرة أم الحصان",
        "folders": "Untitled layer",
        "source": "اطلس2026.xml",
        "origin": "أطلس ليبيا السياحي 2026",
        "status": "جاهز مبدئياً",
        "geometry_type": "Point",
        "coord_count": 1,
        "source_type": "KML/XML"
      },
      "geometry": {
        "type": "Point",
        "coordinates": [
          13.4805465,
          26.9140724
        ]
      }
    },
    {
      "type": "Feature",
      "properties": {
        "id": 529,
        "name": "بحيرة أم الماء",
        "primary_category": "البحيرات الطبيعية والصحراوية",
        "all_categories": "البحيرات الطبيعية والصحراوية؛ آبار وخزانات ومصادر مياه أخرى",
        "description": "بحيرة ام الماء",
        "folders": "Untitled layer",
        "source": "اطلس2026.xml",
        "origin": "أطلس ليبيا السياحي 2026",
        "status": "جاهز مبدئياً",
        "geometry_type": "Point",
        "coord_count": 1,
        "source_type": "KML/XML"
      },
      "geometry": {
        "type": "Point",
        "coordinates": [
          13.334806,
          26.7104619
        ]
      }
    },
    {
      "type": "Feature",
      "properties": {
        "id": 530,
        "name": "بحيرة أم الماء",
        "primary_category": "البحيرات الطبيعية والصحراوية",
        "all_categories": "البحيرات الطبيعية والصحراوية؛ آبار وخزانات ومصادر مياه أخرى",
        "description": "",
        "folders": "Untitled layer",
        "source": "اطلس2026.xml",
        "origin": "أطلس ليبيا السياحي 2026",
        "status": "جاهز مبدئياً",
        "geometry_type": "Point",
        "coord_count": 1,
        "source_type": "KML/XML"
      },
      "geometry": {
        "type": "Point",
        "coordinates": [
          13.3348,
          26.71046
        ]
      }
    },
    {
      "type": "Feature",
      "properties": {
        "id": 531,
        "name": "بحيرة أم ملفاع",
        "primary_category": "البحيرات الطبيعية والصحراوية",
        "all_categories": "البحيرات الطبيعية والصحراوية",
        "description": "",
        "folders": "Untitled layer",
        "source": "اطلس2026.xml",
        "origin": "أطلس ليبيا السياحي 2026",
        "status": "جاهز مبدئياً",
        "geometry_type": "Point",
        "coord_count": 1,
        "source_type": "KML/XML"
      },
      "geometry": {
        "type": "Point",
        "coordinates": [
          15.123134,
          26.153761
        ]
      }
    },
    {
      "type": "Feature",
      "properties": {
        "id": 532,
        "name": "بحيرة احجارة",
        "primary_category": "البحيرات الطبيعية والصحراوية",
        "all_categories": "البحيرات الطبيعية والصحراوية",
        "description": "",
        "folders": "Untitled layer",
        "source": "اطلس2026.xml",
        "origin": "أطلس ليبيا السياحي 2026",
        "status": "جاهز مبدئياً",
        "geometry_type": "Point",
        "coord_count": 1,
        "source_type": "KML/XML"
      },
      "geometry": {
        "type": "Point",
        "coordinates": [
          14.4708333,
          27.0588889
        ]
      }
    },
    {
      "type": "Feature",
      "properties": {
        "id": 533,
        "name": "بحيرة البحر الدوني",
        "primary_category": "البحيرات الطبيعية والصحراوية",
        "all_categories": "البحيرات الطبيعية والصحراوية",
        "description": "",
        "folders": "Untitled layer",
        "source": "اطلس2026.xml",
        "origin": "أطلس ليبيا السياحي 2026",
        "status": "جاهز مبدئياً",
        "geometry_type": "Point",
        "coord_count": 1,
        "source_type": "KML/XML"
      },
      "geometry": {
        "type": "Point",
        "coordinates": [
          24.7866666666666,
          29.63
        ]
      }
    },
    {
      "type": "Feature",
      "properties": {
        "id": 534,
        "name": "بحيرة البحير",
        "primary_category": "البحيرات الطبيعية والصحراوية",
        "all_categories": "البحيرات الطبيعية والصحراوية",
        "description": "بحيرة البحير",
        "folders": "Untitled layer",
        "source": "اطلس2026.xml",
        "origin": "أطلس ليبيا السياحي 2026",
        "status": "جاهز مبدئياً",
        "geometry_type": "Point",
        "coord_count": 1,
        "source_type": "KML/XML"
      },
      "geometry": {
        "type": "Point",
        "coordinates": [
          13.5862255,
          26.8513066
        ]
      }
    },
    {
      "type": "Feature",
      "properties": {
        "id": 535,
        "name": "بحيرة العامرة",
        "primary_category": "البحيرات الطبيعية والصحراوية",
        "all_categories": "البحيرات الطبيعية والصحراوية",
        "description": "",
        "folders": "Untitled layer",
        "source": "اطلس2026.xml",
        "origin": "أطلس ليبيا السياحي 2026",
        "status": "جاهز مبدئياً",
        "geometry_type": "Point",
        "coord_count": 1,
        "source_type": "KML/XML"
      },
      "geometry": {
        "type": "Point",
        "coordinates": [
          24.6929741,
          29.5871916
        ]
      }
    },
    {
      "type": "Feature",
      "properties": {
        "id": 536,
        "name": "بحيرة العرايشة",
        "primary_category": "البحيرات الطبيعية والصحراوية",
        "all_categories": "البحيرات الطبيعية والصحراوية",
        "description": "",
        "folders": "Untitled layer",
        "source": "اطلس2026.xml",
        "origin": "أطلس ليبيا السياحي 2026",
        "status": "جاهز مبدئياً",
        "geometry_type": "Point",
        "coord_count": 1,
        "source_type": "KML/XML"
      },
      "geometry": {
        "type": "Point",
        "coordinates": [
          24.8604444444445,
          29.6094166666667
        ]
      }
    },
    {
      "type": "Feature",
      "properties": {
        "id": 537,
        "name": "بحيرة العرجة",
        "primary_category": "البحيرات الطبيعية والصحراوية",
        "all_categories": "البحيرات الطبيعية والصحراوية",
        "description": "بحيرة صناعية",
        "folders": "Untitled layer",
        "source": "اطلس2026.xml",
        "origin": "أطلس ليبيا السياحي 2026",
        "status": "جاهز مبدئياً",
        "geometry_type": "Point",
        "coord_count": 1,
        "source_type": "KML/XML"
      },
      "geometry": {
        "type": "Point",
        "coordinates": [
          15.741599,
          28.99957
        ]
      }
    },
    {
      "type": "Feature",
      "properties": {
        "id": 538,
        "name": "بحيرة العنبة",
        "primary_category": "البحيرات الطبيعية والصحراوية",
        "all_categories": "البحيرات الطبيعية والصحراوية",
        "description": "بحيرة العنبة",
        "folders": "Untitled layer",
        "source": "اطلس2026.xml",
        "origin": "أطلس ليبيا السياحي 2026",
        "status": "جاهز مبدئياً",
        "geometry_type": "Point",
        "coord_count": 1,
        "source_type": "KML/XML"
      },
      "geometry": {
        "type": "Point",
        "coordinates": [
          12.9778147,
          26.944854
        ]
      }
    },
    {
      "type": "Feature",
      "properties": {
        "id": 539,
        "name": "بحيرة العيون",
        "primary_category": "البحيرات الطبيعية والصحراوية",
        "all_categories": "البحيرات الطبيعية والصحراوية",
        "description": "",
        "folders": "Untitled layer",
        "source": "اطلس2026.xml",
        "origin": "أطلس ليبيا السياحي 2026",
        "status": "جاهز مبدئياً",
        "geometry_type": "Point",
        "coord_count": 1,
        "source_type": "KML/XML"
      },
      "geometry": {
        "type": "Point",
        "coordinates": [
          14.0103736,
          27.4678864
        ]
      }
    },
    {
      "type": "Feature",
      "properties": {
        "id": 540,
        "name": "بحيرة العيون",
        "primary_category": "البحيرات الطبيعية والصحراوية",
        "all_categories": "البحيرات الطبيعية والصحراوية",
        "description": "",
        "folders": "Untitled layer",
        "source": "اطلس2026.xml",
        "origin": "أطلس ليبيا السياحي 2026",
        "status": "جاهز مبدئياً",
        "geometry_type": "Point",
        "coord_count": 1,
        "source_type": "KML/XML"
      },
      "geometry": {
        "type": "Point",
        "coordinates": [
          14.0103736,
          27.4678864
        ]
      }
    },
    {
      "type": "Feature",
      "properties": {
        "id": 541,
        "name": "بحيرة الفريدغة",
        "primary_category": "البحيرات الطبيعية والصحراوية",
        "all_categories": "البحيرات الطبيعية والصحراوية",
        "description": "",
        "folders": "Untitled layer",
        "source": "اطلس2026.xml",
        "origin": "أطلس ليبيا السياحي 2026",
        "status": "جاهز مبدئياً",
        "geometry_type": "Point",
        "coord_count": 1,
        "source_type": "KML/XML"
      },
      "geometry": {
        "type": "Point",
        "coordinates": [
          24.5068073,
          29.6125282
        ]
      }
    },
    {
      "type": "Feature",
      "properties": {
        "id": 542,
        "name": "بحيرة الفريدغة",
        "primary_category": "البحيرات الطبيعية والصحراوية",
        "all_categories": "البحيرات الطبيعية والصحراوية",
        "description": "الفريدغة",
        "folders": "Untitled layer",
        "source": "اطلس2026.xml",
        "origin": "أطلس ليبيا السياحي 2026",
        "status": "جاهز مبدئياً",
        "geometry_type": "Point",
        "coord_count": 1,
        "source_type": "KML/XML"
      },
      "geometry": {
        "type": "Point",
        "coordinates": [
          13.3506739,
          26.9317886
        ]
      }
    },
    {
      "type": "Feature",
      "properties": {
        "id": 543,
        "name": "بحيرة المجدوب",
        "primary_category": "البحيرات الطبيعية والصحراوية",
        "all_categories": "البحيرات الطبيعية والصحراوية",
        "description": "",
        "folders": "Untitled layer",
        "source": "اطلس2026.xml",
        "origin": "أطلس ليبيا السياحي 2026",
        "status": "جاهز مبدئياً",
        "geometry_type": "Point",
        "coord_count": 1,
        "source_type": "KML/XML"
      },
      "geometry": {
        "type": "Point",
        "coordinates": [
          20.1287556,
          32.1554139
        ]
      }
    },
    {
      "type": "Feature",
      "properties": {
        "id": 544,
        "name": "بحيرة الملح",
        "primary_category": "البحيرات الطبيعية والصحراوية",
        "all_categories": "البحيرات الطبيعية والصحراوية",
        "description": "",
        "folders": "Untitled layer",
        "source": "اطلس2026.xml",
        "origin": "أطلس ليبيا السياحي 2026",
        "status": "جاهز مبدئياً",
        "geometry_type": "Point",
        "coord_count": 1,
        "source_type": "KML/XML"
      },
      "geometry": {
        "type": "Point",
        "coordinates": [
          15.8558333,
          29.1516667
        ]
      }
    },
    {
      "type": "Feature",
      "properties": {
        "id": 545,
        "name": "بحيرة الملفا",
        "primary_category": "البحيرات الطبيعية والصحراوية",
        "all_categories": "البحيرات الطبيعية والصحراوية",
        "description": "",
        "folders": "Untitled layer",
        "source": "اطلس2026.xml",
        "origin": "أطلس ليبيا السياحي 2026",
        "status": "جاهز مبدئياً",
        "geometry_type": "Point",
        "coord_count": 1,
        "source_type": "KML/XML"
      },
      "geometry": {
        "type": "Point",
        "coordinates": [
          24.783843,
          29.7452377
        ]
      }
    },
    {
      "type": "Feature",
      "properties": {
        "id": 546,
        "name": "بحيرة بزيمة",
        "primary_category": "البحيرات الطبيعية والصحراوية",
        "all_categories": "البحيرات الطبيعية والصحراوية",
        "description": "",
        "folders": "Untitled layer",
        "source": "اطلس2026.xml",
        "origin": "أطلس ليبيا السياحي 2026",
        "status": "جاهز مبدئياً",
        "geometry_type": "Point",
        "coord_count": 1,
        "source_type": "KML/XML"
      },
      "geometry": {
        "type": "Point",
        "coordinates": [
          22.0435899,
          24.8924127
        ]
      }
    },
    {
      "type": "Feature",
      "properties": {
        "id": 547,
        "name": "بحيرة بزيمة",
        "primary_category": "البحيرات الطبيعية والصحراوية",
        "all_categories": "مواقع السياحة الاستشفائية؛ الفوارات/الحمامات/البحيرات",
        "description": "موقع مستخرج من وثائق السياحة الاستشفائية والفوارات",
        "folders": "وثائق السياحة الاستشفائية / الفوارات",
        "source": "الفوارات.docx",
        "origin": "وثائق داعمة 2025-2026",
        "status": "مستخرج من وثائق داعمة - يحتاج اعتماد إحداثيات",
        "geometry_type": "Point",
        "coord_count": 1,
        "source_type": "DOCX"
      },
      "geometry": {
        "type": "Point",
        "coordinates": [
          24.89241,
          22.04358
        ]
      }
    },
    {
      "type": "Feature",
      "properties": {
        "id": 548,
        "name": "بحيرة بن عتي",
        "primary_category": "البحيرات الطبيعية والصحراوية",
        "all_categories": "البحيرات الطبيعية والصحراوية",
        "description": "بحيرة بن عتي",
        "folders": "Untitled layer",
        "source": "اطلس2026.xml",
        "origin": "أطلس ليبيا السياحي 2026",
        "status": "جاهز مبدئياً",
        "geometry_type": "Point",
        "coord_count": 1,
        "source_type": "KML/XML"
      },
      "geometry": {
        "type": "Point",
        "coordinates": [
          13.0715525,
          26.6989318
        ]
      }
    },
    {
      "type": "Feature",
      "properties": {
        "id": 549,
        "name": "بحيرة بوحميرة",
        "primary_category": "البحيرات الطبيعية والصحراوية",
        "all_categories": "البحيرات الطبيعية والصحراوية",
        "description": "",
        "folders": "Untitled layer",
        "source": "اطلس2026.xml",
        "origin": "أطلس ليبيا السياحي 2026",
        "status": "جاهز مبدئياً",
        "geometry_type": "Point",
        "coord_count": 1,
        "source_type": "KML/XML"
      },
      "geometry": {
        "type": "Point",
        "coordinates": [
          20.1330471,
          32.1569398
        ]
      }
    },
    {
      "type": "Feature",
      "properties": {
        "id": 550,
        "name": "بحيرة بوقصيبة",
        "primary_category": "البحيرات الطبيعية والصحراوية",
        "all_categories": "البحيرات الطبيعية والصحراوية",
        "description": "",
        "folders": "Untitled layer",
        "source": "اطلس2026.xml",
        "origin": "أطلس ليبيا السياحي 2026",
        "status": "جاهز مبدئياً",
        "geometry_type": "Point",
        "coord_count": 1,
        "source_type": "KML/XML"
      },
      "geometry": {
        "type": "Point",
        "coordinates": [
          20.1408148,
          32.1653684
        ]
      }
    },
    {
      "type": "Feature",
      "properties": {
        "id": 551,
        "name": "بحيرة تامزيا",
        "primary_category": "البحيرات الطبيعية والصحراوية",
        "all_categories": "البحيرات الطبيعية والصحراوية",
        "description": "بحيرة تامزيا",
        "folders": "Untitled layer",
        "source": "اطلس2026.xml",
        "origin": "أطلس ليبيا السياحي 2026",
        "status": "جاهز مبدئياً",
        "geometry_type": "Point",
        "coord_count": 1,
        "source_type": "KML/XML"
      },
      "geometry": {
        "type": "Point",
        "coordinates": [
          13.4853315,
          26.7751543
        ]
      }
    },
    {
      "type": "Feature",
      "properties": {
        "id": 552,
        "name": "بحيرة تدكما",
        "primary_category": "البحيرات الطبيعية والصحراوية",
        "all_categories": "البحيرات الطبيعية والصحراوية",
        "description": "بحيرة تدكما",
        "folders": "Untitled layer",
        "source": "اطلس2026.xml",
        "origin": "أطلس ليبيا السياحي 2026",
        "status": "جاهز مبدئياً",
        "geometry_type": "Point",
        "coord_count": 1,
        "source_type": "KML/XML"
      },
      "geometry": {
        "type": "Point",
        "coordinates": [
          13.6649966,
          26.9341943
        ]
      }
    },
    {
      "type": "Feature",
      "properties": {
        "id": 553,
        "name": "بحيرة تمزيز",
        "primary_category": "البحيرات الطبيعية والصحراوية",
        "all_categories": "البحيرات الطبيعية والصحراوية",
        "description": "",
        "folders": "Untitled layer",
        "source": "اطلس2026.xml",
        "origin": "أطلس ليبيا السياحي 2026",
        "status": "جاهز مبدئياً",
        "geometry_type": "Point",
        "coord_count": 1,
        "source_type": "KML/XML"
      },
      "geometry": {
        "type": "Point",
        "coordinates": [
          13.4724247,
          26.7707864
        ]
      }
    },
    {
      "type": "Feature",
      "properties": {
        "id": 554,
        "name": "بحيرة تمسة",
        "primary_category": "البحيرات الطبيعية والصحراوية",
        "all_categories": "البحيرات الطبيعية والصحراوية",
        "description": "",
        "folders": "Untitled layer",
        "source": "اطلس2026.xml",
        "origin": "أطلس ليبيا السياحي 2026",
        "status": "جاهز مبدئياً",
        "geometry_type": "Point",
        "coord_count": 1,
        "source_type": "KML/XML"
      },
      "geometry": {
        "type": "Point",
        "coordinates": [
          15.8162336,
          26.403131
        ]
      }
    },
    {
      "type": "Feature",
      "properties": {
        "id": 555,
        "name": "بحيرة تنقرزان",
        "primary_category": "البحيرات الطبيعية والصحراوية",
        "all_categories": "البحيرات الطبيعية والصحراوية",
        "description": "بحيرة تنقرزان",
        "folders": "Untitled layer",
        "source": "اطلس2026.xml",
        "origin": "أطلس ليبيا السياحي 2026",
        "status": "جاهز مبدئياً",
        "geometry_type": "Point",
        "coord_count": 1,
        "source_type": "KML/XML"
      },
      "geometry": {
        "type": "Point",
        "coordinates": [
          13.4997725,
          26.8919519
        ]
      }
    },
    {
      "type": "Feature",
      "properties": {
        "id": 556,
        "name": "بحيرة ربيانة",
        "primary_category": "البحيرات الطبيعية والصحراوية",
        "all_categories": "البحيرات الطبيعية والصحراوية",
        "description": "",
        "folders": "Untitled layer",
        "source": "اطلس2026.xml",
        "origin": "أطلس ليبيا السياحي 2026",
        "status": "جاهز مبدئياً",
        "geometry_type": "Point",
        "coord_count": 1,
        "source_type": "KML/XML"
      },
      "geometry": {
        "type": "Point",
        "coordinates": [
          21.9672222222223,
          24.2891666666667
        ]
      }
    },
    {
      "type": "Feature",
      "properties": {
        "id": 557,
        "name": "بحيرة شمال بنغازي",
        "primary_category": "البحيرات الطبيعية والصحراوية",
        "all_categories": "البحيرات الطبيعية والصحراوية",
        "description": "",
        "folders": "Untitled layer",
        "source": "اطلس2026.xml",
        "origin": "أطلس ليبيا السياحي 2026",
        "status": "جاهز مبدئياً",
        "geometry_type": "Point",
        "coord_count": 1,
        "source_type": "KML/XML"
      },
      "geometry": {
        "type": "Point",
        "coordinates": [
          20.0969982,
          32.1457126
        ]
      }
    },
    {
      "type": "Feature",
      "properties": {
        "id": 558,
        "name": "بحيرة طرابلس",
        "primary_category": "البحيرات الطبيعية والصحراوية",
        "all_categories": "البحيرات الطبيعية والصحراوية",
        "description": "",
        "folders": "Untitled layer",
        "source": "اطلس2026.xml",
        "origin": "أطلس ليبيا السياحي 2026",
        "status": "جاهز مبدئياً",
        "geometry_type": "Point",
        "coord_count": 1,
        "source_type": "KML/XML"
      },
      "geometry": {
        "type": "Point",
        "coordinates": [
          13.1812549,
          32.8973175
        ]
      }
    },
    {
      "type": "Feature",
      "properties": {
        "id": 559,
        "name": "بحيرة طرونة",
        "primary_category": "البحيرات الطبيعية والصحراوية",
        "all_categories": "البحيرات الطبيعية والصحراوية",
        "description": "بحيرة الطرونة",
        "folders": "Untitled layer",
        "source": "اطلس2026.xml",
        "origin": "أطلس ليبيا السياحي 2026",
        "status": "جاهز مبدئياً",
        "geometry_type": "Point",
        "coord_count": 1,
        "source_type": "KML/XML"
      },
      "geometry": {
        "type": "Point",
        "coordinates": [
          13.383472,
          26.9283451
        ]
      }
    },
    {
      "type": "Feature",
      "properties": {
        "id": 560,
        "name": "بحيرة قبر عون",
        "primary_category": "البحيرات الطبيعية والصحراوية",
        "all_categories": "البحيرات الطبيعية والصحراوية",
        "description": "بحيرة قبرعون",
        "folders": "Untitled layer",
        "source": "اطلس2026.xml",
        "origin": "أطلس ليبيا السياحي 2026",
        "status": "جاهز مبدئياً",
        "geometry_type": "Point",
        "coord_count": 1,
        "source_type": "KML/XML"
      },
      "geometry": {
        "type": "Point",
        "coordinates": [
          13.5379457,
          26.8037138
        ]
      }
    },
    {
      "type": "Feature",
      "properties": {
        "id": 561,
        "name": "بحيرة لغلغ",
        "primary_category": "البحيرات الطبيعية والصحراوية",
        "all_categories": "البحيرات الطبيعية والصحراوية",
        "description": "",
        "folders": "Untitled layer",
        "source": "اطلس2026.xml",
        "origin": "أطلس ليبيا السياحي 2026",
        "status": "جاهز مبدئياً",
        "geometry_type": "Point",
        "coord_count": 1,
        "source_type": "KML/XML"
      },
      "geometry": {
        "type": "Point",
        "coordinates": [
          13.3934498,
          26.6889151
        ]
      }
    },
    {
      "type": "Feature",
      "properties": {
        "id": 562,
        "name": "بحيرة لغلغ",
        "primary_category": "البحيرات الطبيعية والصحراوية",
        "all_categories": "البحيرات الطبيعية والصحراوية",
        "description": "بحيرة لغلغ",
        "folders": "Untitled layer",
        "source": "اطلس2026.xml",
        "origin": "أطلس ليبيا السياحي 2026",
        "status": "جاهز مبدئياً",
        "geometry_type": "Point",
        "coord_count": 1,
        "source_type": "KML/XML"
      },
      "geometry": {
        "type": "Point",
        "coordinates": [
          13.4578228,
          26.7597511
        ]
      }
    },
    {
      "type": "Feature",
      "properties": {
        "id": 563,
        "name": "بحيرة مافو",
        "primary_category": "البحيرات الطبيعية والصحراوية",
        "all_categories": "البحيرات الطبيعية والصحراوية",
        "description": "بحيرة مافو",
        "folders": "Untitled layer",
        "source": "اطلس2026.xml",
        "origin": "أطلس ليبيا السياحي 2026",
        "status": "جاهز مبدئياً",
        "geometry_type": "Point",
        "coord_count": 1,
        "source_type": "KML/XML"
      },
      "geometry": {
        "type": "Point",
        "coordinates": [
          13.5072827,
          26.7876249
        ]
      }
    },
    {
      "type": "Feature",
      "properties": {
        "id": 564,
        "name": "بحيرة محروقة",
        "primary_category": "البحيرات الطبيعية والصحراوية",
        "all_categories": "البحيرات الطبيعية والصحراوية",
        "description": "بحيرة قيعان أو الدويسة",
        "folders": "Untitled layer",
        "source": "اطلس2026.xml",
        "origin": "أطلس ليبيا السياحي 2026",
        "status": "جاهز مبدئياً",
        "geometry_type": "Point",
        "coord_count": 1,
        "source_type": "KML/XML"
      },
      "geometry": {
        "type": "Point",
        "coordinates": [
          13.4229326,
          26.7166338
        ]
      }
    },
    {
      "type": "Feature",
      "properties": {
        "id": 565,
        "name": "بحيرة مندرة",
        "primary_category": "البحيرات الطبيعية والصحراوية",
        "all_categories": "البحيرات الطبيعية والصحراوية",
        "description": "بحيرة مندرة : بحيرة جافة",
        "folders": "Untitled layer",
        "source": "اطلس2026.xml",
        "origin": "أطلس ليبيا السياحي 2026",
        "status": "جاهز مبدئياً",
        "geometry_type": "Point",
        "coord_count": 1,
        "source_type": "KML/XML"
      },
      "geometry": {
        "type": "Point",
        "coordinates": [
          13.3127689,
          26.6925385
        ]
      }
    },
    {
      "type": "Feature",
      "properties": {
        "id": 566,
        "name": "بحيرة نشنوشة",
        "primary_category": "البحيرات الطبيعية والصحراوية",
        "all_categories": "البحيرات الطبيعية والصحراوية",
        "description": "بحيرة نشنوشة",
        "folders": "Untitled layer",
        "source": "اطلس2026.xml",
        "origin": "أطلس ليبيا السياحي 2026",
        "status": "جاهز مبدئياً",
        "geometry_type": "Point",
        "coord_count": 1,
        "source_type": "KML/XML"
      },
      "geometry": {
        "type": "Point",
        "coordinates": [
          13.4005308,
          26.9467286
        ]
      }
    },
    {
      "type": "Feature",
      "properties": {
        "id": 567,
        "name": "حديقة بحيرة بنغازي",
        "primary_category": "البحيرات الطبيعية والصحراوية",
        "all_categories": "البحيرات الطبيعية والصحراوية",
        "description": "",
        "folders": "Untitled layer",
        "source": "اطلس2026.xml",
        "origin": "أطلس ليبيا السياحي 2026",
        "status": "جاهز مبدئياً",
        "geometry_type": "Point",
        "coord_count": 1,
        "source_type": "KML/XML"
      },
      "geometry": {
        "type": "Point",
        "coordinates": [
          20.0633097,
          32.1118772
        ]
      }
    },
    {
      "type": "Feature",
      "properties": {
        "id": 568,
        "name": "فوار البحيرة",
        "primary_category": "البحيرات الطبيعية والصحراوية",
        "all_categories": "البحيرات الطبيعية والصحراوية؛ الفوارات والمياه الكبريتية والحمامات",
        "description": "",
        "folders": "Untitled layer",
        "source": "اطلس2026.xml",
        "origin": "أطلس ليبيا السياحي 2026",
        "status": "جاهز مبدئياً",
        "geometry_type": "Point",
        "coord_count": 1,
        "source_type": "KML/XML"
      },
      "geometry": {
        "type": "Point",
        "coordinates": [
          17.8428422,
          30.7752858
        ]
      }
    },
    {
      "type": "Feature",
      "properties": {
        "id": 569,
        "name": "مدخل بحيرة مجزم",
        "primary_category": "البحيرات الطبيعية والصحراوية",
        "all_categories": "البحيرات الطبيعية والصحراوية",
        "description": "",
        "folders": "Untitled layer",
        "source": "اطلس2026.xml",
        "origin": "أطلس ليبيا السياحي 2026",
        "status": "جاهز مبدئياً",
        "geometry_type": "Point",
        "coord_count": 1,
        "source_type": "KML/XML"
      },
      "geometry": {
        "type": "Point",
        "coordinates": [
          9.8829532,
          30.1883153
        ]
      }
    },
    {
      "type": "Feature",
      "properties": {
        "id": 570,
        "name": "نزل سمرقند",
        "primary_category": "البحيرات الطبيعية والصحراوية",
        "all_categories": "البحيرات الطبيعية والصحراوية",
        "description": "description: x: Y: العنوان: الاتصال: نطاق الأسعار: التصنيف: عدد الغرف: الخدمات: الوصف: نزل سمرقند FID_1 187 OBJECTID_1 264 Name نزل سمرقند FolderPath Copy of Copy of بحيرات رملة الدوادة/Untitled layer PopupInfo x 13.009935 y 32.16795 ROOMS BEDS",
        "folders": "الفنادق",
        "source": "اطلس2026.xml",
        "origin": "أطلس ليبيا السياحي 2026",
        "status": "جاهز مبدئياً",
        "geometry_type": "Point",
        "coord_count": 1,
        "source_type": "KML/XML"
      },
      "geometry": {
        "type": "Point",
        "coordinates": [
          13.009935,
          32.16795
        ]
      }
    },
    {
      "type": "Feature",
      "properties": {
        "id": 571,
        "name": "نزل طرابلس الحديث",
        "primary_category": "البحيرات الطبيعية والصحراوية",
        "all_categories": "البحيرات الطبيعية والصحراوية",
        "description": "description: x: Y: العنوان: الاتصال: نطاق الأسعار: التصنيف: عدد الغرف: الخدمات: الوصف: نزل طرابلس الحديث FID_1 188 OBJECTID_1 265 Name نزل طرابلس الحديث FolderPath Copy of Copy of بحيرات رملة الدوادة/Untitled layer PopupInfo x 13.177862 y 32.898422 ROOMS BEDS",
        "folders": "الفنادق",
        "source": "اطلس2026.xml",
        "origin": "أطلس ليبيا السياحي 2026",
        "status": "جاهز مبدئياً",
        "geometry_type": "Point",
        "coord_count": 1,
        "source_type": "KML/XML"
      },
      "geometry": {
        "type": "Point",
        "coordinates": [
          13.177862,
          32.898422
        ]
      }
    },
    {
      "type": "Feature",
      "properties": {
        "id": 572,
        "name": "واو الناموس",
        "primary_category": "البحيرات الطبيعية والصحراوية",
        "all_categories": "البحيرات الطبيعية والصحراوية",
        "description": "",
        "folders": "Untitled layer",
        "source": "اطلس2026.xml",
        "origin": "أطلس ليبيا السياحي 2026",
        "status": "جاهز مبدئياً",
        "geometry_type": "Point",
        "coord_count": 1,
        "source_type": "KML/XML"
      },
      "geometry": {
        "type": "Point",
        "coordinates": [
          17.7652358,
          24.9171684
        ]
      }
    },
    {
      "type": "Feature",
      "properties": {
        "id": 573,
        "name": "البرك",
        "primary_category": "البرك والبلطات والقلتات",
        "all_categories": "البرك والبلطات والقلتات",
        "description": "",
        "folders": "Untitled layer",
        "source": "اطلس2026.xml",
        "origin": "أطلس ليبيا السياحي 2026",
        "status": "جاهز مبدئياً",
        "geometry_type": "Point",
        "coord_count": 1,
        "source_type": "KML/XML"
      },
      "geometry": {
        "type": "Point",
        "coordinates": [
          21.4254823,
          32.6433046
        ]
      }
    },
    {
      "type": "Feature",
      "properties": {
        "id": 574,
        "name": "البلطة",
        "primary_category": "البرك والبلطات والقلتات",
        "all_categories": "البرك والبلطات والقلتات",
        "description": "",
        "folders": "Untitled layer",
        "source": "اطلس2026.xml",
        "origin": "أطلس ليبيا السياحي 2026",
        "status": "جاهز مبدئياً",
        "geometry_type": "Point",
        "coord_count": 1,
        "source_type": "KML/XML"
      },
      "geometry": {
        "type": "Point",
        "coordinates": [
          18.13123,
          27.76294
        ]
      }
    },
    {
      "type": "Feature",
      "properties": {
        "id": 575,
        "name": "برك نوطة",
        "primary_category": "البرك والبلطات والقلتات",
        "all_categories": "البرك والبلطات والقلتات",
        "description": "",
        "folders": "Untitled layer",
        "source": "اطلس2026.xml",
        "origin": "أطلس ليبيا السياحي 2026",
        "status": "جاهز مبدئياً",
        "geometry_type": "Point",
        "coord_count": 1,
        "source_type": "KML/XML"
      },
      "geometry": {
        "type": "Point",
        "coordinates": [
          21.8105328,
          32.9088836
        ]
      }
    },
    {
      "type": "Feature",
      "properties": {
        "id": 576,
        "name": "برك نوطة",
        "primary_category": "البرك والبلطات والقلتات",
        "all_categories": "البرك والبلطات والقلتات؛ نقاط تجمع وتجميع المياه؛ آبار وخزانات ومصادر مياه أخرى",
        "description": "برك مائية محفورة في الجبال تعرف بـ (برك نوطة) غرب مدينة سوسة، تشكلت هذه التجمعات المائية، نتيجة تسرب المياه الجوفية والعيون الطبيعية المنتشرة بالمنطقة، وطفت على السطح في هيئة برك تلفها النباتات دائمة الخضرة والأعشاب الموسمية",
        "folders": "Untitled layer",
        "source": "اطلس2026.xml",
        "origin": "أطلس ليبيا السياحي 2026",
        "status": "جاهز مبدئياً",
        "geometry_type": "Point",
        "coord_count": 1,
        "source_type": "KML/XML"
      },
      "geometry": {
        "type": "Point",
        "coordinates": [
          21.8085908,
          32.9077036
        ]
      }
    },
    {
      "type": "Feature",
      "properties": {
        "id": 577,
        "name": "بركة الحصان",
        "primary_category": "البرك والبلطات والقلتات",
        "all_categories": "البرك والبلطات والقلتات",
        "description": "",
        "folders": "Untitled layer",
        "source": "اطلس2026.xml",
        "origin": "أطلس ليبيا السياحي 2026",
        "status": "جاهز مبدئياً",
        "geometry_type": "Point",
        "coord_count": 1,
        "source_type": "KML/XML"
      },
      "geometry": {
        "type": "Point",
        "coordinates": [
          22.2162000000001,
          32.8456
        ]
      }
    },
    {
      "type": "Feature",
      "properties": {
        "id": 578,
        "name": "بركة الغريق",
        "primary_category": "البرك والبلطات والقلتات",
        "all_categories": "البرك والبلطات والقلتات؛ محميات وموائل الطيور المهاجرة؛ آبار وخزانات ومصادر مياه أخرى",
        "description": "تعتبر منطقة حوض الغريق، الواقعة على مسافة 6 كيلومترات شرق مدينة المرج، مقصداً سياحياً واعداً، ونقطة جغرافية تتيح لزوارها فرصة مراقبة الطيور، حيث تستقبل المنطقة أسراب من الطيور المهاجرة في فترات هجراتها الموسمية، إلى جانب الطيور المستوطنة، بمافي ذلك الأوز والبط. وتصنف المنطقة التي تتألف من أراضي سهل خصب تخترقه بركة مياه كبيرة، تنتشر في محيطها النباتات والأشجار دائمة الاخضرار، ضمن الأراضي الرطبة، ويهيمن على محطيها المناظر الطبيعية الخلابة.",
        "folders": "Untitled layer",
        "source": "اطلس2026.xml",
        "origin": "أطلس ليبيا السياحي 2026",
        "status": "جاهز مبدئياً",
        "geometry_type": "Point",
        "coord_count": 1,
        "source_type": "KML/XML"
      },
      "geometry": {
        "type": "Point",
        "coordinates": [
          20.9227044,
          32.5170629
        ]
      }
    },
    {
      "type": "Feature",
      "properties": {
        "id": 579,
        "name": "بركة ناصر",
        "primary_category": "البرك والبلطات والقلتات",
        "all_categories": "البرك والبلطات والقلتات",
        "description": "بركة ناصر FID 98 إسم_ا بركة ناصر AREA 23.4 المسا المساحة=23.4هكتار Shape_Leng 2121.160553",
        "folders": "مناطق_التنمية_والاستثمار_السياحي",
        "source": "اطلس2026.xml",
        "origin": "أطلس ليبيا السياحي 2026",
        "status": "جاهز مبدئياً",
        "geometry_type": "Polygon",
        "coord_count": 6,
        "source_type": "KML/XML"
      },
      "geometry": {
        "type": "Point",
        "coordinates": [
          22.173675666666668,
          32.894777
        ]
      }
    },
    {
      "type": "Feature",
      "properties": {
        "id": 580,
        "name": "بلط ازلاق",
        "primary_category": "البرك والبلطات والقلتات",
        "all_categories": "البرك والبلطات والقلتات",
        "description": "",
        "folders": "Untitled layer",
        "source": "اطلس2026.xml",
        "origin": "أطلس ليبيا السياحي 2026",
        "status": "جاهز مبدئياً",
        "geometry_type": "Point",
        "coord_count": 1,
        "source_type": "KML/XML"
      },
      "geometry": {
        "type": "Point",
        "coordinates": [
          21.8932733,
          31.8884807
        ]
      }
    },
    {
      "type": "Feature",
      "properties": {
        "id": 581,
        "name": "بلط الزمارير",
        "primary_category": "البرك والبلطات والقلتات",
        "all_categories": "البرك والبلطات والقلتات",
        "description": "",
        "folders": "Untitled layer",
        "source": "اطلس2026.xml",
        "origin": "أطلس ليبيا السياحي 2026",
        "status": "جاهز مبدئياً",
        "geometry_type": "Point",
        "coord_count": 1,
        "source_type": "KML/XML"
      },
      "geometry": {
        "type": "Point",
        "coordinates": [
          21.2304769,
          31.5423937
        ]
      }
    },
    {
      "type": "Feature",
      "properties": {
        "id": 582,
        "name": "بلط محرز",
        "primary_category": "البرك والبلطات والقلتات",
        "all_categories": "البرك والبلطات والقلتات",
        "description": "",
        "folders": "Untitled layer",
        "source": "اطلس2026.xml",
        "origin": "أطلس ليبيا السياحي 2026",
        "status": "جاهز مبدئياً",
        "geometry_type": "Point",
        "coord_count": 1,
        "source_type": "KML/XML"
      },
      "geometry": {
        "type": "Point",
        "coordinates": [
          21.6165276,
          31.8918771
        ]
      }
    },
    {
      "type": "Feature",
      "properties": {
        "id": 583,
        "name": "صنم مسوجي أو مسلة غدير الدهب",
        "primary_category": "البرك والبلطات والقلتات",
        "all_categories": "البرك والبلطات والقلتات",
        "description": "",
        "folders": "Untitled layer",
        "source": "اطلس2026.xml",
        "origin": "أطلس ليبيا السياحي 2026",
        "status": "جاهز مبدئياً",
        "geometry_type": "Point",
        "coord_count": 1,
        "source_type": "KML/XML"
      },
      "geometry": {
        "type": "Point",
        "coordinates": [
          13.467141,
          31.832263
        ]
      }
    },
    {
      "type": "Feature",
      "properties": {
        "id": 584,
        "name": "غدير الدهب",
        "primary_category": "البرك والبلطات والقلتات",
        "all_categories": "البرك والبلطات والقلتات",
        "description": "",
        "folders": "Untitled layer",
        "source": "اطلس2026.xml",
        "origin": "أطلس ليبيا السياحي 2026",
        "status": "جاهز مبدئياً",
        "geometry_type": "Point",
        "coord_count": 1,
        "source_type": "KML/XML"
      },
      "geometry": {
        "type": "Point",
        "coordinates": [
          13.474973,
          31.833231
        ]
      }
    },
    {
      "type": "Feature",
      "properties": {
        "id": 585,
        "name": "غدير الذهب",
        "primary_category": "البرك والبلطات والقلتات",
        "all_categories": "البرك والبلطات والقلتات",
        "description": "",
        "folders": "Untitled layer",
        "source": "اطلس2026.xml",
        "origin": "أطلس ليبيا السياحي 2026",
        "status": "جاهز مبدئياً",
        "geometry_type": "Point",
        "coord_count": 1,
        "source_type": "KML/XML"
      },
      "geometry": {
        "type": "Point",
        "coordinates": [
          17.487402,
          27.9862918
        ]
      }
    },
    {
      "type": "Feature",
      "properties": {
        "id": 586,
        "name": "غدير بوشوشة",
        "primary_category": "البرك والبلطات والقلتات",
        "all_categories": "البرك والبلطات والقلتات",
        "description": "",
        "folders": "Untitled layer",
        "source": "اطلس2026.xml",
        "origin": "أطلس ليبيا السياحي 2026",
        "status": "جاهز مبدئياً",
        "geometry_type": "Point",
        "coord_count": 1,
        "source_type": "KML/XML"
      },
      "geometry": {
        "type": "Point",
        "coordinates": [
          20.5701494,
          32.1594496
        ]
      }
    },
    {
      "type": "Feature",
      "properties": {
        "id": 587,
        "name": "قلتة",
        "primary_category": "البرك والبلطات والقلتات",
        "all_categories": "البرك والبلطات والقلتات",
        "description": "",
        "folders": "Untitled layer",
        "source": "اطلس2026.xml",
        "origin": "أطلس ليبيا السياحي 2026",
        "status": "جاهز مبدئياً",
        "geometry_type": "Point",
        "coord_count": 1,
        "source_type": "KML/XML"
      },
      "geometry": {
        "type": "Point",
        "coordinates": [
          10.49872,
          24.78918
        ]
      }
    },
    {
      "type": "Feature",
      "properties": {
        "id": 588,
        "name": "قلتة الحمار",
        "primary_category": "البرك والبلطات والقلتات",
        "all_categories": "البرك والبلطات والقلتات",
        "description": "",
        "folders": "Untitled layer",
        "source": "اطلس2026.xml",
        "origin": "أطلس ليبيا السياحي 2026",
        "status": "جاهز مبدئياً",
        "geometry_type": "Point",
        "coord_count": 1,
        "source_type": "KML/XML"
      },
      "geometry": {
        "type": "Point",
        "coordinates": [
          12.5056158,
          32.2013474
        ]
      }
    },
    {
      "type": "Feature",
      "properties": {
        "id": 589,
        "name": "قلتة انتريكي",
        "primary_category": "البرك والبلطات والقلتات",
        "all_categories": "البرك والبلطات والقلتات",
        "description": "",
        "folders": "Untitled layer",
        "source": "اطلس2026.xml",
        "origin": "أطلس ليبيا السياحي 2026",
        "status": "جاهز مبدئياً",
        "geometry_type": "Point",
        "coord_count": 1,
        "source_type": "KML/XML"
      },
      "geometry": {
        "type": "Point",
        "coordinates": [
          10.5405583333334,
          24.7433388888889
        ]
      }
    },
    {
      "type": "Feature",
      "properties": {
        "id": 590,
        "name": "قلتة تيبستين",
        "primary_category": "البرك والبلطات والقلتات",
        "all_categories": "البرك والبلطات والقلتات",
        "description": "",
        "folders": "Untitled layer",
        "source": "اطلس2026.xml",
        "origin": "أطلس ليبيا السياحي 2026",
        "status": "جاهز مبدئياً",
        "geometry_type": "Point",
        "coord_count": 1,
        "source_type": "KML/XML"
      },
      "geometry": {
        "type": "Point",
        "coordinates": [
          10.55585,
          24.8947305555556
        ]
      }
    },
    {
      "type": "Feature",
      "properties": {
        "id": 591,
        "name": "قلتة تين أمتيلي",
        "primary_category": "البرك والبلطات والقلتات",
        "all_categories": "البرك والبلطات والقلتات",
        "description": "",
        "folders": "Untitled layer",
        "source": "اطلس2026.xml",
        "origin": "أطلس ليبيا السياحي 2026",
        "status": "جاهز مبدئياً",
        "geometry_type": "Point",
        "coord_count": 1,
        "source_type": "KML/XML"
      },
      "geometry": {
        "type": "Point",
        "coordinates": [
          10.6465777777778,
          24.60335
        ]
      }
    },
    {
      "type": "Feature",
      "properties": {
        "id": 592,
        "name": "قلتة تين تراريت",
        "primary_category": "البرك والبلطات والقلتات",
        "all_categories": "البرك والبلطات والقلتات",
        "description": "",
        "folders": "Untitled layer",
        "source": "اطلس2026.xml",
        "origin": "أطلس ليبيا السياحي 2026",
        "status": "جاهز مبدئياً",
        "geometry_type": "Point",
        "coord_count": 1,
        "source_type": "KML/XML"
      },
      "geometry": {
        "type": "Point",
        "coordinates": [
          10.5113611,
          25.2919389
        ]
      }
    },
    {
      "type": "Feature",
      "properties": {
        "id": 593,
        "name": "السبخة الكبيرة",
        "primary_category": "السبخات والأراضي الرطبة",
        "all_categories": "السبخات والأراضي الرطبة",
        "description": "",
        "folders": "Untitled layer",
        "source": "اطلس2026.xml",
        "origin": "أطلس ليبيا السياحي 2026",
        "status": "جاهز مبدئياً",
        "geometry_type": "Point",
        "coord_count": 1,
        "source_type": "KML/XML"
      },
      "geometry": {
        "type": "Point",
        "coordinates": [
          18.8677623,
          30.1855471
        ]
      }
    },
    {
      "type": "Feature",
      "properties": {
        "id": 594,
        "name": "سبخة",
        "primary_category": "السبخات والأراضي الرطبة",
        "all_categories": "السبخات والأراضي الرطبة",
        "description": "",
        "folders": "Untitled layer",
        "source": "اطلس2026.xml",
        "origin": "أطلس ليبيا السياحي 2026",
        "status": "جاهز مبدئياً",
        "geometry_type": "Point",
        "coord_count": 1,
        "source_type": "KML/XML"
      },
      "geometry": {
        "type": "Point",
        "coordinates": [
          19.8060781,
          28.9360354
        ]
      }
    },
    {
      "type": "Feature",
      "properties": {
        "id": 595,
        "name": "سبخة أم العزم",
        "primary_category": "السبخات والأراضي الرطبة",
        "all_categories": "السبخات والأراضي الرطبة",
        "description": "",
        "folders": "Untitled layer",
        "source": "اطلس2026.xml",
        "origin": "أطلس ليبيا السياحي 2026",
        "status": "جاهز مبدئياً",
        "geometry_type": "Point",
        "coord_count": 1,
        "source_type": "KML/XML"
      },
      "geometry": {
        "type": "Point",
        "coordinates": [
          15.3856871,
          26.1802505
        ]
      }
    },
    {
      "type": "Feature",
      "properties": {
        "id": 596,
        "name": "سبخة أم القنديل",
        "primary_category": "السبخات والأراضي الرطبة",
        "all_categories": "السبخات والأراضي الرطبة",
        "description": "",
        "folders": "Untitled layer",
        "source": "اطلس2026.xml",
        "origin": "أطلس ليبيا السياحي 2026",
        "status": "جاهز مبدئياً",
        "geometry_type": "Point",
        "coord_count": 1,
        "source_type": "KML/XML"
      },
      "geometry": {
        "type": "Point",
        "coordinates": [
          17.8433333,
          30.8985192
        ]
      }
    },
    {
      "type": "Feature",
      "properties": {
        "id": 597,
        "name": "سبخة أم سيد",
        "primary_category": "السبخات والأراضي الرطبة",
        "all_categories": "السبخات والأراضي الرطبة",
        "description": "",
        "folders": "Untitled layer",
        "source": "اطلس2026.xml",
        "origin": "أطلس ليبيا السياحي 2026",
        "status": "جاهز مبدئياً",
        "geometry_type": "Point",
        "coord_count": 1,
        "source_type": "KML/XML"
      },
      "geometry": {
        "type": "Point",
        "coordinates": [
          21.5163889,
          32.84
        ]
      }
    },
    {
      "type": "Feature",
      "properties": {
        "id": 598,
        "name": "سبخة البدين",
        "primary_category": "السبخات والأراضي الرطبة",
        "all_categories": "السبخات والأراضي الرطبة",
        "description": "",
        "folders": "Untitled layer",
        "source": "اطلس2026.xml",
        "origin": "أطلس ليبيا السياحي 2026",
        "status": "جاهز مبدئياً",
        "geometry_type": "Point",
        "coord_count": 1,
        "source_type": "KML/XML"
      },
      "geometry": {
        "type": "Point",
        "coordinates": [
          20.1615371,
          31.2155232
        ]
      }
    },
    {
      "type": "Feature",
      "properties": {
        "id": 599,
        "name": "سبخة البريقة",
        "primary_category": "السبخات والأراضي الرطبة",
        "all_categories": "السبخات والأراضي الرطبة",
        "description": "",
        "folders": "Untitled layer",
        "source": "اطلس2026.xml",
        "origin": "أطلس ليبيا السياحي 2026",
        "status": "جاهز مبدئياً",
        "geometry_type": "Point",
        "coord_count": 1,
        "source_type": "KML/XML"
      },
      "geometry": {
        "type": "Point",
        "coordinates": [
          19.5349298,
          30.3774041
        ]
      }
    },
    {
      "type": "Feature",
      "properties": {
        "id": 600,
        "name": "سبخة الحفيرة",
        "primary_category": "السبخات والأراضي الرطبة",
        "all_categories": "السبخات والأراضي الرطبة",
        "description": "",
        "folders": "Untitled layer",
        "source": "اطلس2026.xml",
        "origin": "أطلس ليبيا السياحي 2026",
        "status": "جاهز مبدئياً",
        "geometry_type": "Point",
        "coord_count": 1,
        "source_type": "KML/XML"
      },
      "geometry": {
        "type": "Point",
        "coordinates": [
          19.6154022,
          30.240383
        ]
      }
    },
    {
      "type": "Feature",
      "properties": {
        "id": 601,
        "name": "سبخة الحنية",
        "primary_category": "السبخات والأراضي الرطبة",
        "all_categories": "السبخات والأراضي الرطبة",
        "description": "",
        "folders": "Untitled layer",
        "source": "اطلس2026.xml",
        "origin": "أطلس ليبيا السياحي 2026",
        "status": "جاهز مبدئياً",
        "geometry_type": "Point",
        "coord_count": 1,
        "source_type": "KML/XML"
      },
      "geometry": {
        "type": "Point",
        "coordinates": [
          21.5163889,
          32.84
        ]
      }
    },
    {
      "type": "Feature",
      "properties": {
        "id": 602,
        "name": "سبخة الدليسي",
        "primary_category": "السبخات والأراضي الرطبة",
        "all_categories": "السبخات والأراضي الرطبة",
        "description": "",
        "folders": "Untitled layer",
        "source": "اطلس2026.xml",
        "origin": "أطلس ليبيا السياحي 2026",
        "status": "جاهز مبدئياً",
        "geometry_type": "Point",
        "coord_count": 1,
        "source_type": "KML/XML"
      },
      "geometry": {
        "type": "Point",
        "coordinates": [
          22.5247222,
          32.8019444
        ]
      }
    },
    {
      "type": "Feature",
      "properties": {
        "id": 603,
        "name": "سبخة الرفراف",
        "primary_category": "السبخات والأراضي الرطبة",
        "all_categories": "السبخات والأراضي الرطبة",
        "description": "",
        "folders": "Untitled layer",
        "source": "اطلس2026.xml",
        "origin": "أطلس ليبيا السياحي 2026",
        "status": "جاهز مبدئياً",
        "geometry_type": "Point",
        "coord_count": 1,
        "source_type": "KML/XML"
      },
      "geometry": {
        "type": "Point",
        "coordinates": [
          15.4819444444445,
          31.4755555555556
        ]
      }
    },
    {
      "type": "Feature",
      "properties": {
        "id": 604,
        "name": "سبخة السلاوي",
        "primary_category": "السبخات والأراضي الرطبة",
        "all_categories": "السبخات والأراضي الرطبة",
        "description": "",
        "folders": "Untitled layer",
        "source": "اطلس2026.xml",
        "origin": "أطلس ليبيا السياحي 2026",
        "status": "جاهز مبدئياً",
        "geometry_type": "Point",
        "coord_count": 1,
        "source_type": "KML/XML"
      },
      "geometry": {
        "type": "Point",
        "coordinates": [
          20.1027778,
          32.1494444
        ]
      }
    },
    {
      "type": "Feature",
      "properties": {
        "id": 605,
        "name": "سبخة الشقوة",
        "primary_category": "السبخات والأراضي الرطبة",
        "all_categories": "السبخات والأراضي الرطبة",
        "description": "",
        "folders": "Untitled layer",
        "source": "اطلس2026.xml",
        "origin": "أطلس ليبيا السياحي 2026",
        "status": "جاهز مبدئياً",
        "geometry_type": "Point",
        "coord_count": 1,
        "source_type": "KML/XML"
      },
      "geometry": {
        "type": "Point",
        "coordinates": [
          14.0005556,
          25.9569444
        ]
      }
    },
    {
      "type": "Feature",
      "properties": {
        "id": 606,
        "name": "سبخة الطرفية",
        "primary_category": "السبخات والأراضي الرطبة",
        "all_categories": "السبخات والأراضي الرطبة",
        "description": "",
        "folders": "Untitled layer",
        "source": "اطلس2026.xml",
        "origin": "أطلس ليبيا السياحي 2026",
        "status": "جاهز مبدئياً",
        "geometry_type": "Point",
        "coord_count": 1,
        "source_type": "KML/XML"
      },
      "geometry": {
        "type": "Point",
        "coordinates": [
          19.02666,
          29.27716
        ]
      }
    },
    {
      "type": "Feature",
      "properties": {
        "id": 607,
        "name": "سبخة العقلا",
        "primary_category": "السبخات والأراضي الرطبة",
        "all_categories": "السبخات والأراضي الرطبة",
        "description": "",
        "folders": "Untitled layer",
        "source": "اطلس2026.xml",
        "origin": "أطلس ليبيا السياحي 2026",
        "status": "جاهز مبدئياً",
        "geometry_type": "Point",
        "coord_count": 1,
        "source_type": "KML/XML"
      },
      "geometry": {
        "type": "Point",
        "coordinates": [
          16.0925109,
          29.1863514
        ]
      }
    },
    {
      "type": "Feature",
      "properties": {
        "id": 608,
        "name": "سبخة العين الزرقاء",
        "primary_category": "السبخات والأراضي الرطبة",
        "all_categories": "السبخات والأراضي الرطبة",
        "description": "",
        "folders": "Untitled layer",
        "source": "اطلس2026.xml",
        "origin": "أطلس ليبيا السياحي 2026",
        "status": "جاهز مبدئياً",
        "geometry_type": "Point",
        "coord_count": 1,
        "source_type": "KML/XML"
      },
      "geometry": {
        "type": "Point",
        "coordinates": [
          21.4780709,
          32.810937
        ]
      }
    },
    {
      "type": "Feature",
      "properties": {
        "id": 609,
        "name": "سبخة الغزايا",
        "primary_category": "السبخات والأراضي الرطبة",
        "all_categories": "السبخات والأراضي الرطبة",
        "description": "",
        "folders": "Untitled layer",
        "source": "اطلس2026.xml",
        "origin": "أطلس ليبيا السياحي 2026",
        "status": "جاهز مبدئياً",
        "geometry_type": "Point",
        "coord_count": 1,
        "source_type": "KML/XML"
      },
      "geometry": {
        "type": "Point",
        "coordinates": [
          23.2078457,
          32.2772549
        ]
      }
    },
    {
      "type": "Feature",
      "properties": {
        "id": 610,
        "name": "سبخة الغزيل أو معطن الجارف",
        "primary_category": "السبخات والأراضي الرطبة",
        "all_categories": "السبخات والأراضي الرطبة",
        "description": "",
        "folders": "Untitled layer",
        "source": "اطلس2026.xml",
        "origin": "أطلس ليبيا السياحي 2026",
        "status": "جاهز مبدئياً",
        "geometry_type": "Point",
        "coord_count": 1,
        "source_type": "KML/XML"
      },
      "geometry": {
        "type": "Point",
        "coordinates": [
          19.7688673,
          29.8126124
        ]
      }
    },
    {
      "type": "Feature",
      "properties": {
        "id": 611,
        "name": "سبخة الكوز",
        "primary_category": "السبخات والأراضي الرطبة",
        "all_categories": "السبخات والأراضي الرطبة",
        "description": "تناهز مساحة السبخة 28 كيلومتر مربع، ويصل طولها إلى 23 كيلومتراً، وتنقسم إلى قسمين بينهما حاجز عند قرية المبنى، يفصل السبخة إلى جزء شرقي، ويعرف بـ (الجرار)، والغربي يعرف بـ (الكوز). وينمو بمحيط السبخة عدد من النباتات، من ابرزها نبات العوسج والرتم والجداري والمرار والديس وبوكروبة والأثل والسويدة والعنصل وبصل فرعون.",
        "folders": "Untitled layer",
        "source": "اطلس2026.xml",
        "origin": "أطلس ليبيا السياحي 2026",
        "status": "جاهز مبدئياً",
        "geometry_type": "Point",
        "coord_count": 1,
        "source_type": "KML/XML"
      },
      "geometry": {
        "type": "Point",
        "coordinates": [
          20.4419519,
          32.4366268
        ]
      }
    },
    {
      "type": "Feature",
      "properties": {
        "id": 612,
        "name": "سبخة الملاحة",
        "primary_category": "السبخات والأراضي الرطبة",
        "all_categories": "السبخات والأراضي الرطبة",
        "description": "",
        "folders": "Untitled layer",
        "source": "اطلس2026.xml",
        "origin": "أطلس ليبيا السياحي 2026",
        "status": "جاهز مبدئياً",
        "geometry_type": "Point",
        "coord_count": 1,
        "source_type": "KML/XML"
      },
      "geometry": {
        "type": "Point",
        "coordinates": [
          13.2869444,
          32.8997222
        ]
      }
    },
    {
      "type": "Feature",
      "properties": {
        "id": 613,
        "name": "سبخة الملح",
        "primary_category": "السبخات والأراضي الرطبة",
        "all_categories": "السبخات والأراضي الرطبة",
        "description": "",
        "folders": "Untitled layer",
        "source": "اطلس2026.xml",
        "origin": "أطلس ليبيا السياحي 2026",
        "status": "جاهز مبدئياً",
        "geometry_type": "Point",
        "coord_count": 1,
        "source_type": "KML/XML"
      },
      "geometry": {
        "type": "Point",
        "coordinates": [
          9.4231796,
          30.1589316
        ]
      }
    },
    {
      "type": "Feature",
      "properties": {
        "id": 614,
        "name": "سبخة الملح",
        "primary_category": "السبخات والأراضي الرطبة",
        "all_categories": "السبخات والأراضي الرطبة",
        "description": "",
        "folders": "Untitled layer",
        "source": "اطلس2026.xml",
        "origin": "أطلس ليبيا السياحي 2026",
        "status": "جاهز مبدئياً",
        "geometry_type": "Point",
        "coord_count": 1,
        "source_type": "KML/XML"
      },
      "geometry": {
        "type": "Point",
        "coordinates": [
          19.2658333333334,
          29.28
        ]
      }
    },
    {
      "type": "Feature",
      "properties": {
        "id": 615,
        "name": "سبخة المنقوب",
        "primary_category": "السبخات والأراضي الرطبة",
        "all_categories": "السبخات والأراضي الرطبة",
        "description": "",
        "folders": "Untitled layer",
        "source": "اطلس2026.xml",
        "origin": "أطلس ليبيا السياحي 2026",
        "status": "جاهز مبدئياً",
        "geometry_type": "Point",
        "coord_count": 1,
        "source_type": "KML/XML"
      },
      "geometry": {
        "type": "Point",
        "coordinates": [
          12.1344972222222,
          32.9019138888889
        ]
      }
    },
    {
      "type": "Feature",
      "properties": {
        "id": 616,
        "name": "سبخة المويلح",
        "primary_category": "السبخات والأراضي الرطبة",
        "all_categories": "السبخات والأراضي الرطبة",
        "description": "",
        "folders": "Untitled layer",
        "source": "اطلس2026.xml",
        "origin": "أطلس ليبيا السياحي 2026",
        "status": "جاهز مبدئياً",
        "geometry_type": "Point",
        "coord_count": 1,
        "source_type": "KML/XML"
      },
      "geometry": {
        "type": "Point",
        "coordinates": [
          23.1222725,
          32.6062661
        ]
      }
    },
    {
      "type": "Feature",
      "properties": {
        "id": 617,
        "name": "سبخة الهلالية",
        "primary_category": "السبخات والأراضي الرطبة",
        "all_categories": "السبخات والأراضي الرطبة",
        "description": "",
        "folders": "Untitled layer",
        "source": "اطلس2026.xml",
        "origin": "أطلس ليبيا السياحي 2026",
        "status": "جاهز مبدئياً",
        "geometry_type": "Point",
        "coord_count": 1,
        "source_type": "KML/XML"
      },
      "geometry": {
        "type": "Point",
        "coordinates": [
          9.8430318,
          30.2739812
        ]
      }
    },
    {
      "type": "Feature",
      "properties": {
        "id": 618,
        "name": "سبخة الهيرة",
        "primary_category": "السبخات والأراضي الرطبة",
        "all_categories": "السبخات والأراضي الرطبة",
        "description": "",
        "folders": "Untitled layer",
        "source": "اطلس2026.xml",
        "origin": "أطلس ليبيا السياحي 2026",
        "status": "جاهز مبدئياً",
        "geometry_type": "Point",
        "coord_count": 1,
        "source_type": "KML/XML"
      },
      "geometry": {
        "type": "Point",
        "coordinates": [
          19.00925,
          29.1737
        ]
      }
    },
    {
      "type": "Feature",
      "properties": {
        "id": 619,
        "name": "سبخة الهيشة",
        "primary_category": "السبخات والأراضي الرطبة",
        "all_categories": "السبخات والأراضي الرطبة",
        "description": "",
        "folders": "Untitled layer",
        "source": "اطلس2026.xml",
        "origin": "أطلس ليبيا السياحي 2026",
        "status": "جاهز مبدئياً",
        "geometry_type": "Point",
        "coord_count": 1,
        "source_type": "KML/XML"
      },
      "geometry": {
        "type": "Point",
        "coordinates": [
          15.25,
          31.75
        ]
      }
    },
    {
      "type": "Feature",
      "properties": {
        "id": 620,
        "name": "سبخة بوجيرة",
        "primary_category": "السبخات والأراضي الرطبة",
        "all_categories": "السبخات والأراضي الرطبة",
        "description": "",
        "folders": "Untitled layer",
        "source": "اطلس2026.xml",
        "origin": "أطلس ليبيا السياحي 2026",
        "status": "جاهز مبدئياً",
        "geometry_type": "Point",
        "coord_count": 1,
        "source_type": "KML/XML"
      },
      "geometry": {
        "type": "Point",
        "coordinates": [
          20.4915619,
          32.4834112
        ]
      }
    },
    {
      "type": "Feature",
      "properties": {
        "id": 621,
        "name": "سبخة جليانا",
        "primary_category": "السبخات والأراضي الرطبة",
        "all_categories": "السبخات والأراضي الرطبة",
        "description": "",
        "folders": "Untitled layer",
        "source": "اطلس2026.xml",
        "origin": "أطلس ليبيا السياحي 2026",
        "status": "جاهز مبدئياً",
        "geometry_type": "Point",
        "coord_count": 1,
        "source_type": "KML/XML"
      },
      "geometry": {
        "type": "Point",
        "coordinates": [
          20.0589302,
          32.0903784
        ]
      }
    },
    {
      "type": "Feature",
      "properties": {
        "id": 622,
        "name": "سبخة حفرة الملح",
        "primary_category": "السبخات والأراضي الرطبة",
        "all_categories": "السبخات والأراضي الرطبة",
        "description": "",
        "folders": "Untitled layer",
        "source": "اطلس2026.xml",
        "origin": "أطلس ليبيا السياحي 2026",
        "status": "جاهز مبدئياً",
        "geometry_type": "Point",
        "coord_count": 1,
        "source_type": "KML/XML"
      },
      "geometry": {
        "type": "Point",
        "coordinates": [
          14.3308333,
          25.8841667
        ]
      }
    },
    {
      "type": "Feature",
      "properties": {
        "id": 623,
        "name": "سبخة رأس التين",
        "primary_category": "السبخات والأراضي الرطبة",
        "all_categories": "السبخات والأراضي الرطبة",
        "description": "",
        "folders": "Untitled layer",
        "source": "اطلس2026.xml",
        "origin": "أطلس ليبيا السياحي 2026",
        "status": "جاهز مبدئياً",
        "geometry_type": "Point",
        "coord_count": 1,
        "source_type": "KML/XML"
      },
      "geometry": {
        "type": "Point",
        "coordinates": [
          23.1213498,
          32.6132973
        ]
      }
    },
    {
      "type": "Feature",
      "properties": {
        "id": 624,
        "name": "سبخة رملة زقوط",
        "primary_category": "السبخات والأراضي الرطبة",
        "all_categories": "السبخات والأراضي الرطبة",
        "description": "",
        "folders": "Untitled layer",
        "source": "اطلس2026.xml",
        "origin": "أطلس ليبيا السياحي 2026",
        "status": "جاهز مبدئياً",
        "geometry_type": "Point",
        "coord_count": 1,
        "source_type": "KML/XML"
      },
      "geometry": {
        "type": "Point",
        "coordinates": [
          19.7027746,
          28.9516246
        ]
      }
    },
    {
      "type": "Feature",
      "properties": {
        "id": 625,
        "name": "سبخة زويلة",
        "primary_category": "السبخات والأراضي الرطبة",
        "all_categories": "السبخات والأراضي الرطبة",
        "description": "",
        "folders": "Untitled layer",
        "source": "اطلس2026.xml",
        "origin": "أطلس ليبيا السياحي 2026",
        "status": "جاهز مبدئياً",
        "geometry_type": "Point",
        "coord_count": 1,
        "source_type": "KML/XML"
      },
      "geometry": {
        "type": "Point",
        "coordinates": [
          15.1210623,
          26.14024
        ]
      }
    },
    {
      "type": "Feature",
      "properties": {
        "id": 626,
        "name": "سبخة سلطان",
        "primary_category": "السبخات والأراضي الرطبة",
        "all_categories": "السبخات والأراضي الرطبة",
        "description": "",
        "folders": "Untitled layer",
        "source": "اطلس2026.xml",
        "origin": "أطلس ليبيا السياحي 2026",
        "status": "جاهز مبدئياً",
        "geometry_type": "Point",
        "coord_count": 1,
        "source_type": "KML/XML"
      },
      "geometry": {
        "type": "Point",
        "coordinates": [
          17.175178,
          31.1101698
        ]
      }
    },
    {
      "type": "Feature",
      "properties": {
        "id": 627,
        "name": "سبخة سلطان أو النعم",
        "primary_category": "السبخات والأراضي الرطبة",
        "all_categories": "السبخات والأراضي الرطبة",
        "description": "",
        "folders": "Untitled layer",
        "source": "اطلس2026.xml",
        "origin": "أطلس ليبيا السياحي 2026",
        "status": "جاهز مبدئياً",
        "geometry_type": "Point",
        "coord_count": 1,
        "source_type": "KML/XML"
      },
      "geometry": {
        "type": "Point",
        "coordinates": [
          17.2338889,
          31.0936111
        ]
      }
    },
    {
      "type": "Feature",
      "properties": {
        "id": 628,
        "name": "سبخة قصر حمد",
        "primary_category": "السبخات والأراضي الرطبة",
        "all_categories": "السبخات والأراضي الرطبة",
        "description": "",
        "folders": "Untitled layer",
        "source": "اطلس2026.xml",
        "origin": "أطلس ليبيا السياحي 2026",
        "status": "جاهز مبدئياً",
        "geometry_type": "Point",
        "coord_count": 1,
        "source_type": "KML/XML"
      },
      "geometry": {
        "type": "Point",
        "coordinates": [
          15.2671288,
          32.1771794
        ]
      }
    },
    {
      "type": "Feature",
      "properties": {
        "id": 629,
        "name": "سبخة قنفودة",
        "primary_category": "السبخات والأراضي الرطبة",
        "all_categories": "السبخات والأراضي الرطبة",
        "description": "",
        "folders": "Untitled layer",
        "source": "اطلس2026.xml",
        "origin": "أطلس ليبيا السياحي 2026",
        "status": "جاهز مبدئياً",
        "geometry_type": "Point",
        "coord_count": 1,
        "source_type": "KML/XML"
      },
      "geometry": {
        "type": "Point",
        "coordinates": [
          19.9886111000001,
          32.0002778
        ]
      }
    },
    {
      "type": "Feature",
      "properties": {
        "id": 630,
        "name": "سبخة كركورة",
        "primary_category": "السبخات والأراضي الرطبة",
        "all_categories": "السبخات والأراضي الرطبة",
        "description": "",
        "folders": "Untitled layer",
        "source": "اطلس2026.xml",
        "origin": "أطلس ليبيا السياحي 2026",
        "status": "جاهز مبدئياً",
        "geometry_type": "Point",
        "coord_count": 1,
        "source_type": "KML/XML"
      },
      "geometry": {
        "type": "Point",
        "coordinates": [
          20.0550000000001,
          31.4011111
        ]
      }
    },
    {
      "type": "Feature",
      "properties": {
        "id": 631,
        "name": "سبخة كركورة",
        "primary_category": "السبخات والأراضي الرطبة",
        "all_categories": "السبخات والأراضي الرطبة",
        "description": "",
        "folders": "Untitled layer",
        "source": "اطلس2026.xml",
        "origin": "أطلس ليبيا السياحي 2026",
        "status": "جاهز مبدئياً",
        "geometry_type": "Point",
        "coord_count": 1,
        "source_type": "KML/XML"
      },
      "geometry": {
        "type": "Point",
        "coordinates": [
          19.1615295,
          30.1059299
        ]
      }
    },
    {
      "type": "Feature",
      "properties": {
        "id": 632,
        "name": "سبخة مرزق",
        "primary_category": "السبخات والأراضي الرطبة",
        "all_categories": "السبخات والأراضي الرطبة",
        "description": "",
        "folders": "Untitled layer",
        "source": "اطلس2026.xml",
        "origin": "أطلس ليبيا السياحي 2026",
        "status": "جاهز مبدئياً",
        "geometry_type": "Point",
        "coord_count": 1,
        "source_type": "KML/XML"
      },
      "geometry": {
        "type": "Point",
        "coordinates": [
          13.9058333,
          25.9086111
        ]
      }
    },
    {
      "type": "Feature",
      "properties": {
        "id": 633,
        "name": "سبخة مسقوين",
        "primary_category": "السبخات والأراضي الرطبة",
        "all_categories": "السبخات والأراضي الرطبة",
        "description": "",
        "folders": "Untitled layer",
        "source": "اطلس2026.xml",
        "origin": "أطلس ليبيا السياحي 2026",
        "status": "جاهز مبدئياً",
        "geometry_type": "Point",
        "coord_count": 1,
        "source_type": "KML/XML"
      },
      "geometry": {
        "type": "Point",
        "coordinates": [
          14.8461111,
          26.1255556
        ]
      }
    },
    {
      "type": "Feature",
      "properties": {
        "id": 634,
        "name": "باب الجديد",
        "primary_category": "السدود",
        "all_categories": "السدود",
        "description": "شيد الباب سنة 1865م بعد ان سد باب زناتة باقامة فتحة كبيرة فى السور على هيئة عقد كبير مثبت به باب خشبى مكسو بطبقة معدنية.",
        "folders": "Untitled layer",
        "source": "اطلس2026.xml",
        "origin": "أطلس ليبيا السياحي 2026",
        "status": "جاهز مبدئياً",
        "geometry_type": "Point",
        "coord_count": 1,
        "source_type": "KML/XML"
      },
      "geometry": {
        "type": "Point",
        "coordinates": [
          13.1725189,
          32.8955699
        ]
      }
    },
    {
      "type": "Feature",
      "properties": {
        "id": 635,
        "name": "باب زناتة",
        "primary_category": "السدود",
        "all_categories": "السدود",
        "description": "عرف بهدا الاسم لانه مقابل لمضارب قبائل زناتة ... وخلال الحرب الاهلية فى فترة حكم على باشا القرمانلى( 1754-1793م) سد الباب بمواد غاية فى الصلابة فادت الى الاستغناء عنه وفتح باب عرف باسم باب الجديد ، وبعد ان هدمت اسوار المدينة اصبح الباب خارج بقايا اسوار المدينة",
        "folders": "Untitled layer",
        "source": "اطلس2026.xml",
        "origin": "أطلس ليبيا السياحي 2026",
        "status": "جاهز مبدئياً",
        "geometry_type": "Point",
        "coord_count": 1,
        "source_type": "KML/XML"
      },
      "geometry": {
        "type": "Point",
        "coordinates": [
          13.1727523,
          32.8953266
        ]
      }
    },
    {
      "type": "Feature",
      "properties": {
        "id": 636,
        "name": "سد",
        "primary_category": "السدود",
        "all_categories": "السدود",
        "description": "",
        "folders": "Untitled layer",
        "source": "اطلس2026.xml",
        "origin": "أطلس ليبيا السياحي 2026",
        "status": "جاهز مبدئياً",
        "geometry_type": "Point",
        "coord_count": 1,
        "source_type": "KML/XML"
      },
      "geometry": {
        "type": "Point",
        "coordinates": [
          17.91323,
          30.7835656
        ]
      }
    },
    {
      "type": "Feature",
      "properties": {
        "id": 637,
        "name": "سد",
        "primary_category": "السدود",
        "all_categories": "السدود",
        "description": "",
        "folders": "Untitled layer",
        "source": "اطلس2026.xml",
        "origin": "أطلس ليبيا السياحي 2026",
        "status": "جاهز مبدئياً",
        "geometry_type": "Point",
        "coord_count": 1,
        "source_type": "KML/XML"
      },
      "geometry": {
        "type": "Point",
        "coordinates": [
          22.6153457,
          32.6336332
        ]
      }
    },
    {
      "type": "Feature",
      "properties": {
        "id": 638,
        "name": "سد الدرعاني",
        "primary_category": "السدود",
        "all_categories": "السدود",
        "description": "",
        "folders": "Untitled layer",
        "source": "اطلس2026.xml",
        "origin": "أطلس ليبيا السياحي 2026",
        "status": "جاهز مبدئياً",
        "geometry_type": "Point",
        "coord_count": 1,
        "source_type": "KML/XML"
      },
      "geometry": {
        "type": "Point",
        "coordinates": [
          20.685178,
          32.3814655
        ]
      }
    },
    {
      "type": "Feature",
      "properties": {
        "id": 639,
        "name": "سد الشياب",
        "primary_category": "السدود",
        "all_categories": "السدود",
        "description": "",
        "folders": "Untitled layer",
        "source": "اطلس2026.xml",
        "origin": "أطلس ليبيا السياحي 2026",
        "status": "جاهز مبدئياً",
        "geometry_type": "Point",
        "coord_count": 1,
        "source_type": "KML/XML"
      },
      "geometry": {
        "type": "Point",
        "coordinates": [
          13.0788805555555,
          30.9079333333333
        ]
      }
    },
    {
      "type": "Feature",
      "properties": {
        "id": 640,
        "name": "سد الهيشة",
        "primary_category": "السدود",
        "all_categories": "السدود؛ محميات وموائل الطيور المهاجرة",
        "description": "موقع توقف طيور مهاجرة، وصيد الطيور المهاجرة",
        "folders": "Untitled layer",
        "source": "اطلس2026.xml",
        "origin": "أطلس ليبيا السياحي 2026",
        "status": "جاهز مبدئياً",
        "geometry_type": "Point",
        "coord_count": 1,
        "source_type": "KML/XML"
      },
      "geometry": {
        "type": "Point",
        "coordinates": [
          22.3868383,
          32.5718244
        ]
      }
    },
    {
      "type": "Feature",
      "properties": {
        "id": 641,
        "name": "سد روماني",
        "primary_category": "السدود",
        "all_categories": "السدود",
        "description": "",
        "folders": "Untitled layer",
        "source": "اطلس2026.xml",
        "origin": "أطلس ليبيا السياحي 2026",
        "status": "جاهز مبدئياً",
        "geometry_type": "Point",
        "coord_count": 1,
        "source_type": "KML/XML"
      },
      "geometry": {
        "type": "Point",
        "coordinates": [
          14.4426951,
          32.5016389
        ]
      }
    },
    {
      "type": "Feature",
      "properties": {
        "id": 642,
        "name": "سد غبين",
        "primary_category": "السدود",
        "all_categories": "السدود",
        "description": "",
        "folders": "Untitled layer",
        "source": "اطلس2026.xml",
        "origin": "أطلس ليبيا السياحي 2026",
        "status": "جاهز مبدئياً",
        "geometry_type": "Point",
        "coord_count": 1,
        "source_type": "KML/XML"
      },
      "geometry": {
        "type": "Point",
        "coordinates": [
          15.6022169,
          28.8733891
        ]
      }
    },
    {
      "type": "Feature",
      "properties": {
        "id": 643,
        "name": "سد وادي اسلان",
        "primary_category": "السدود",
        "all_categories": "السدود؛ الأودية ومصباتها",
        "description": "",
        "folders": "Untitled layer",
        "source": "اطلس2026.xml",
        "origin": "أطلس ليبيا السياحي 2026",
        "status": "جاهز مبدئياً",
        "geometry_type": "Point",
        "coord_count": 1,
        "source_type": "KML/XML"
      },
      "geometry": {
        "type": "Point",
        "coordinates": [
          21.206283,
          32.1949173
        ]
      }
    },
    {
      "type": "Feature",
      "properties": {
        "id": 644,
        "name": "سد وادي الشواعر",
        "primary_category": "السدود",
        "all_categories": "السدود؛ الأودية ومصباتها",
        "description": "",
        "folders": "Untitled layer",
        "source": "اطلس2026.xml",
        "origin": "أطلس ليبيا السياحي 2026",
        "status": "جاهز مبدئياً",
        "geometry_type": "Point",
        "coord_count": 1,
        "source_type": "KML/XML"
      },
      "geometry": {
        "type": "Point",
        "coordinates": [
          22.2374798,
          32.8691319
        ]
      }
    },
    {
      "type": "Feature",
      "properties": {
        "id": 645,
        "name": "سد وادي العقربان",
        "primary_category": "السدود",
        "all_categories": "السدود؛ الأودية ومصباتها",
        "description": "",
        "folders": "Untitled layer",
        "source": "اطلس2026.xml",
        "origin": "أطلس ليبيا السياحي 2026",
        "status": "جاهز مبدئياً",
        "geometry_type": "Point",
        "coord_count": 1,
        "source_type": "KML/XML"
      },
      "geometry": {
        "type": "Point",
        "coordinates": [
          20.4835105,
          32.1566925
        ]
      }
    },
    {
      "type": "Feature",
      "properties": {
        "id": 646,
        "name": "سد وادي القطارة",
        "primary_category": "السدود",
        "all_categories": "السدود؛ الأودية ومصباتها",
        "description": "",
        "folders": "Untitled layer",
        "source": "اطلس2026.xml",
        "origin": "أطلس ليبيا السياحي 2026",
        "status": "جاهز مبدئياً",
        "geometry_type": "Point",
        "coord_count": 1,
        "source_type": "KML/XML"
      },
      "geometry": {
        "type": "Point",
        "coordinates": [
          20.405519,
          32.0271363
        ]
      }
    },
    {
      "type": "Feature",
      "properties": {
        "id": 647,
        "name": "سد وادي القطارة",
        "primary_category": "السدود",
        "all_categories": "السدود؛ الأودية ومصباتها",
        "description": "",
        "folders": "Untitled layer",
        "source": "اطلس2026.xml",
        "origin": "أطلس ليبيا السياحي 2026",
        "status": "جاهز مبدئياً",
        "geometry_type": "Point",
        "coord_count": 1,
        "source_type": "KML/XML"
      },
      "geometry": {
        "type": "Point",
        "coordinates": [
          20.3347278,
          31.9954747
        ]
      }
    },
    {
      "type": "Feature",
      "properties": {
        "id": 648,
        "name": "سد وادي القطارة",
        "primary_category": "السدود",
        "all_categories": "السدود؛ الأودية ومصباتها",
        "description": "",
        "folders": "Untitled layer",
        "source": "اطلس2026.xml",
        "origin": "أطلس ليبيا السياحي 2026",
        "status": "جاهز مبدئياً",
        "geometry_type": "Point",
        "coord_count": 1,
        "source_type": "KML/XML"
      },
      "geometry": {
        "type": "Point",
        "coordinates": [
          13.8097886,
          32.6067194
        ]
      }
    },
    {
      "type": "Feature",
      "properties": {
        "id": 649,
        "name": "سد وادي المجينين",
        "primary_category": "السدود",
        "all_categories": "السدود؛ الأودية ومصباتها",
        "description": "",
        "folders": "Untitled layer",
        "source": "اطلس2026.xml",
        "origin": "أطلس ليبيا السياحي 2026",
        "status": "جاهز مبدئياً",
        "geometry_type": "Point",
        "coord_count": 1,
        "source_type": "KML/XML"
      },
      "geometry": {
        "type": "Point",
        "coordinates": [
          13.2477777777777,
          32.2936111111111
        ]
      }
    },
    {
      "type": "Feature",
      "properties": {
        "id": 650,
        "name": "سد وادي الوشكة",
        "primary_category": "السدود",
        "all_categories": "السدود؛ الأودية ومصباتها",
        "description": "",
        "folders": "Untitled layer",
        "source": "اطلس2026.xml",
        "origin": "أطلس ليبيا السياحي 2026",
        "status": "جاهز مبدئياً",
        "geometry_type": "Point",
        "coord_count": 1,
        "source_type": "KML/XML"
      },
      "geometry": {
        "type": "Point",
        "coordinates": [
          15.623995,
          28.831812
        ]
      }
    },
    {
      "type": "Feature",
      "properties": {
        "id": 651,
        "name": "سد وادي بن جواد",
        "primary_category": "السدود",
        "all_categories": "السدود؛ الأودية ومصباتها",
        "description": "",
        "folders": "Untitled layer",
        "source": "اطلس2026.xml",
        "origin": "أطلس ليبيا السياحي 2026",
        "status": "جاهز مبدئياً",
        "geometry_type": "Point",
        "coord_count": 1,
        "source_type": "KML/XML"
      },
      "geometry": {
        "type": "Point",
        "coordinates": [
          18.0680529,
          30.8018142
        ]
      }
    },
    {
      "type": "Feature",
      "properties": {
        "id": 652,
        "name": "سد وادي درنة",
        "primary_category": "السدود",
        "all_categories": "السدود؛ الأودية ومصباتها",
        "description": "",
        "folders": "Untitled layer",
        "source": "اطلس2026.xml",
        "origin": "أطلس ليبيا السياحي 2026",
        "status": "جاهز مبدئياً",
        "geometry_type": "Point",
        "coord_count": 1,
        "source_type": "KML/XML"
      },
      "geometry": {
        "type": "Point",
        "coordinates": [
          22.5769444444445,
          32.6594444444444
        ]
      }
    },
    {
      "type": "Feature",
      "properties": {
        "id": 653,
        "name": "سد وادي زارت",
        "primary_category": "السدود",
        "all_categories": "السدود؛ الأودية ومصباتها",
        "description": "",
        "folders": "Untitled layer",
        "source": "اطلس2026.xml",
        "origin": "أطلس ليبيا السياحي 2026",
        "status": "جاهز مبدئياً",
        "geometry_type": "Point",
        "coord_count": 1,
        "source_type": "KML/XML"
      },
      "geometry": {
        "type": "Point",
        "coordinates": [
          12.8048389,
          32.1079114
        ]
      }
    },
    {
      "type": "Feature",
      "properties": {
        "id": 654,
        "name": "سد وادي زازا",
        "primary_category": "السدود",
        "all_categories": "السدود؛ الأودية ومصباتها",
        "description": "",
        "folders": "Untitled layer",
        "source": "اطلس2026.xml",
        "origin": "أطلس ليبيا السياحي 2026",
        "status": "جاهز مبدئياً",
        "geometry_type": "Point",
        "coord_count": 1,
        "source_type": "KML/XML"
      },
      "geometry": {
        "type": "Point",
        "coordinates": [
          20.5449765,
          32.3755944
        ]
      }
    },
    {
      "type": "Feature",
      "properties": {
        "id": 655,
        "name": "سد وادي غان",
        "primary_category": "السدود",
        "all_categories": "السدود؛ الأودية ومصباتها",
        "description": "",
        "folders": "Untitled layer",
        "source": "اطلس2026.xml",
        "origin": "أطلس ليبيا السياحي 2026",
        "status": "جاهز مبدئياً",
        "geometry_type": "Point",
        "coord_count": 1,
        "source_type": "KML/XML"
      },
      "geometry": {
        "type": "Point",
        "coordinates": [
          13.1360331,
          32.244504
        ]
      }
    },
    {
      "type": "Feature",
      "properties": {
        "id": 656,
        "name": "سد وادي فاسات",
        "primary_category": "السدود",
        "all_categories": "السدود؛ الأودية ومصباتها",
        "description": "",
        "folders": "Untitled layer",
        "source": "اطلس2026.xml",
        "origin": "أطلس ليبيا السياحي 2026",
        "status": "جاهز مبدئياً",
        "geometry_type": "Point",
        "coord_count": 1,
        "source_type": "KML/XML"
      },
      "geometry": {
        "type": "Point",
        "coordinates": [
          12.5522222222222,
          32.1647222222222
        ]
      }
    },
    {
      "type": "Feature",
      "properties": {
        "id": 657,
        "name": "سد وادي كعام",
        "primary_category": "السدود",
        "all_categories": "السدود؛ الأودية ومصباتها",
        "description": "",
        "folders": "Untitled layer",
        "source": "اطلس2026.xml",
        "origin": "أطلس ليبيا السياحي 2026",
        "status": "جاهز مبدئياً",
        "geometry_type": "Point",
        "coord_count": 1,
        "source_type": "KML/XML"
      },
      "geometry": {
        "type": "Point",
        "coordinates": [
          14.3412352,
          32.410219
        ]
      }
    },
    {
      "type": "Feature",
      "properties": {
        "id": 658,
        "name": "سد وادي لبدة",
        "primary_category": "السدود",
        "all_categories": "السدود؛ الأودية ومصباتها",
        "description": "",
        "folders": "Untitled layer",
        "source": "اطلس2026.xml",
        "origin": "أطلس ليبيا السياحي 2026",
        "status": "جاهز مبدئياً",
        "geometry_type": "Point",
        "coord_count": 1,
        "source_type": "KML/XML"
      },
      "geometry": {
        "type": "Point",
        "coordinates": [
          14.2822318,
          32.5999114
        ]
      }
    },
    {
      "type": "Feature",
      "properties": {
        "id": 659,
        "name": "سد وادي محجة",
        "primary_category": "السدود",
        "all_categories": "السدود؛ الأودية ومصباتها",
        "description": "",
        "folders": "Untitled layer",
        "source": "اطلس2026.xml",
        "origin": "أطلس ليبيا السياحي 2026",
        "status": "جاهز مبدئياً",
        "geometry_type": "Point",
        "coord_count": 1,
        "source_type": "KML/XML"
      },
      "geometry": {
        "type": "Point",
        "coordinates": [
          21.9055576,
          32.572164
        ]
      }
    },
    {
      "type": "Feature",
      "properties": {
        "id": 660,
        "name": "سد واي التوت",
        "primary_category": "السدود",
        "all_categories": "السدود",
        "description": "",
        "folders": "Untitled layer",
        "source": "اطلس2026.xml",
        "origin": "أطلس ليبيا السياحي 2026",
        "status": "جاهز مبدئياً",
        "geometry_type": "Point",
        "coord_count": 1,
        "source_type": "KML/XML"
      },
      "geometry": {
        "type": "Point",
        "coordinates": [
          12.4192286,
          32.1140945
        ]
      }
    },
    {
      "type": "Feature",
      "properties": {
        "id": 661,
        "name": "وادي جازا أو زازا",
        "primary_category": "السدود",
        "all_categories": "السدود؛ الأودية ومصباتها؛ محميات وموائل الطيور المهاجرة؛ آبار وخزانات ومصادر مياه أخرى",
        "description": "يقع الوادي على مسافة 60 كم شرق مدينة بنغازي، وحوالي 10 كم جنوب قرية المبني، و يمتد أكثر من 100 كم جنوبا، ويوجد به سد ضخم يعتبر الوادي من أكبر الاودية الواقعة غرب الباكور. يحتوي الوادي على مجموعة من رسوم ونقوش ماقبل التاريخ، على جدران كهفين؛ يعرف الأول بكهف (الطيور) او حجف القطارة، رسم على جدرانه مشاهد مجموعة من الطيور ذات مناقير طويلة، تنتمي إلى عصر الرعاة، جنباً إلى جنب مع رسم غزال، وبعض النقوش الإغريقية تعدد أسماء أشخاص مثل اسم أديداس، كاليماخوس وديديموس وأريماس وخاريلاس، وأخرى من أصل لاتيني مثل بوبليوس وبروكلوس، اقدمها يرجع الى القرن الثالث ق.م. وبعضها يرجع الى العصر الروماني ، ربما نقشت لاسباب دينية حيث لايوجد دليل ان الكهف قد استعمل للسكن او للدفن ، وعلى خلاف ذلك ربما كان الكهف مكان للتعبد. أما كهف (النعامة) فقد استعمل في العصرين الإغريقي والروماني، والرسوم المرسومة على جدرانه أكثر وضوحًا وحفظًا ، كما أنها تتميز بكبر حجمها، وتنتمي إلى فترتين، الأولى التي ربما ترجع إلى عصر الرعاة، وتمثلت نقوشها في حيوانات متنوعة من بينها نعامة في حالة عدو، إلى جانب بقرة خلفها عجل يركض نحوها، ومشهد بقرة أخرى، إضافة إلى ثلاث غزلان إحداها صغير، يلاحظ وجود بعض الطيور وحيوانات أخرى منقوشة ولكنها غير واضحة. وتصور الرسوم المنتمية إلى فترة الحصان التي بدأت منذ منتصف الالف الثانية ق.م، حصان عليه سرج ، وكلب ، وذئب و رسم لجندي يحمل سيف وترس ، ويعد هذا الرسم اول ظهور للاشكال الآدمية في الرسوم الصخرية في شرق ليبيا.",
        "folders": "Untitled layer",
        "source": "اطلس2026.xml",
        "origin": "أطلس ليبيا السياحي 2026",
        "status": "جاهز مبدئياً",
        "geometry_type": "Point",
        "coord_count": 1,
        "source_type": "KML/XML"
      },
      "geometry": {
        "type": "Point",
        "coordinates": [
          20.5506604,
          32.3691681
        ]
      }
    },
    {
      "type": "Feature",
      "properties": {
        "id": 662,
        "name": "الكنيسة الايطالية",
        "primary_category": "العيون الطبيعية",
        "all_categories": "العيون الطبيعية",
        "description": "تستغلها اليوم جمعية عين الصقر التراثية",
        "folders": "Untitled layer",
        "source": "اطلس2026.xml",
        "origin": "أطلس ليبيا السياحي 2026",
        "status": "جاهز مبدئياً",
        "geometry_type": "Point",
        "coord_count": 1,
        "source_type": "KML/XML"
      },
      "geometry": {
        "type": "Point",
        "coordinates": [
          21.6280004,
          32.75328
        ]
      }
    },
    {
      "type": "Feature",
      "properties": {
        "id": 663,
        "name": "بحيرة عين الزيانة",
        "primary_category": "العيون الطبيعية",
        "all_categories": "العيون الطبيعية؛ البحيرات الطبيعية والصحراوية؛ محميات وموائل الطيور المهاجرة",
        "description": "تقع بحيرة عين زيانه أو كما تسمى ( الثغرة الزرقاء ) على مسافة 8 كيلومترات شمال مدينة بنغازي ، و تشمل بحيرة طبيعية متصلة بالبحر بواسطة قناة مائية ، يبلغ طولها نحو 1.5 كيلومترات، وعرضها 600 متر، وتتوفر بهذا الموقع إمكانيات سياحية طبيعية ، جذابة، كما تعتبر من مناطق استراحة الطيور المهاجرة .",
        "folders": "Untitled layer",
        "source": "اطلس2026.xml",
        "origin": "أطلس ليبيا السياحي 2026",
        "status": "جاهز مبدئياً",
        "geometry_type": "Point",
        "coord_count": 1,
        "source_type": "KML/XML"
      },
      "geometry": {
        "type": "Point",
        "coordinates": [
          20.1555876,
          32.2149468
        ]
      }
    },
    {
      "type": "Feature",
      "properties": {
        "id": 664,
        "name": "بحيرة عين الفطايم",
        "primary_category": "العيون الطبيعية",
        "all_categories": "العيون الطبيعية؛ البحيرات الطبيعية والصحراوية",
        "description": "",
        "folders": "Untitled layer",
        "source": "اطلس2026.xml",
        "origin": "أطلس ليبيا السياحي 2026",
        "status": "جاهز مبدئياً",
        "geometry_type": "Point",
        "coord_count": 1,
        "source_type": "KML/XML"
      },
      "geometry": {
        "type": "Point",
        "coordinates": [
          18.9148315,
          30.1499684
        ]
      }
    },
    {
      "type": "Feature",
      "properties": {
        "id": 665,
        "name": "بحيرة عين اليبرة",
        "primary_category": "العيون الطبيعية",
        "all_categories": "العيون الطبيعية؛ البحيرات الطبيعية والصحراوية",
        "description": "",
        "folders": "Untitled layer",
        "source": "اطلس2026.xml",
        "origin": "أطلس ليبيا السياحي 2026",
        "status": "جاهز مبدئياً",
        "geometry_type": "Point",
        "coord_count": 1,
        "source_type": "KML/XML"
      },
      "geometry": {
        "type": "Point",
        "coordinates": [
          13.17581,
          32.9031277
        ]
      }
    },
    {
      "type": "Feature",
      "properties": {
        "id": 666,
        "name": "حرم عين الحفرة",
        "primary_category": "العيون الطبيعية",
        "all_categories": "العيون الطبيعية",
        "description": "",
        "folders": "Untitled layer",
        "source": "اطلس2026.xml",
        "origin": "أطلس ليبيا السياحي 2026",
        "status": "جاهز مبدئياً",
        "geometry_type": "Point",
        "coord_count": 1,
        "source_type": "KML/XML"
      },
      "geometry": {
        "type": "Point",
        "coordinates": [
          21.8740209,
          32.8257443
        ]
      }
    },
    {
      "type": "Feature",
      "properties": {
        "id": 667,
        "name": "خليج بمبة",
        "primary_category": "العيون الطبيعية",
        "all_categories": "العيون الطبيعية؛ محميات وموائل الطيور المهاجرة؛ آبار وخزانات ومصادر مياه أخرى",
        "description": "وسط مشاهد تتنازعها مناظر الشواطئ برمالها الذهبية، والخلجان الضيقة المتخفية بين المرتفعات، وزرقة مياه البحر النقية الصافية، يبرز خليج البردي أقصى شمال شرق ليبيا، بإطلالة على البحر وسط تنوع حيوي فريد وقيمة بيئية نادرة. فالخليج بجزره وشواطئه المنعزلة يعد ملاذاً مثالياً لأنواع من الأحياء البحرية والبرمائيات المهددة بالانقراض، بمافي ذلك عجل البحر (الفقمة)، والسلاحف البحرية ذات الرأس الأخضر، بالإضافة إلى عدد من الأسماك النادرة، فيما صنفت المنطقة ضمن الجنات العشر للأحياء في منطقة حوض البحر المتوسط، واختارتها منظمة السلام الأخضر (جرين بيس)، ‮ من بين المواقع ذات الخصائص والمعايير القادرة على دعم بقاء الكائنات البحرية،‮ وتؤمن وظائف بيئية حاسمة للمحيط الحيوي،‮ وتسهم في‮ نمو وتطور حياة الأجناس البحرية،‮ وتمثل في‮ الوقت نفسه موائل طبيعية لإقامة محميات بحرية،‮ و موطناً‮ يكتسي‮ أهمية كبيرة ضمن قائمة أهم مناطق تبييض السلاحف البحرية بسواحل المتوسط . أما أعماق الخليج فهذه قصة اخرى، فرحلة غوص واحدة تشي بالأسرار المخبؤة وتتيح فرصة الاطلاع على آثار مدن كانت مفعمة بالحياة وتضج بالحركة والنشاط، وغمرتها مياه البحر فجأة، محيلة ضجيجها إلى سكون دائم بعد ان ابتلعها اليم في موجة الزلازل التي ضربت المنطقة قبل قرون خلت، ولكنها اليوم تنبعث من جديد في فرصة لاكتشاف أسرار وخفايا العالم القديم، من خلال بقايا مدن وحطام سفن قديمة غرقت أثناء رحلاتها صوب الساحل الليبي. فقد اكتشف فريق البعثة الايطالية العاملة بالساحل الليبي في السنوات القليلة الماضية، آثار شوارع ومبان، وأرصفة، وهياكل حجرية ضخمة، وطرق، على أعماق تتراوح بين واحد وثلاثة أمتار، مقابل منطقة رأس التين على الحافة الغربية للخليج، أرجعها علماء الآثار إلى الفترة الرومانية. الغوص في مياه الخليج، يتيح أيضاً فرصة التمتع بمشاهدة مناظر تهيمن عليها مروجاً‮ مفروشة بالأعشاب البحرية،‮ والمكسية بشعب مرجانية بألوانها المتباينة، ما جعل مياه الخليج بيئة مناسبة لعديد الاحياء البحرية،‮ وفرصة مثيرة لهواة الغوص، وعشاق الحياة البحرية، لاسيما في أعماق المياه المحيطة بجزيرة البردعة الملاذ المثالي للطيور المهاجرة، والحاضنة في أعماقها أجمل الجزر المرجانية. ويعد بومبا موطناً لأجمل المناظر الشاطئية الفريدة على طول الساحل الليبي، فإطلالة الخليج على البحر بزرقة مياهه النقية، وانتشار عدد من الجزر على صفحة المياه، يضفي للمنطقة بعداً آخراً، ويعزز فرص التمتع بجولات بحرية بين جزر البردعة، والدونيا أو اللوطية، وجزيرة أم المراكب قبالة خليج عين الغزالة شرق الخليج، وتسمى أيضا جزيرة عجل البحر، ويمكن رؤيتها من الطريق الرابط بين درنة وطبرق، وكذلك جزيرة مصراتة وبطحة أو فطحة. وتتميز جزر بمبة بهوائها العليل، وبرودة نسماتهما، وطقسها المعتدل ما اكسبها صفة أخرى تضاف إلى قيمها الجمالية والتاريخية، فقد اكتسبت تلك الصخور المحاطة بالمياه اهمية للسفن العابرة للمنطقة، فقد كانت مقراً لإصلاح سفن الأسبرطيين في العصور الغابرة، كما استخدم الخليج كنقطة تزود وانطلاق للقوات الأمريكية أثناء فترة حرب السنوات الأربع مطلع القرن التاسع عشر. وبالعودة إلى البر الرئيسي، فإن شواطىء المنطقة، تتيح لعشاق الاصطياف، فرص الانغماس التام والتمتع بعيش لحظات على شواطىء منعزلة وحالمة، بعيداً عن صخب الحياة المعاصرة، سواء إن كانت الوجهة شط العقيلة، وعين الغزالة، أو كاف عمار، أو منقار المباريز، أو أم حفين، وأم الرزم، ورأس التين، والتميمي، فكلها تزخر بالأجواء وتفيض بالفرص الواعدة والحافلة بالمفاجآت السارة، لاسيما لهواة صيد الأسماك فالخليج يعد نقطة صيد جيدة، ويزخر بالحياة البحرية المثيرة. وسط مشاهد تتنازعها مناظر الشواطئ برمالها الذهبية، والخلجان الضيقة المتخفية بين المرتفعات، وزرقة مياه البحر النقية الصافية، يبرز خليج البردي أقصى شمال شرق ليبيا، بإطلالة على البحر وسط تنوع حيوي فريد وقيمة بيئية نادرة. فالخليج بجزره وشواطئه المنعزلة يعد ملاذاً مثالياً لأنواع من الأحياء البحرية والبرمائيات المهددة بالانقراض، بمافي ذلك عجل البحر (الفقمة)، والسلاحف البحرية ذات الرأس الأخضر، بالإضافة إلى عدد من الأسماك النادرة، فيما صنفت المنطقة ضمن الجنات العشر للأحياء في منطقة حوض البحر المتوسط، واختارتها منظمة السلام الأخضر (جرين بيس)، ‮ من بين المواقع ذات الخصائص والمعايير القادرة على دعم بقاء الكائنات البحرية،‮ وتؤمن وظائف بيئية حاسمة للمحيط الحيوي،‮ وتسهم في‮ نمو وتطور حياة الأجناس البحرية،‮ وتمثل في‮ الوقت نفسه موائل طبيعية لإقامة م",
        "folders": "Untitled layer",
        "source": "اطلس2026.xml",
        "origin": "أطلس ليبيا السياحي 2026",
        "status": "جاهز مبدئياً",
        "geometry_type": "Point",
        "coord_count": 1,
        "source_type": "KML/XML"
      },
      "geometry": {
        "type": "Point",
        "coordinates": [
          23.2208064,
          32.3072999
        ]
      }
    },
    {
      "type": "Feature",
      "properties": {
        "id": 668,
        "name": "رأس عين الغزالة",
        "primary_category": "العيون الطبيعية",
        "all_categories": "العيون الطبيعية",
        "description": "",
        "folders": "Untitled layer",
        "source": "اطلس2026.xml",
        "origin": "أطلس ليبيا السياحي 2026",
        "status": "جاهز مبدئياً",
        "geometry_type": "Point",
        "coord_count": 1,
        "source_type": "KML/XML"
      },
      "geometry": {
        "type": "Point",
        "coordinates": [
          23.3167648,
          32.2117844
        ]
      }
    },
    {
      "type": "Feature",
      "properties": {
        "id": 669,
        "name": "سبخة عين الحنية",
        "primary_category": "العيون الطبيعية",
        "all_categories": "العيون الطبيعية؛ السبخات والأراضي الرطبة",
        "description": "",
        "folders": "Untitled layer",
        "source": "اطلس2026.xml",
        "origin": "أطلس ليبيا السياحي 2026",
        "status": "جاهز مبدئياً",
        "geometry_type": "Point",
        "coord_count": 1,
        "source_type": "KML/XML"
      },
      "geometry": {
        "type": "Point",
        "coordinates": [
          21.52299,
          32.845989
        ]
      }
    },
    {
      "type": "Feature",
      "properties": {
        "id": 670,
        "name": "سبخة عين القدر",
        "primary_category": "العيون الطبيعية",
        "all_categories": "العيون الطبيعية؛ السبخات والأراضي الرطبة",
        "description": "",
        "folders": "Untitled layer",
        "source": "اطلس2026.xml",
        "origin": "أطلس ليبيا السياحي 2026",
        "status": "جاهز مبدئياً",
        "geometry_type": "Point",
        "coord_count": 1,
        "source_type": "KML/XML"
      },
      "geometry": {
        "type": "Point",
        "coordinates": [
          20.0205556,
          28.9252778
        ]
      }
    },
    {
      "type": "Feature",
      "properties": {
        "id": 671,
        "name": "عين أم اقبيبة",
        "primary_category": "العيون الطبيعية",
        "all_categories": "العيون الطبيعية",
        "description": "",
        "folders": "Untitled layer",
        "source": "اطلس2026.xml",
        "origin": "أطلس ليبيا السياحي 2026",
        "status": "جاهز مبدئياً",
        "geometry_type": "Point",
        "coord_count": 1,
        "source_type": "KML/XML"
      },
      "geometry": {
        "type": "Point",
        "coordinates": [
          21.6066501,
          32.7663989
        ]
      }
    },
    {
      "type": "Feature",
      "properties": {
        "id": 672,
        "name": "عين أم الخروب",
        "primary_category": "العيون الطبيعية",
        "all_categories": "العيون الطبيعية",
        "description": "",
        "folders": "Untitled layer",
        "source": "اطلس2026.xml",
        "origin": "أطلس ليبيا السياحي 2026",
        "status": "جاهز مبدئياً",
        "geometry_type": "Point",
        "coord_count": 1,
        "source_type": "KML/XML"
      },
      "geometry": {
        "type": "Point",
        "coordinates": [
          12.9014266,
          32.1254567
        ]
      }
    },
    {
      "type": "Feature",
      "properties": {
        "id": 673,
        "name": "عين أم الرمان",
        "primary_category": "العيون الطبيعية",
        "all_categories": "العيون الطبيعية",
        "description": "",
        "folders": "Untitled layer",
        "source": "اطلس2026.xml",
        "origin": "أطلس ليبيا السياحي 2026",
        "status": "جاهز مبدئياً",
        "geometry_type": "Point",
        "coord_count": 1,
        "source_type": "KML/XML"
      },
      "geometry": {
        "type": "Point",
        "coordinates": [
          12.9985866,
          32.1710637
        ]
      }
    },
    {
      "type": "Feature",
      "properties": {
        "id": 674,
        "name": "عين أم الصفصاف",
        "primary_category": "العيون الطبيعية",
        "all_categories": "العيون الطبيعية",
        "description": "",
        "folders": "Untitled layer",
        "source": "اطلس2026.xml",
        "origin": "أطلس ليبيا السياحي 2026",
        "status": "جاهز مبدئياً",
        "geometry_type": "Point",
        "coord_count": 1,
        "source_type": "KML/XML"
      },
      "geometry": {
        "type": "Point",
        "coordinates": [
          21.7434000000001,
          32.7817
        ]
      }
    },
    {
      "type": "Feature",
      "properties": {
        "id": 675,
        "name": "عين أم العبد",
        "primary_category": "العيون الطبيعية",
        "all_categories": "العيون الطبيعية",
        "description": "",
        "folders": "Untitled layer",
        "source": "اطلس2026.xml",
        "origin": "أطلس ليبيا السياحي 2026",
        "status": "جاهز مبدئياً",
        "geometry_type": "Point",
        "coord_count": 1,
        "source_type": "KML/XML"
      },
      "geometry": {
        "type": "Point",
        "coordinates": [
          19.0660229,
          29.2478844
        ]
      }
    },
    {
      "type": "Feature",
      "properties": {
        "id": 676,
        "name": "عين أم العبد",
        "primary_category": "العيون الطبيعية",
        "all_categories": "العيون الطبيعية",
        "description": "",
        "folders": "Untitled layer",
        "source": "اطلس2026.xml",
        "origin": "أطلس ليبيا السياحي 2026",
        "status": "جاهز مبدئياً",
        "geometry_type": "Point",
        "coord_count": 1,
        "source_type": "KML/XML"
      },
      "geometry": {
        "type": "Point",
        "coordinates": [
          17.6145275,
          29.3219608
        ]
      }
    },
    {
      "type": "Feature",
      "properties": {
        "id": 677,
        "name": "عين أم القرب",
        "primary_category": "العيون الطبيعية",
        "all_categories": "العيون الطبيعية",
        "description": "",
        "folders": "Untitled layer",
        "source": "اطلس2026.xml",
        "origin": "أطلس ليبيا السياحي 2026",
        "status": "جاهز مبدئياً",
        "geometry_type": "Point",
        "coord_count": 1,
        "source_type": "KML/XML"
      },
      "geometry": {
        "type": "Point",
        "coordinates": [
          11.7850719,
          31.7850389
        ]
      }
    },
    {
      "type": "Feature",
      "properties": {
        "id": 678,
        "name": "عين أم المصابيح",
        "primary_category": "العيون الطبيعية",
        "all_categories": "العيون الطبيعية",
        "description": "",
        "folders": "Untitled layer",
        "source": "اطلس2026.xml",
        "origin": "أطلس ليبيا السياحي 2026",
        "status": "جاهز مبدئياً",
        "geometry_type": "Point",
        "coord_count": 1,
        "source_type": "KML/XML"
      },
      "geometry": {
        "type": "Point",
        "coordinates": [
          12.587762,
          32.168576
        ]
      }
    },
    {
      "type": "Feature",
      "properties": {
        "id": 679,
        "name": "عين أم المهاس",
        "primary_category": "العيون الطبيعية",
        "all_categories": "العيون الطبيعية",
        "description": "",
        "folders": "Untitled layer",
        "source": "اطلس2026.xml",
        "origin": "أطلس ليبيا السياحي 2026",
        "status": "جاهز مبدئياً",
        "geometry_type": "Point",
        "coord_count": 1,
        "source_type": "KML/XML"
      },
      "geometry": {
        "type": "Point",
        "coordinates": [
          9.4598561,
          30.1463611
        ]
      }
    },
    {
      "type": "Feature",
      "properties": {
        "id": 680,
        "name": "عين ادبير",
        "primary_category": "العيون الطبيعية",
        "all_categories": "العيون الطبيعية",
        "description": "",
        "folders": "Untitled layer",
        "source": "اطلس2026.xml",
        "origin": "أطلس ليبيا السياحي 2026",
        "status": "جاهز مبدئياً",
        "geometry_type": "Point",
        "coord_count": 1,
        "source_type": "KML/XML"
      },
      "geometry": {
        "type": "Point",
        "coordinates": [
          10.9922934,
          31.8594347
        ]
      }
    },
    {
      "type": "Feature",
      "properties": {
        "id": 681,
        "name": "عين استوة",
        "primary_category": "العيون الطبيعية",
        "all_categories": "العيون الطبيعية",
        "description": "تقع شمال منطقة (ترت)..وسط أركاب سيدي مسعود، وتستضيف أجمل المناظر الطبيعية بالمنطقة.",
        "folders": "Untitled layer",
        "source": "اطلس2026.xml",
        "origin": "أطلس ليبيا السياحي 2026",
        "status": "جاهز مبدئياً",
        "geometry_type": "Point",
        "coord_count": 1,
        "source_type": "KML/XML"
      },
      "geometry": {
        "type": "Point",
        "coordinates": [
          22.1061111111111,
          32.8586111111111
        ]
      }
    },
    {
      "type": "Feature",
      "properties": {
        "id": 682,
        "name": "عين اسدندو",
        "primary_category": "العيون الطبيعية",
        "all_categories": "العيون الطبيعية",
        "description": "",
        "folders": "Untitled layer",
        "source": "اطلس2026.xml",
        "origin": "أطلس ليبيا السياحي 2026",
        "status": "جاهز مبدئياً",
        "geometry_type": "Point",
        "coord_count": 1,
        "source_type": "KML/XML"
      },
      "geometry": {
        "type": "Point",
        "coordinates": [
          13.0332061,
          32.23277
        ]
      }
    },
    {
      "type": "Feature",
      "properties": {
        "id": 683,
        "name": "عين الأزاهرة",
        "primary_category": "العيون الطبيعية",
        "all_categories": "العيون الطبيعية",
        "description": "",
        "folders": "Untitled layer",
        "source": "اطلس2026.xml",
        "origin": "أطلس ليبيا السياحي 2026",
        "status": "جاهز مبدئياً",
        "geometry_type": "Point",
        "coord_count": 1,
        "source_type": "KML/XML"
      },
      "geometry": {
        "type": "Point",
        "coordinates": [
          13.2891666666667,
          30.4261111111111
        ]
      }
    },
    {
      "type": "Feature",
      "properties": {
        "id": 684,
        "name": "عين الانجيل",
        "primary_category": "العيون الطبيعية",
        "all_categories": "العيون الطبيعية",
        "description": "",
        "folders": "Untitled layer",
        "source": "اطلس2026.xml",
        "origin": "أطلس ليبيا السياحي 2026",
        "status": "جاهز مبدئياً",
        "geometry_type": "Point",
        "coord_count": 1,
        "source_type": "KML/XML"
      },
      "geometry": {
        "type": "Point",
        "coordinates": [
          22.4023,
          32.811
        ]
      }
    },
    {
      "type": "Feature",
      "properties": {
        "id": 685,
        "name": "عين البراكي",
        "primary_category": "العيون الطبيعية",
        "all_categories": "العيون الطبيعية",
        "description": "",
        "folders": "Untitled layer",
        "source": "اطلس2026.xml",
        "origin": "أطلس ليبيا السياحي 2026",
        "status": "جاهز مبدئياً",
        "geometry_type": "Point",
        "coord_count": 1,
        "source_type": "KML/XML"
      },
      "geometry": {
        "type": "Point",
        "coordinates": [
          18.8650453,
          30.0982498
        ]
      }
    },
    {
      "type": "Feature",
      "properties": {
        "id": 686,
        "name": "عين البراهمة",
        "primary_category": "العيون الطبيعية",
        "all_categories": "العيون الطبيعية",
        "description": "",
        "folders": "Untitled layer",
        "source": "اطلس2026.xml",
        "origin": "أطلس ليبيا السياحي 2026",
        "status": "جاهز مبدئياً",
        "geometry_type": "Point",
        "coord_count": 1,
        "source_type": "KML/XML"
      },
      "geometry": {
        "type": "Point",
        "coordinates": [
          12.1853016,
          31.9462873
        ]
      }
    },
    {
      "type": "Feature",
      "properties": {
        "id": 687,
        "name": "عين البقة",
        "primary_category": "العيون الطبيعية",
        "all_categories": "العيون الطبيعية",
        "description": "",
        "folders": "Untitled layer",
        "source": "اطلس2026.xml",
        "origin": "أطلس ليبيا السياحي 2026",
        "status": "جاهز مبدئياً",
        "geometry_type": "Point",
        "coord_count": 1,
        "source_type": "KML/XML"
      },
      "geometry": {
        "type": "Point",
        "coordinates": [
          21.9883,
          32.8489
        ]
      }
    },
    {
      "type": "Feature",
      "properties": {
        "id": 688,
        "name": "عين البقرة",
        "primary_category": "العيون الطبيعية",
        "all_categories": "العيون الطبيعية",
        "description": "",
        "folders": "Untitled layer",
        "source": "اطلس2026.xml",
        "origin": "أطلس ليبيا السياحي 2026",
        "status": "جاهز مبدئياً",
        "geometry_type": "Point",
        "coord_count": 1,
        "source_type": "KML/XML"
      },
      "geometry": {
        "type": "Point",
        "coordinates": [
          21.8961111111112,
          32.8191666666667
        ]
      }
    },
    {
      "type": "Feature",
      "properties": {
        "id": 689,
        "name": "عين البلنج",
        "primary_category": "العيون الطبيعية",
        "all_categories": "العيون الطبيعية",
        "description": "",
        "folders": "Untitled layer",
        "source": "اطلس2026.xml",
        "origin": "أطلس ليبيا السياحي 2026",
        "status": "جاهز مبدئياً",
        "geometry_type": "Point",
        "coord_count": 1,
        "source_type": "KML/XML"
      },
      "geometry": {
        "type": "Point",
        "coordinates": [
          21.6704436,
          32.7658704
        ]
      }
    },
    {
      "type": "Feature",
      "properties": {
        "id": 690,
        "name": "عين البليعة",
        "primary_category": "العيون الطبيعية",
        "all_categories": "العيون الطبيعية",
        "description": "",
        "folders": "Untitled layer",
        "source": "اطلس2026.xml",
        "origin": "أطلس ليبيا السياحي 2026",
        "status": "جاهز مبدئياً",
        "geometry_type": "Point",
        "coord_count": 1,
        "source_type": "KML/XML"
      },
      "geometry": {
        "type": "Point",
        "coordinates": [
          13.003729,
          32.168032
        ]
      }
    },
    {
      "type": "Feature",
      "properties": {
        "id": 691,
        "name": "عين البنت",
        "primary_category": "العيون الطبيعية",
        "all_categories": "العيون الطبيعية",
        "description": "",
        "folders": "Untitled layer",
        "source": "اطلس2026.xml",
        "origin": "أطلس ليبيا السياحي 2026",
        "status": "جاهز مبدئياً",
        "geometry_type": "Point",
        "coord_count": 1,
        "source_type": "KML/XML"
      },
      "geometry": {
        "type": "Point",
        "coordinates": [
          22.6798046,
          32.7327254
        ]
      }
    },
    {
      "type": "Feature",
      "properties": {
        "id": 692,
        "name": "عين البنية",
        "primary_category": "العيون الطبيعية",
        "all_categories": "العيون الطبيعية",
        "description": "",
        "folders": "Untitled layer",
        "source": "اطلس2026.xml",
        "origin": "أطلس ليبيا السياحي 2026",
        "status": "جاهز مبدئياً",
        "geometry_type": "Point",
        "coord_count": 1,
        "source_type": "KML/XML"
      },
      "geometry": {
        "type": "Point",
        "coordinates": [
          12.1002389,
          31.994775
        ]
      }
    },
    {
      "type": "Feature",
      "properties": {
        "id": 693,
        "name": "عين البيرة اولاد مسعود",
        "primary_category": "العيون الطبيعية",
        "all_categories": "العيون الطبيعية",
        "description": "",
        "folders": "Untitled layer",
        "source": "اطلس2026.xml",
        "origin": "أطلس ليبيا السياحي 2026",
        "status": "جاهز مبدئياً",
        "geometry_type": "Point",
        "coord_count": 1,
        "source_type": "KML/XML"
      },
      "geometry": {
        "type": "Point",
        "coordinates": [
          12.1158749,
          31.9719319
        ]
      }
    },
    {
      "type": "Feature",
      "properties": {
        "id": 694,
        "name": "عين الترك او عين بسيس",
        "primary_category": "العيون الطبيعية",
        "all_categories": "العيون الطبيعية",
        "description": "",
        "folders": "Untitled layer",
        "source": "اطلس2026.xml",
        "origin": "أطلس ليبيا السياحي 2026",
        "status": "جاهز مبدئياً",
        "geometry_type": "Point",
        "coord_count": 1,
        "source_type": "KML/XML"
      },
      "geometry": {
        "type": "Point",
        "coordinates": [
          12.9967666666666,
          32.1735583333333
        ]
      }
    },
    {
      "type": "Feature",
      "properties": {
        "id": 695,
        "name": "عين التميمي",
        "primary_category": "العيون الطبيعية",
        "all_categories": "العيون الطبيعية",
        "description": "",
        "folders": "Untitled layer",
        "source": "اطلس2026.xml",
        "origin": "أطلس ليبيا السياحي 2026",
        "status": "جاهز مبدئياً",
        "geometry_type": "Point",
        "coord_count": 1,
        "source_type": "KML/XML"
      },
      "geometry": {
        "type": "Point",
        "coordinates": [
          23.0729198,
          32.3499476
        ]
      }
    },
    {
      "type": "Feature",
      "properties": {
        "id": 696,
        "name": "عين الجبالية الصغيرة",
        "primary_category": "العيون الطبيعية",
        "all_categories": "العيون الطبيعية",
        "description": "",
        "folders": "Untitled layer",
        "source": "اطلس2026.xml",
        "origin": "أطلس ليبيا السياحي 2026",
        "status": "جاهز مبدئياً",
        "geometry_type": "Point",
        "coord_count": 1,
        "source_type": "KML/XML"
      },
      "geometry": {
        "type": "Point",
        "coordinates": [
          13.04,
          32.2727777777778
        ]
      }
    },
    {
      "type": "Feature",
      "properties": {
        "id": 697,
        "name": "عين الجرم",
        "primary_category": "العيون الطبيعية",
        "all_categories": "العيون الطبيعية",
        "description": "",
        "folders": "Untitled layer",
        "source": "اطلس2026.xml",
        "origin": "أطلس ليبيا السياحي 2026",
        "status": "جاهز مبدئياً",
        "geometry_type": "Point",
        "coord_count": 1,
        "source_type": "KML/XML"
      },
      "geometry": {
        "type": "Point",
        "coordinates": [
          22.528974,
          32.716561
        ]
      }
    },
    {
      "type": "Feature",
      "properties": {
        "id": 698,
        "name": "عين الجرم",
        "primary_category": "العيون الطبيعية",
        "all_categories": "العيون الطبيعية",
        "description": "",
        "folders": "Untitled layer",
        "source": "اطلس2026.xml",
        "origin": "أطلس ليبيا السياحي 2026",
        "status": "جاهز مبدئياً",
        "geometry_type": "Point",
        "coord_count": 1,
        "source_type": "KML/XML"
      },
      "geometry": {
        "type": "Point",
        "coordinates": [
          19.2081582,
          29.2219312
        ]
      }
    },
    {
      "type": "Feature",
      "properties": {
        "id": 699,
        "name": "عين الجفر",
        "primary_category": "العيون الطبيعية",
        "all_categories": "العيون الطبيعية",
        "description": "",
        "folders": "Untitled layer",
        "source": "اطلس2026.xml",
        "origin": "أطلس ليبيا السياحي 2026",
        "status": "جاهز مبدئياً",
        "geometry_type": "Point",
        "coord_count": 1,
        "source_type": "KML/XML"
      },
      "geometry": {
        "type": "Point",
        "coordinates": [
          13.032587,
          32.2751508
        ]
      }
    },
    {
      "type": "Feature",
      "properties": {
        "id": 700,
        "name": "عين الحاسة",
        "primary_category": "العيون الطبيعية",
        "all_categories": "العيون الطبيعية",
        "description": "",
        "folders": "Untitled layer",
        "source": "اطلس2026.xml",
        "origin": "أطلس ليبيا السياحي 2026",
        "status": "جاهز مبدئياً",
        "geometry_type": "Point",
        "coord_count": 1,
        "source_type": "KML/XML"
      },
      "geometry": {
        "type": "Point",
        "coordinates": [
          22.63735,
          32.7307583333333
        ]
      }
    },
    {
      "type": "Feature",
      "properties": {
        "id": 701,
        "name": "عين الحدادية",
        "primary_category": "العيون الطبيعية",
        "all_categories": "العيون الطبيعية",
        "description": "",
        "folders": "Untitled layer",
        "source": "اطلس2026.xml",
        "origin": "أطلس ليبيا السياحي 2026",
        "status": "جاهز مبدئياً",
        "geometry_type": "Point",
        "coord_count": 1,
        "source_type": "KML/XML"
      },
      "geometry": {
        "type": "Point",
        "coordinates": [
          22.2666412,
          32.8498354
        ]
      }
    },
    {
      "type": "Feature",
      "properties": {
        "id": 702,
        "name": "عين الحطيبة",
        "primary_category": "العيون الطبيعية",
        "all_categories": "العيون الطبيعية",
        "description": "",
        "folders": "Untitled layer",
        "source": "اطلس2026.xml",
        "origin": "أطلس ليبيا السياحي 2026",
        "status": "جاهز مبدئياً",
        "geometry_type": "Point",
        "coord_count": 1,
        "source_type": "KML/XML"
      },
      "geometry": {
        "type": "Point",
        "coordinates": [
          22.2333333333333,
          32.8588888888889
        ]
      }
    },
    {
      "type": "Feature",
      "properties": {
        "id": 703,
        "name": "عين الحفرة",
        "primary_category": "العيون الطبيعية",
        "all_categories": "العيون الطبيعية",
        "description": "",
        "folders": "Untitled layer",
        "source": "اطلس2026.xml",
        "origin": "أطلس ليبيا السياحي 2026",
        "status": "جاهز مبدئياً",
        "geometry_type": "Point",
        "coord_count": 1,
        "source_type": "KML/XML"
      },
      "geometry": {
        "type": "Point",
        "coordinates": [
          21.8728472,
          32.8272329
        ]
      }
    },
    {
      "type": "Feature",
      "properties": {
        "id": 704,
        "name": "عين الحلوفة",
        "primary_category": "العيون الطبيعية",
        "all_categories": "العيون الطبيعية",
        "description": "",
        "folders": "Untitled layer",
        "source": "اطلس2026.xml",
        "origin": "أطلس ليبيا السياحي 2026",
        "status": "جاهز مبدئياً",
        "geometry_type": "Point",
        "coord_count": 1,
        "source_type": "KML/XML"
      },
      "geometry": {
        "type": "Point",
        "coordinates": [
          21.8766666666667,
          32.8269444444445
        ]
      }
    },
    {
      "type": "Feature",
      "properties": {
        "id": 705,
        "name": "عين الحليب",
        "primary_category": "العيون الطبيعية",
        "all_categories": "العيون الطبيعية",
        "description": "",
        "folders": "Untitled layer",
        "source": "اطلس2026.xml",
        "origin": "أطلس ليبيا السياحي 2026",
        "status": "جاهز مبدئياً",
        "geometry_type": "Point",
        "coord_count": 1,
        "source_type": "KML/XML"
      },
      "geometry": {
        "type": "Point",
        "coordinates": [
          22.1763888888888,
          32.8508333333333
        ]
      }
    },
    {
      "type": "Feature",
      "properties": {
        "id": 706,
        "name": "عين الحمام",
        "primary_category": "العيون الطبيعية",
        "all_categories": "العيون الطبيعية؛ الفوارات والمياه الكبريتية والحمامات",
        "description": "",
        "folders": "Untitled layer",
        "source": "اطلس2026.xml",
        "origin": "أطلس ليبيا السياحي 2026",
        "status": "جاهز مبدئياً",
        "geometry_type": "Point",
        "coord_count": 1,
        "source_type": "KML/XML"
      },
      "geometry": {
        "type": "Point",
        "coordinates": [
          22.2072222222222,
          32.8433333333333
        ]
      }
    },
    {
      "type": "Feature",
      "properties": {
        "id": 707,
        "name": "عين الحيس",
        "primary_category": "العيون الطبيعية",
        "all_categories": "العيون الطبيعية",
        "description": "",
        "folders": "Untitled layer",
        "source": "اطلس2026.xml",
        "origin": "أطلس ليبيا السياحي 2026",
        "status": "جاهز مبدئياً",
        "geometry_type": "Point",
        "coord_count": 1,
        "source_type": "KML/XML"
      },
      "geometry": {
        "type": "Point",
        "coordinates": [
          12.9302836,
          32.114455
        ]
      }
    },
    {
      "type": "Feature",
      "properties": {
        "id": 708,
        "name": "عين الخنجاري",
        "primary_category": "العيون الطبيعية",
        "all_categories": "العيون الطبيعية",
        "description": "",
        "folders": "Untitled layer",
        "source": "اطلس2026.xml",
        "origin": "أطلس ليبيا السياحي 2026",
        "status": "جاهز مبدئياً",
        "geometry_type": "Point",
        "coord_count": 1,
        "source_type": "KML/XML"
      },
      "geometry": {
        "type": "Point",
        "coordinates": [
          11.6145552,
          32.0015083
        ]
      }
    },
    {
      "type": "Feature",
      "properties": {
        "id": 709,
        "name": "عين الدبوسية",
        "primary_category": "العيون الطبيعية",
        "all_categories": "العيون الطبيعية",
        "description": "",
        "folders": "Untitled layer",
        "source": "اطلس2026.xml",
        "origin": "أطلس ليبيا السياحي 2026",
        "status": "جاهز مبدئياً",
        "geometry_type": "Point",
        "coord_count": 1,
        "source_type": "KML/XML"
      },
      "geometry": {
        "type": "Point",
        "coordinates": [
          22.2100905,
          32.8470059
        ]
      }
    },
    {
      "type": "Feature",
      "properties": {
        "id": 710,
        "name": "عين الدبوسية",
        "primary_category": "العيون الطبيعية",
        "all_categories": "العيون الطبيعية",
        "description": "",
        "folders": "Untitled layer",
        "source": "اطلس2026.xml",
        "origin": "أطلس ليبيا السياحي 2026",
        "status": "جاهز مبدئياً",
        "geometry_type": "Point",
        "coord_count": 1,
        "source_type": "KML/XML"
      },
      "geometry": {
        "type": "Point",
        "coordinates": [
          22.2805961,
          32.8335931
        ]
      }
    },
    {
      "type": "Feature",
      "properties": {
        "id": 711,
        "name": "عين الدرسية",
        "primary_category": "العيون الطبيعية",
        "all_categories": "العيون الطبيعية",
        "description": "",
        "folders": "Untitled layer",
        "source": "اطلس2026.xml",
        "origin": "أطلس ليبيا السياحي 2026",
        "status": "جاهز مبدئياً",
        "geometry_type": "Point",
        "coord_count": 1,
        "source_type": "KML/XML"
      },
      "geometry": {
        "type": "Point",
        "coordinates": [
          22.1694612,
          32.8896501
        ]
      }
    },
    {
      "type": "Feature",
      "properties": {
        "id": 712,
        "name": "عين الدودة",
        "primary_category": "العيون الطبيعية",
        "all_categories": "العيون الطبيعية",
        "description": "",
        "folders": "Untitled layer",
        "source": "اطلس2026.xml",
        "origin": "أطلس ليبيا السياحي 2026",
        "status": "جاهز مبدئياً",
        "geometry_type": "Point",
        "coord_count": 1,
        "source_type": "KML/XML"
      },
      "geometry": {
        "type": "Point",
        "coordinates": [
          12.3370303,
          31.9992076
        ]
      }
    },
    {
      "type": "Feature",
      "properties": {
        "id": 713,
        "name": "عين الرابطة",
        "primary_category": "العيون الطبيعية",
        "all_categories": "العيون الطبيعية",
        "description": "",
        "folders": "Untitled layer",
        "source": "اطلس2026.xml",
        "origin": "أطلس ليبيا السياحي 2026",
        "status": "جاهز مبدئياً",
        "geometry_type": "Point",
        "coord_count": 1,
        "source_type": "KML/XML"
      },
      "geometry": {
        "type": "Point",
        "coordinates": [
          12.7939025,
          32.155438
        ]
      }
    },
    {
      "type": "Feature",
      "properties": {
        "id": 714,
        "name": "عين الربيبة",
        "primary_category": "العيون الطبيعية",
        "all_categories": "العيون الطبيعية",
        "description": "",
        "folders": "Untitled layer",
        "source": "اطلس2026.xml",
        "origin": "أطلس ليبيا السياحي 2026",
        "status": "جاهز مبدئياً",
        "geometry_type": "Point",
        "coord_count": 1,
        "source_type": "KML/XML"
      },
      "geometry": {
        "type": "Point",
        "coordinates": [
          12.0906365,
          32.0236773
        ]
      }
    },
    {
      "type": "Feature",
      "properties": {
        "id": 715,
        "name": "عين الرقراق",
        "primary_category": "العيون الطبيعية",
        "all_categories": "العيون الطبيعية",
        "description": "",
        "folders": "Untitled layer",
        "source": "اطلس2026.xml",
        "origin": "أطلس ليبيا السياحي 2026",
        "status": "جاهز مبدئياً",
        "geometry_type": "Point",
        "coord_count": 1,
        "source_type": "KML/XML"
      },
      "geometry": {
        "type": "Point",
        "coordinates": [
          12.503449,
          32.1118342
        ]
      }
    },
    {
      "type": "Feature",
      "properties": {
        "id": 716,
        "name": "عين الرومية",
        "primary_category": "العيون الطبيعية",
        "all_categories": "العيون الطبيعية",
        "description": "",
        "folders": "Untitled layer",
        "source": "اطلس2026.xml",
        "origin": "أطلس ليبيا السياحي 2026",
        "status": "جاهز مبدئياً",
        "geometry_type": "Point",
        "coord_count": 1,
        "source_type": "KML/XML"
      },
      "geometry": {
        "type": "Point",
        "coordinates": [
          12.5317686,
          32.0119197
        ]
      }
    },
    {
      "type": "Feature",
      "properties": {
        "id": 717,
        "name": "عين الزائر",
        "primary_category": "العيون الطبيعية",
        "all_categories": "العيون الطبيعية",
        "description": "",
        "folders": "Untitled layer",
        "source": "اطلس2026.xml",
        "origin": "أطلس ليبيا السياحي 2026",
        "status": "جاهز مبدئياً",
        "geometry_type": "Point",
        "coord_count": 1,
        "source_type": "KML/XML"
      },
      "geometry": {
        "type": "Point",
        "coordinates": [
          10.3536058,
          30.1841474
        ]
      }
    },
    {
      "type": "Feature",
      "properties": {
        "id": 718,
        "name": "عين الزاوية أو عين الكبريت",
        "primary_category": "العيون الطبيعية",
        "all_categories": "العيون الطبيعية؛ الفوارات والمياه الكبريتية والحمامات",
        "description": "",
        "folders": "Untitled layer",
        "source": "اطلس2026.xml",
        "origin": "أطلس ليبيا السياحي 2026",
        "status": "جاهز مبدئياً",
        "geometry_type": "Point",
        "coord_count": 1,
        "source_type": "KML/XML"
      },
      "geometry": {
        "type": "Point",
        "coordinates": [
          19.064126,
          30.0105908
        ]
      }
    },
    {
      "type": "Feature",
      "properties": {
        "id": 719,
        "name": "عين الزرقاء أو عين أم اقديح",
        "primary_category": "العيون الطبيعية",
        "all_categories": "العيون الطبيعية",
        "description": "",
        "folders": "Untitled layer",
        "source": "اطلس2026.xml",
        "origin": "أطلس ليبيا السياحي 2026",
        "status": "جاهز مبدئياً",
        "geometry_type": "Point",
        "coord_count": 1,
        "source_type": "KML/XML"
      },
      "geometry": {
        "type": "Point",
        "coordinates": [
          22.35,
          32.7833333333333
        ]
      }
    },
    {
      "type": "Feature",
      "properties": {
        "id": 720,
        "name": "عين السمان",
        "primary_category": "العيون الطبيعية",
        "all_categories": "العيون الطبيعية",
        "description": "",
        "folders": "Untitled layer",
        "source": "اطلس2026.xml",
        "origin": "أطلس ليبيا السياحي 2026",
        "status": "جاهز مبدئياً",
        "geometry_type": "Point",
        "coord_count": 1,
        "source_type": "KML/XML"
      },
      "geometry": {
        "type": "Point",
        "coordinates": [
          22.2496121,
          32.7474015
        ]
      }
    },
    {
      "type": "Feature",
      "properties": {
        "id": 721,
        "name": "عين السيبانة",
        "primary_category": "العيون الطبيعية",
        "all_categories": "العيون الطبيعية",
        "description": "",
        "folders": "Untitled layer",
        "source": "اطلس2026.xml",
        "origin": "أطلس ليبيا السياحي 2026",
        "status": "جاهز مبدئياً",
        "geometry_type": "Point",
        "coord_count": 1,
        "source_type": "KML/XML"
      },
      "geometry": {
        "type": "Point",
        "coordinates": [
          22.3856604,
          32.7386427
        ]
      }
    },
    {
      "type": "Feature",
      "properties": {
        "id": 722,
        "name": "عين الشب",
        "primary_category": "العيون الطبيعية",
        "all_categories": "العيون الطبيعية؛ الفوارات والمياه الكبريتية والحمامات؛ آبار وخزانات ومصادر مياه أخرى",
        "description": "يقع نبع الماء الكبريتي الارتوازي في منطقة براح مقفر، ويهيمن على محيطها الاعشاب الصحراوية وشجيرات الاثل، وكانت قديماً مقصداً لرعاة الإبل.",
        "folders": "Untitled layer",
        "source": "اطلس2026.xml",
        "origin": "أطلس ليبيا السياحي 2026",
        "status": "جاهز مبدئياً",
        "geometry_type": "Point",
        "coord_count": 1,
        "source_type": "KML/XML"
      },
      "geometry": {
        "type": "Point",
        "coordinates": [
          14.895165,
          27.4005085
        ]
      }
    },
    {
      "type": "Feature",
      "properties": {
        "id": 723,
        "name": "عين الشرشارة",
        "primary_category": "العيون الطبيعية",
        "all_categories": "العيون الطبيعية",
        "description": "",
        "folders": "Untitled layer",
        "source": "اطلس2026.xml",
        "origin": "أطلس ليبيا السياحي 2026",
        "status": "جاهز مبدئياً",
        "geometry_type": "Point",
        "coord_count": 1,
        "source_type": "KML/XML"
      },
      "geometry": {
        "type": "Point",
        "coordinates": [
          13.6208368,
          32.4662185
        ]
      }
    },
    {
      "type": "Feature",
      "properties": {
        "id": 724,
        "name": "عين الشرشارة أولاد عزيز",
        "primary_category": "العيون الطبيعية",
        "all_categories": "العيون الطبيعية",
        "description": "",
        "folders": "Untitled layer",
        "source": "اطلس2026.xml",
        "origin": "أطلس ليبيا السياحي 2026",
        "status": "جاهز مبدئياً",
        "geometry_type": "Point",
        "coord_count": 1,
        "source_type": "KML/XML"
      },
      "geometry": {
        "type": "Point",
        "coordinates": [
          12.3247222222222,
          32.0033333333333
        ]
      }
    },
    {
      "type": "Feature",
      "properties": {
        "id": 725,
        "name": "عين الشقيقة",
        "primary_category": "العيون الطبيعية",
        "all_categories": "العيون الطبيعية؛ السبخات والأراضي الرطبة؛ محميات وموائل الطيور المهاجرة؛ آبار وخزانات ومصادر مياه أخرى",
        "description": "صنفت سبخة عين الشقيقة من بين أهم مناطق الاستراحة للطيور المهاجرة.. وتقدر مساحتها بنحو 33 هكتار، وهي سبخة ساحلية شديدة الملوحة، مع تشكيلات من الصخور الكلسية، تحفها السهول الطينية، فيما تتصل عبر قناتين بالبحر، مايؤدي إلى ارتفاع منسوب مياهها خلال فصل الشتاء، وصنفت السبخة ، بالموقع ذو الامكانات الكبيرة لقيام أنشطة السياحة البيئية، ومراقبة الطيور المقيمة والمهاجرة والمائية.",
        "folders": "Untitled layer",
        "source": "اطلس2026.xml",
        "origin": "أطلس ليبيا السياحي 2026",
        "status": "جاهز مبدئياً",
        "geometry_type": "Point",
        "coord_count": 1,
        "source_type": "KML/XML"
      },
      "geometry": {
        "type": "Point",
        "coordinates": [
          21.4603543,
          32.8050414
        ]
      }
    },
    {
      "type": "Feature",
      "properties": {
        "id": 726,
        "name": "عين الشيصو",
        "primary_category": "العيون الطبيعية",
        "all_categories": "العيون الطبيعية",
        "description": "",
        "folders": "Untitled layer",
        "source": "اطلس2026.xml",
        "origin": "أطلس ليبيا السياحي 2026",
        "status": "جاهز مبدئياً",
        "geometry_type": "Point",
        "coord_count": 1,
        "source_type": "KML/XML"
      },
      "geometry": {
        "type": "Point",
        "coordinates": [
          21.77,
          32.7941666666667
        ]
      }
    },
    {
      "type": "Feature",
      "properties": {
        "id": 727,
        "name": "عين الطراطيش",
        "primary_category": "العيون الطبيعية",
        "all_categories": "العيون الطبيعية",
        "description": "",
        "folders": "Untitled layer",
        "source": "اطلس2026.xml",
        "origin": "أطلس ليبيا السياحي 2026",
        "status": "جاهز مبدئياً",
        "geometry_type": "Point",
        "coord_count": 1,
        "source_type": "KML/XML"
      },
      "geometry": {
        "type": "Point",
        "coordinates": [
          22.1717513,
          32.8975382
        ]
      }
    },
    {
      "type": "Feature",
      "properties": {
        "id": 728,
        "name": "عين الطرشان",
        "primary_category": "العيون الطبيعية",
        "all_categories": "العيون الطبيعية",
        "description": "",
        "folders": "Untitled layer",
        "source": "اطلس2026.xml",
        "origin": "أطلس ليبيا السياحي 2026",
        "status": "جاهز مبدئياً",
        "geometry_type": "Point",
        "coord_count": 1,
        "source_type": "KML/XML"
      },
      "geometry": {
        "type": "Point",
        "coordinates": [
          12.6669444444444,
          32.1061111111111
        ]
      }
    },
    {
      "type": "Feature",
      "properties": {
        "id": 729,
        "name": "عين العليمة",
        "primary_category": "العيون الطبيعية",
        "all_categories": "العيون الطبيعية",
        "description": "",
        "folders": "Untitled layer",
        "source": "اطلس2026.xml",
        "origin": "أطلس ليبيا السياحي 2026",
        "status": "جاهز مبدئياً",
        "geometry_type": "Point",
        "coord_count": 1,
        "source_type": "KML/XML"
      },
      "geometry": {
        "type": "Point",
        "coordinates": [
          23.356998,
          32.1449132
        ]
      }
    },
    {
      "type": "Feature",
      "properties": {
        "id": 730,
        "name": "عين العودل",
        "primary_category": "العيون الطبيعية",
        "all_categories": "العيون الطبيعية",
        "description": "",
        "folders": "Untitled layer",
        "source": "اطلس2026.xml",
        "origin": "أطلس ليبيا السياحي 2026",
        "status": "جاهز مبدئياً",
        "geometry_type": "Point",
        "coord_count": 1,
        "source_type": "KML/XML"
      },
      "geometry": {
        "type": "Point",
        "coordinates": [
          23.3549916,
          24.4616916
        ]
      }
    },
    {
      "type": "Feature",
      "properties": {
        "id": 731,
        "name": "عين العوينية",
        "primary_category": "العيون الطبيعية",
        "all_categories": "العيون الطبيعية",
        "description": "",
        "folders": "Untitled layer",
        "source": "اطلس2026.xml",
        "origin": "أطلس ليبيا السياحي 2026",
        "status": "جاهز مبدئياً",
        "geometry_type": "Point",
        "coord_count": 1,
        "source_type": "KML/XML"
      },
      "geometry": {
        "type": "Point",
        "coordinates": [
          12.2871244,
          31.9917076
        ]
      }
    },
    {
      "type": "Feature",
      "properties": {
        "id": 732,
        "name": "عين العين",
        "primary_category": "العيون الطبيعية",
        "all_categories": "العيون الطبيعية",
        "description": "",
        "folders": "Untitled layer",
        "source": "اطلس2026.xml",
        "origin": "أطلس ليبيا السياحي 2026",
        "status": "جاهز مبدئياً",
        "geometry_type": "Point",
        "coord_count": 1,
        "source_type": "KML/XML"
      },
      "geometry": {
        "type": "Point",
        "coordinates": [
          12.3380794,
          31.9988411
        ]
      }
    },
    {
      "type": "Feature",
      "properties": {
        "id": 733,
        "name": "عين الغزال",
        "primary_category": "العيون الطبيعية",
        "all_categories": "العيون الطبيعية",
        "description": "",
        "folders": "Untitled layer",
        "source": "اطلس2026.xml",
        "origin": "أطلس ليبيا السياحي 2026",
        "status": "جاهز مبدئياً",
        "geometry_type": "Point",
        "coord_count": 1,
        "source_type": "KML/XML"
      },
      "geometry": {
        "type": "Point",
        "coordinates": [
          10.130733,
          27.6842201
        ]
      }
    },
    {
      "type": "Feature",
      "properties": {
        "id": 734,
        "name": "عين الغزال",
        "primary_category": "العيون الطبيعية",
        "all_categories": "العيون الطبيعية",
        "description": "عين الغزال FID 118 إسم_ا عين الغزال AREA 72 المسا المساحة=72هكتار Shape_Leng 7440.588523",
        "folders": "مناطق_التنمية_والاستثمار_السياحي",
        "source": "اطلس2026.xml",
        "origin": "أطلس ليبيا السياحي 2026",
        "status": "جاهز مبدئياً",
        "geometry_type": "Polygon",
        "coord_count": 19,
        "source_type": "KML/XML"
      },
      "geometry": {
        "type": "Point",
        "coordinates": [
          23.264894684210528,
          32.19976563157895
        ]
      }
    },
    {
      "type": "Feature",
      "properties": {
        "id": 735,
        "name": "عين الغزالة",
        "primary_category": "العيون الطبيعية",
        "all_categories": "العيون الطبيعية؛ البحيرات الطبيعية والصحراوية؛ محميات وموائل الطيور المهاجرة",
        "description": "يبلغ طول البحيرة نحو 4.5 كليومترات، وعرضها 1.5 كيلومتر، فيما يقدر عمقها بنحو 4 أمتار، وتستقبل المنطقة عدد من طيور الخرشنة المتوجة.",
        "folders": "Untitled layer",
        "source": "اطلس2026.xml",
        "origin": "أطلس ليبيا السياحي 2026",
        "status": "جاهز مبدئياً",
        "geometry_type": "Point",
        "coord_count": 1,
        "source_type": "KML/XML"
      },
      "geometry": {
        "type": "Point",
        "coordinates": [
          23.3061218,
          32.1856375
        ]
      }
    },
    {
      "type": "Feature",
      "properties": {
        "id": 736,
        "name": "عين الغزايا",
        "primary_category": "العيون الطبيعية",
        "all_categories": "العيون الطبيعية",
        "description": "",
        "folders": "Untitled layer",
        "source": "اطلس2026.xml",
        "origin": "أطلس ليبيا السياحي 2026",
        "status": "جاهز مبدئياً",
        "geometry_type": "Point",
        "coord_count": 1,
        "source_type": "KML/XML"
      },
      "geometry": {
        "type": "Point",
        "coordinates": [
          10.8121129,
          31.9037016
        ]
      }
    },
    {
      "type": "Feature",
      "properties": {
        "id": 737,
        "name": "عين الفرس",
        "primary_category": "العيون الطبيعية",
        "all_categories": "العيون الطبيعية",
        "description": "",
        "folders": "Untitled layer",
        "source": "اطلس2026.xml",
        "origin": "أطلس ليبيا السياحي 2026",
        "status": "جاهز مبدئياً",
        "geometry_type": "Point",
        "coord_count": 1,
        "source_type": "KML/XML"
      },
      "geometry": {
        "type": "Point",
        "coordinates": [
          9.4960901,
          30.1338226
        ]
      }
    },
    {
      "type": "Feature",
      "properties": {
        "id": 738,
        "name": "عين الفروة",
        "primary_category": "العيون الطبيعية",
        "all_categories": "العيون الطبيعية",
        "description": "",
        "folders": "Untitled layer",
        "source": "اطلس2026.xml",
        "origin": "أطلس ليبيا السياحي 2026",
        "status": "جاهز مبدئياً",
        "geometry_type": "Point",
        "coord_count": 1,
        "source_type": "KML/XML"
      },
      "geometry": {
        "type": "Point",
        "coordinates": [
          20.9807324,
          32.7225083
        ]
      }
    },
    {
      "type": "Feature",
      "properties": {
        "id": 739,
        "name": "عين الفقار ، سوكنة",
        "primary_category": "العيون الطبيعية",
        "all_categories": "العيون الطبيعية",
        "description": "",
        "folders": "Untitled layer",
        "source": "اطلس2026.xml",
        "origin": "أطلس ليبيا السياحي 2026",
        "status": "جاهز مبدئياً",
        "geometry_type": "Point",
        "coord_count": 1,
        "source_type": "KML/XML"
      },
      "geometry": {
        "type": "Point",
        "coordinates": [
          15.7749617,
          28.9919266
        ]
      }
    },
    {
      "type": "Feature",
      "properties": {
        "id": 740,
        "name": "عين القبة",
        "primary_category": "العيون الطبيعية",
        "all_categories": "العيون الطبيعية",
        "description": "",
        "folders": "Untitled layer",
        "source": "اطلس2026.xml",
        "origin": "أطلس ليبيا السياحي 2026",
        "status": "جاهز مبدئياً",
        "geometry_type": "Point",
        "coord_count": 1,
        "source_type": "KML/XML"
      },
      "geometry": {
        "type": "Point",
        "coordinates": [
          22.2483146,
          32.7632112
        ]
      }
    },
    {
      "type": "Feature",
      "properties": {
        "id": 741,
        "name": "عين القصر",
        "primary_category": "العيون الطبيعية",
        "all_categories": "العيون الطبيعية",
        "description": "",
        "folders": "Untitled layer",
        "source": "اطلس2026.xml",
        "origin": "أطلس ليبيا السياحي 2026",
        "status": "جاهز مبدئياً",
        "geometry_type": "Point",
        "coord_count": 1,
        "source_type": "KML/XML"
      },
      "geometry": {
        "type": "Point",
        "coordinates": [
          12.2011881,
          31.9214183
        ]
      }
    },
    {
      "type": "Feature",
      "properties": {
        "id": 742,
        "name": "عين القلعة",
        "primary_category": "العيون الطبيعية",
        "all_categories": "العيون الطبيعية",
        "description": "",
        "folders": "Untitled layer",
        "source": "اطلس2026.xml",
        "origin": "أطلس ليبيا السياحي 2026",
        "status": "جاهز مبدئياً",
        "geometry_type": "Point",
        "coord_count": 1,
        "source_type": "KML/XML"
      },
      "geometry": {
        "type": "Point",
        "coordinates": [
          12.5706437,
          32.0586575
        ]
      }
    },
    {
      "type": "Feature",
      "properties": {
        "id": 743,
        "name": "عين القلمام",
        "primary_category": "العيون الطبيعية",
        "all_categories": "العيون الطبيعية",
        "description": "",
        "folders": "Untitled layer",
        "source": "اطلس2026.xml",
        "origin": "أطلس ليبيا السياحي 2026",
        "status": "جاهز مبدئياً",
        "geometry_type": "Point",
        "coord_count": 1,
        "source_type": "KML/XML"
      },
      "geometry": {
        "type": "Point",
        "coordinates": [
          12.2861534,
          31.993259
        ]
      }
    },
    {
      "type": "Feature",
      "properties": {
        "id": 744,
        "name": "عين القليتة",
        "primary_category": "العيون الطبيعية",
        "all_categories": "العيون الطبيعية",
        "description": "",
        "folders": "Untitled layer",
        "source": "اطلس2026.xml",
        "origin": "أطلس ليبيا السياحي 2026",
        "status": "جاهز مبدئياً",
        "geometry_type": "Point",
        "coord_count": 1,
        "source_type": "KML/XML"
      },
      "geometry": {
        "type": "Point",
        "coordinates": [
          12.1911217,
          31.9178911
        ]
      }
    },
    {
      "type": "Feature",
      "properties": {
        "id": 745,
        "name": "عين الكرمة",
        "primary_category": "العيون الطبيعية",
        "all_categories": "العيون الطبيعية",
        "description": "",
        "folders": "Untitled layer",
        "source": "اطلس2026.xml",
        "origin": "أطلس ليبيا السياحي 2026",
        "status": "جاهز مبدئياً",
        "geometry_type": "Point",
        "coord_count": 1,
        "source_type": "KML/XML"
      },
      "geometry": {
        "type": "Point",
        "coordinates": [
          13.023214,
          32.243821
        ]
      }
    },
    {
      "type": "Feature",
      "properties": {
        "id": 746,
        "name": "عين المطر",
        "primary_category": "العيون الطبيعية",
        "all_categories": "العيون الطبيعية",
        "description": "",
        "folders": "Untitled layer",
        "source": "اطلس2026.xml",
        "origin": "أطلس ليبيا السياحي 2026",
        "status": "جاهز مبدئياً",
        "geometry_type": "Point",
        "coord_count": 1,
        "source_type": "KML/XML"
      },
      "geometry": {
        "type": "Point",
        "coordinates": [
          11.6054194444445,
          31.8948583333333
        ]
      }
    },
    {
      "type": "Feature",
      "properties": {
        "id": 747,
        "name": "عين المطير",
        "primary_category": "العيون الطبيعية",
        "all_categories": "العيون الطبيعية",
        "description": "",
        "folders": "Untitled layer",
        "source": "اطلس2026.xml",
        "origin": "أطلس ليبيا السياحي 2026",
        "status": "جاهز مبدئياً",
        "geometry_type": "Point",
        "coord_count": 1,
        "source_type": "KML/XML"
      },
      "geometry": {
        "type": "Point",
        "coordinates": [
          12.3770213,
          32.013862
        ]
      }
    },
    {
      "type": "Feature",
      "properties": {
        "id": 748,
        "name": "عين المغموم",
        "primary_category": "العيون الطبيعية",
        "all_categories": "العيون الطبيعية",
        "description": "",
        "folders": "Untitled layer",
        "source": "اطلس2026.xml",
        "origin": "أطلس ليبيا السياحي 2026",
        "status": "جاهز مبدئياً",
        "geometry_type": "Point",
        "coord_count": 1,
        "source_type": "KML/XML"
      },
      "geometry": {
        "type": "Point",
        "coordinates": [
          22.2563247,
          32.8588373
        ]
      }
    },
    {
      "type": "Feature",
      "properties": {
        "id": 749,
        "name": "عين الملفا",
        "primary_category": "العيون الطبيعية",
        "all_categories": "العيون الطبيعية",
        "description": "",
        "folders": "Untitled layer",
        "source": "اطلس2026.xml",
        "origin": "أطلس ليبيا السياحي 2026",
        "status": "جاهز مبدئياً",
        "geometry_type": "Point",
        "coord_count": 1,
        "source_type": "KML/XML"
      },
      "geometry": {
        "type": "Point",
        "coordinates": [
          24.820334,
          29.7839078
        ]
      }
    },
    {
      "type": "Feature",
      "properties": {
        "id": 750,
        "name": "عين الملكة",
        "primary_category": "العيون الطبيعية",
        "all_categories": "العيون الطبيعية",
        "description": "",
        "folders": "Untitled layer",
        "source": "اطلس2026.xml",
        "origin": "أطلس ليبيا السياحي 2026",
        "status": "جاهز مبدئياً",
        "geometry_type": "Point",
        "coord_count": 1,
        "source_type": "KML/XML"
      },
      "geometry": {
        "type": "Point",
        "coordinates": [
          21.1208618,
          32.7638454
        ]
      }
    },
    {
      "type": "Feature",
      "properties": {
        "id": 751,
        "name": "عين النادوة",
        "primary_category": "العيون الطبيعية",
        "all_categories": "العيون الطبيعية",
        "description": "",
        "folders": "Untitled layer",
        "source": "اطلس2026.xml",
        "origin": "أطلس ليبيا السياحي 2026",
        "status": "جاهز مبدئياً",
        "geometry_type": "Point",
        "coord_count": 1,
        "source_type": "KML/XML"
      },
      "geometry": {
        "type": "Point",
        "coordinates": [
          14.0187392,
          27.4776869
        ]
      }
    },
    {
      "type": "Feature",
      "properties": {
        "id": 752,
        "name": "عين الوحش",
        "primary_category": "العيون الطبيعية",
        "all_categories": "العيون الطبيعية",
        "description": "",
        "folders": "Untitled layer",
        "source": "اطلس2026.xml",
        "origin": "أطلس ليبيا السياحي 2026",
        "status": "جاهز مبدئياً",
        "geometry_type": "Point",
        "coord_count": 1,
        "source_type": "KML/XML"
      },
      "geometry": {
        "type": "Point",
        "coordinates": [
          23.120323,
          32.3028732
        ]
      }
    },
    {
      "type": "Feature",
      "properties": {
        "id": 753,
        "name": "عين اليهودي",
        "primary_category": "العيون الطبيعية",
        "all_categories": "العيون الطبيعية",
        "description": "",
        "folders": "Untitled layer",
        "source": "اطلس2026.xml",
        "origin": "أطلس ليبيا السياحي 2026",
        "status": "جاهز مبدئياً",
        "geometry_type": "Point",
        "coord_count": 1,
        "source_type": "KML/XML"
      },
      "geometry": {
        "type": "Point",
        "coordinates": [
          12.5269461,
          32.0775384
        ]
      }
    },
    {
      "type": "Feature",
      "properties": {
        "id": 754,
        "name": "عين ام الحية",
        "primary_category": "العيون الطبيعية",
        "all_categories": "العيون الطبيعية",
        "description": "",
        "folders": "Untitled layer",
        "source": "اطلس2026.xml",
        "origin": "أطلس ليبيا السياحي 2026",
        "status": "جاهز مبدئياً",
        "geometry_type": "Point",
        "coord_count": 1,
        "source_type": "KML/XML"
      },
      "geometry": {
        "type": "Point",
        "coordinates": [
          19.06548,
          29.2734
        ]
      }
    },
    {
      "type": "Feature",
      "properties": {
        "id": 755,
        "name": "عين ام الدود",
        "primary_category": "العيون الطبيعية",
        "all_categories": "العيون الطبيعية",
        "description": "",
        "folders": "Untitled layer",
        "source": "اطلس2026.xml",
        "origin": "أطلس ليبيا السياحي 2026",
        "status": "جاهز مبدئياً",
        "geometry_type": "Point",
        "coord_count": 1,
        "source_type": "KML/XML"
      },
      "geometry": {
        "type": "Point",
        "coordinates": [
          12.037412,
          32.0156462
        ]
      }
    },
    {
      "type": "Feature",
      "properties": {
        "id": 756,
        "name": "عين ام الصيادة",
        "primary_category": "العيون الطبيعية",
        "all_categories": "العيون الطبيعية",
        "description": "",
        "folders": "Untitled layer",
        "source": "اطلس2026.xml",
        "origin": "أطلس ليبيا السياحي 2026",
        "status": "جاهز مبدئياً",
        "geometry_type": "Point",
        "coord_count": 1,
        "source_type": "KML/XML"
      },
      "geometry": {
        "type": "Point",
        "coordinates": [
          21.5222222222222,
          32.845
        ]
      }
    },
    {
      "type": "Feature",
      "properties": {
        "id": 757,
        "name": "عين ام القبيبة",
        "primary_category": "العيون الطبيعية",
        "all_categories": "العيون الطبيعية",
        "description": "",
        "folders": "Untitled layer",
        "source": "اطلس2026.xml",
        "origin": "أطلس ليبيا السياحي 2026",
        "status": "جاهز مبدئياً",
        "geometry_type": "Point",
        "coord_count": 1,
        "source_type": "KML/XML"
      },
      "geometry": {
        "type": "Point",
        "coordinates": [
          21.7605555555556,
          32.7988888888889
        ]
      }
    },
    {
      "type": "Feature",
      "properties": {
        "id": 758,
        "name": "عين ام الناموس",
        "primary_category": "العيون الطبيعية",
        "all_categories": "العيون الطبيعية",
        "description": "",
        "folders": "Untitled layer",
        "source": "اطلس2026.xml",
        "origin": "أطلس ليبيا السياحي 2026",
        "status": "جاهز مبدئياً",
        "geometry_type": "Point",
        "coord_count": 1,
        "source_type": "KML/XML"
      },
      "geometry": {
        "type": "Point",
        "coordinates": [
          22.2055555555555,
          32.85
        ]
      }
    },
    {
      "type": "Feature",
      "properties": {
        "id": 759,
        "name": "عين انتاله",
        "primary_category": "العيون الطبيعية",
        "all_categories": "العيون الطبيعية",
        "description": "",
        "folders": "Untitled layer",
        "source": "اطلس2026.xml",
        "origin": "أطلس ليبيا السياحي 2026",
        "status": "جاهز مبدئياً",
        "geometry_type": "Point",
        "coord_count": 1,
        "source_type": "KML/XML"
      },
      "geometry": {
        "type": "Point",
        "coordinates": [
          9.494698,
          30.1340674
        ]
      }
    },
    {
      "type": "Feature",
      "properties": {
        "id": 760,
        "name": "عين انجيلة",
        "primary_category": "العيون الطبيعية",
        "all_categories": "العيون الطبيعية",
        "description": "",
        "folders": "Untitled layer",
        "source": "اطلس2026.xml",
        "origin": "أطلس ليبيا السياحي 2026",
        "status": "جاهز مبدئياً",
        "geometry_type": "Point",
        "coord_count": 1,
        "source_type": "KML/XML"
      },
      "geometry": {
        "type": "Point",
        "coordinates": [
          12.8601049,
          32.169651
        ]
      }
    },
    {
      "type": "Feature",
      "properties": {
        "id": 761,
        "name": "عين بانون",
        "primary_category": "العيون الطبيعية",
        "all_categories": "العيون الطبيعية",
        "description": "",
        "folders": "Untitled layer",
        "source": "اطلس2026.xml",
        "origin": "أطلس ليبيا السياحي 2026",
        "status": "جاهز مبدئياً",
        "geometry_type": "Point",
        "coord_count": 1,
        "source_type": "KML/XML"
      },
      "geometry": {
        "type": "Point",
        "coordinates": [
          10.974226,
          31.8573114
        ]
      }
    },
    {
      "type": "Feature",
      "properties": {
        "id": 762,
        "name": "عين براك",
        "primary_category": "العيون الطبيعية",
        "all_categories": "العيون الطبيعية",
        "description": "",
        "folders": "Untitled layer",
        "source": "اطلس2026.xml",
        "origin": "أطلس ليبيا السياحي 2026",
        "status": "جاهز مبدئياً",
        "geometry_type": "Point",
        "coord_count": 1,
        "source_type": "KML/XML"
      },
      "geometry": {
        "type": "Point",
        "coordinates": [
          14.2697904,
          27.5386587
        ]
      }
    },
    {
      "type": "Feature",
      "properties": {
        "id": 763,
        "name": "عين بن حمو",
        "primary_category": "العيون الطبيعية",
        "all_categories": "العيون الطبيعية",
        "description": "",
        "folders": "Untitled layer",
        "source": "اطلس2026.xml",
        "origin": "أطلس ليبيا السياحي 2026",
        "status": "جاهز مبدئياً",
        "geometry_type": "Point",
        "coord_count": 1,
        "source_type": "KML/XML"
      },
      "geometry": {
        "type": "Point",
        "coordinates": [
          11.7235055555556,
          31.8500222222222
        ]
      }
    },
    {
      "type": "Feature",
      "properties": {
        "id": 764,
        "name": "عين بوشمال",
        "primary_category": "العيون الطبيعية",
        "all_categories": "العيون الطبيعية",
        "description": "",
        "folders": "Untitled layer",
        "source": "اطلس2026.xml",
        "origin": "أطلس ليبيا السياحي 2026",
        "status": "جاهز مبدئياً",
        "geometry_type": "Point",
        "coord_count": 1,
        "source_type": "KML/XML"
      },
      "geometry": {
        "type": "Point",
        "coordinates": [
          22.2645976,
          32.7177929
        ]
      }
    },
    {
      "type": "Feature",
      "properties": {
        "id": 765,
        "name": "عين بوعياد",
        "primary_category": "العيون الطبيعية",
        "all_categories": "العيون الطبيعية",
        "description": "",
        "folders": "Untitled layer",
        "source": "اطلس2026.xml",
        "origin": "أطلس ليبيا السياحي 2026",
        "status": "جاهز مبدئياً",
        "geometry_type": "Point",
        "coord_count": 1,
        "source_type": "KML/XML"
      },
      "geometry": {
        "type": "Point",
        "coordinates": [
          12.9666648,
          32.1177438
        ]
      }
    },
    {
      "type": "Feature",
      "properties": {
        "id": 766,
        "name": "عين تاقنيت",
        "primary_category": "العيون الطبيعية",
        "all_categories": "العيون الطبيعية",
        "description": "",
        "folders": "Untitled layer",
        "source": "اطلس2026.xml",
        "origin": "أطلس ليبيا السياحي 2026",
        "status": "جاهز مبدئياً",
        "geometry_type": "Point",
        "coord_count": 1,
        "source_type": "KML/XML"
      },
      "geometry": {
        "type": "Point",
        "coordinates": [
          12.8052696,
          32.12679
        ]
      }
    },
    {
      "type": "Feature",
      "properties": {
        "id": 767,
        "name": "عين تالة",
        "primary_category": "العيون الطبيعية",
        "all_categories": "العيون الطبيعية",
        "description": "",
        "folders": "Untitled layer",
        "source": "اطلس2026.xml",
        "origin": "أطلس ليبيا السياحي 2026",
        "status": "جاهز مبدئياً",
        "geometry_type": "Point",
        "coord_count": 1,
        "source_type": "KML/XML"
      },
      "geometry": {
        "type": "Point",
        "coordinates": [
          13.0477777777778,
          32.2783333333333
        ]
      }
    },
    {
      "type": "Feature",
      "properties": {
        "id": 768,
        "name": "عين تامديت",
        "primary_category": "العيون الطبيعية",
        "all_categories": "العيون الطبيعية",
        "description": "",
        "folders": "Untitled layer",
        "source": "اطلس2026.xml",
        "origin": "أطلس ليبيا السياحي 2026",
        "status": "جاهز مبدئياً",
        "geometry_type": "Point",
        "coord_count": 1,
        "source_type": "KML/XML"
      },
      "geometry": {
        "type": "Point",
        "coordinates": [
          12.5184537,
          32.0623333
        ]
      }
    },
    {
      "type": "Feature",
      "properties": {
        "id": 769,
        "name": "عين تانوت قطرس",
        "primary_category": "العيون الطبيعية",
        "all_categories": "العيون الطبيعية",
        "description": "",
        "folders": "Untitled layer",
        "source": "اطلس2026.xml",
        "origin": "أطلس ليبيا السياحي 2026",
        "status": "جاهز مبدئياً",
        "geometry_type": "Point",
        "coord_count": 1,
        "source_type": "KML/XML"
      },
      "geometry": {
        "type": "Point",
        "coordinates": [
          11.7702027777777,
          31.8543722222222
        ]
      }
    },
    {
      "type": "Feature",
      "properties": {
        "id": 770,
        "name": "عين تاورغاء",
        "primary_category": "العيون الطبيعية",
        "all_categories": "العيون الطبيعية؛ محميات وموائل الطيور المهاجرة؛ آبار وخزانات ومصادر مياه أخرى",
        "description": "يروى أن عروساً جميلة كانت تسير على ظهر جمل محمل بجهازها من ذهب وحرير فضة ، توقفت على حوض عين المياه، لسقي الجمل، فسقط في المياه وغرق بحمله من الكنوز وهو يصدر غرغرة، فعرف المكان بصوت الجمل غرا غرا وحرف إلى تاورغاء، فيما عرفت القصة باسطورة العروس والجمل، تبرز رواية متداولة أخرى، بأن مسافراً توقف على العين للشرب وسقاية جمله، فمر بجانبه شخص وقال للمسافر لماذا يصرخ الجمل، فرد المسافر (توا رغاء)، أي بمعنى شرب الآن، فاستمد المكان الاسم من هذه الحادثة (عين تاورغاء) التي تبعد مسافة ستة كيلو مترات غرب مدينة تاورغاء. وبعيداً عن الأساطير والخرافات، فإن اسم تاورغاء يعني الواحة أو الخضراء ويلف العين سور، ويتفرع منها عدة وديان تغذي أهل المنطقة والقرى المجاورة لها بالمياه، كما يوجد بها جسران يفضيان إلى حوض العين، بالقرب منهما نبع العين، ونبع ىخر في الجهة المحاذية المعروفة بت (الركزة)، فيما تحيط بالعين بعض المواقع القديمة، بمافي ذلك الخزان القديم والمعروف بـ (الشنتراري)، وكذلك أضرحة (أمي عيشة)، وسيدى صالح، إلى جانب (جامع العين) الكبير، والزوايا العيساوية، والمدنية للمدائح والاذكار وتحفيظ القرآن الكريم. كما تعتبر العين ومحيطها الذي تتكاثر فيه نباتات الديس والبردي والقصبة، ملاذاً ونقطة توقف للطيور المهاجرة خلال موسم هجراتها السنوية.",
        "folders": "Untitled layer",
        "source": "اطلس2026.xml",
        "origin": "أطلس ليبيا السياحي 2026",
        "status": "جاهز مبدئياً",
        "geometry_type": "Point",
        "coord_count": 1,
        "source_type": "KML/XML"
      },
      "geometry": {
        "type": "Point",
        "coordinates": [
          15.1072222,
          32.0138889
        ]
      }
    },
    {
      "type": "Feature",
      "properties": {
        "id": 771,
        "name": "عين تموقط",
        "primary_category": "العيون الطبيعية",
        "all_categories": "العيون الطبيعية",
        "description": "",
        "folders": "Untitled layer",
        "source": "اطلس2026.xml",
        "origin": "أطلس ليبيا السياحي 2026",
        "status": "جاهز مبدئياً",
        "geometry_type": "Point",
        "coord_count": 1,
        "source_type": "KML/XML"
      },
      "geometry": {
        "type": "Point",
        "coordinates": [
          12.0152083333334,
          31.9649111111111
        ]
      }
    },
    {
      "type": "Feature",
      "properties": {
        "id": 772,
        "name": "عين تونين",
        "primary_category": "العيون الطبيعية",
        "all_categories": "العيون الطبيعية",
        "description": "",
        "folders": "Untitled layer",
        "source": "اطلس2026.xml",
        "origin": "أطلس ليبيا السياحي 2026",
        "status": "جاهز مبدئياً",
        "geometry_type": "Point",
        "coord_count": 1,
        "source_type": "KML/XML"
      },
      "geometry": {
        "type": "Point",
        "coordinates": [
          10.9887743,
          31.8885673
        ]
      }
    },
    {
      "type": "Feature",
      "properties": {
        "id": 773,
        "name": "عين تيرست",
        "primary_category": "العيون الطبيعية",
        "all_categories": "العيون الطبيعية",
        "description": "",
        "folders": "Untitled layer",
        "source": "اطلس2026.xml",
        "origin": "أطلس ليبيا السياحي 2026",
        "status": "جاهز مبدئياً",
        "geometry_type": "Point",
        "coord_count": 1,
        "source_type": "KML/XML"
      },
      "geometry": {
        "type": "Point",
        "coordinates": [
          13.045,
          32.2727777777778
        ]
      }
    },
    {
      "type": "Feature",
      "properties": {
        "id": 774,
        "name": "عين جبارة",
        "primary_category": "العيون الطبيعية",
        "all_categories": "العيون الطبيعية",
        "description": "",
        "folders": "Untitled layer",
        "source": "اطلس2026.xml",
        "origin": "أطلس ليبيا السياحي 2026",
        "status": "جاهز مبدئياً",
        "geometry_type": "Point",
        "coord_count": 1,
        "source_type": "KML/XML"
      },
      "geometry": {
        "type": "Point",
        "coordinates": [
          20.7516666666667,
          32.1358333333333
        ]
      }
    },
    {
      "type": "Feature",
      "properties": {
        "id": 775,
        "name": "عين حبون",
        "primary_category": "العيون الطبيعية",
        "all_categories": "العيون الطبيعية",
        "description": "",
        "folders": "Untitled layer",
        "source": "اطلس2026.xml",
        "origin": "أطلس ليبيا السياحي 2026",
        "status": "جاهز مبدئياً",
        "geometry_type": "Point",
        "coord_count": 1,
        "source_type": "KML/XML"
      },
      "geometry": {
        "type": "Point",
        "coordinates": [
          21.9172222222222,
          32.8258333333333
        ]
      }
    },
    {
      "type": "Feature",
      "properties": {
        "id": 776,
        "name": "عين حمد",
        "primary_category": "العيون الطبيعية",
        "all_categories": "العيون الطبيعية",
        "description": "",
        "folders": "Untitled layer",
        "source": "اطلس2026.xml",
        "origin": "أطلس ليبيا السياحي 2026",
        "status": "جاهز مبدئياً",
        "geometry_type": "Point",
        "coord_count": 1,
        "source_type": "KML/XML"
      },
      "geometry": {
        "type": "Point",
        "coordinates": [
          11.9531921,
          32.0185992
        ]
      }
    },
    {
      "type": "Feature",
      "properties": {
        "id": 777,
        "name": "عين حمد",
        "primary_category": "العيون الطبيعية",
        "all_categories": "العيون الطبيعية",
        "description": "",
        "folders": "Untitled layer",
        "source": "اطلس2026.xml",
        "origin": "أطلس ليبيا السياحي 2026",
        "status": "جاهز مبدئياً",
        "geometry_type": "Point",
        "coord_count": 1,
        "source_type": "KML/XML"
      },
      "geometry": {
        "type": "Point",
        "coordinates": [
          11.6760923,
          31.9972331
        ]
      }
    },
    {
      "type": "Feature",
      "properties": {
        "id": 778,
        "name": "عين حوار",
        "primary_category": "العيون الطبيعية",
        "all_categories": "العيون الطبيعية",
        "description": "",
        "folders": "Untitled layer",
        "source": "اطلس2026.xml",
        "origin": "أطلس ليبيا السياحي 2026",
        "status": "جاهز مبدئياً",
        "geometry_type": "Point",
        "coord_count": 1,
        "source_type": "KML/XML"
      },
      "geometry": {
        "type": "Point",
        "coordinates": [
          11.6491666666667,
          32.0013888888889
        ]
      }
    },
    {
      "type": "Feature",
      "properties": {
        "id": 779,
        "name": "عين حيسان",
        "primary_category": "العيون الطبيعية",
        "all_categories": "العيون الطبيعية",
        "description": "",
        "folders": "Untitled layer",
        "source": "اطلس2026.xml",
        "origin": "أطلس ليبيا السياحي 2026",
        "status": "جاهز مبدئياً",
        "geometry_type": "Point",
        "coord_count": 1,
        "source_type": "KML/XML"
      },
      "geometry": {
        "type": "Point",
        "coordinates": [
          11.6517004,
          32.0002821
        ]
      }
    },
    {
      "type": "Feature",
      "properties": {
        "id": 780,
        "name": "عين خميم",
        "primary_category": "العيون الطبيعية",
        "all_categories": "العيون الطبيعية",
        "description": "",
        "folders": "Untitled layer",
        "source": "اطلس2026.xml",
        "origin": "أطلس ليبيا السياحي 2026",
        "status": "جاهز مبدئياً",
        "geometry_type": "Point",
        "coord_count": 1,
        "source_type": "KML/XML"
      },
      "geometry": {
        "type": "Point",
        "coordinates": [
          13.038015,
          32.2761236
        ]
      }
    },
    {
      "type": "Feature",
      "properties": {
        "id": 781,
        "name": "عين دباس",
        "primary_category": "العيون الطبيعية",
        "all_categories": "العيون الطبيعية",
        "description": "",
        "folders": "Untitled layer",
        "source": "اطلس2026.xml",
        "origin": "أطلس ليبيا السياحي 2026",
        "status": "جاهز مبدئياً",
        "geometry_type": "Point",
        "coord_count": 1,
        "source_type": "KML/XML"
      },
      "geometry": {
        "type": "Point",
        "coordinates": [
          11.3444781,
          32.0142258
        ]
      }
    },
    {
      "type": "Feature",
      "properties": {
        "id": 782,
        "name": "عين دريلة",
        "primary_category": "العيون الطبيعية",
        "all_categories": "العيون الطبيعية",
        "description": "",
        "folders": "Untitled layer",
        "source": "اطلس2026.xml",
        "origin": "أطلس ليبيا السياحي 2026",
        "status": "جاهز مبدئياً",
        "geometry_type": "Point",
        "coord_count": 1,
        "source_type": "KML/XML"
      },
      "geometry": {
        "type": "Point",
        "coordinates": [
          22.1588888888889,
          32.8677777777778
        ]
      }
    },
    {
      "type": "Feature",
      "properties": {
        "id": 783,
        "name": "عين دقيجة",
        "primary_category": "العيون الطبيعية",
        "all_categories": "العيون الطبيعية",
        "description": "",
        "folders": "Untitled layer",
        "source": "اطلس2026.xml",
        "origin": "أطلس ليبيا السياحي 2026",
        "status": "جاهز مبدئياً",
        "geometry_type": "Point",
        "coord_count": 1,
        "source_type": "KML/XML"
      },
      "geometry": {
        "type": "Point",
        "coordinates": [
          10.812489,
          31.902823
        ]
      }
    },
    {
      "type": "Feature",
      "properties": {
        "id": 784,
        "name": "عين دنون",
        "primary_category": "العيون الطبيعية",
        "all_categories": "العيون الطبيعية",
        "description": "",
        "folders": "Untitled layer",
        "source": "اطلس2026.xml",
        "origin": "أطلس ليبيا السياحي 2026",
        "status": "جاهز مبدئياً",
        "geometry_type": "Point",
        "coord_count": 1,
        "source_type": "KML/XML"
      },
      "geometry": {
        "type": "Point",
        "coordinates": [
          12.944212,
          32.1094872
        ]
      }
    },
    {
      "type": "Feature",
      "properties": {
        "id": 785,
        "name": "عين دوا أو عين كازيط",
        "primary_category": "العيون الطبيعية",
        "all_categories": "العيون الطبيعية",
        "description": "",
        "folders": "Untitled layer",
        "source": "اطلس2026.xml",
        "origin": "أطلس ليبيا السياحي 2026",
        "status": "جاهز مبدئياً",
        "geometry_type": "Point",
        "coord_count": 1,
        "source_type": "KML/XML"
      },
      "geometry": {
        "type": "Point",
        "coordinates": [
          24.8579407,
          21.813377
        ]
      }
    },
    {
      "type": "Feature",
      "properties": {
        "id": 786,
        "name": "عين دوغا",
        "primary_category": "العيون الطبيعية",
        "all_categories": "العيون الطبيعية",
        "description": "",
        "folders": "Untitled layer",
        "source": "اطلس2026.xml",
        "origin": "أطلس ليبيا السياحي 2026",
        "status": "جاهز مبدئياً",
        "geometry_type": "Point",
        "coord_count": 1,
        "source_type": "KML/XML"
      },
      "geometry": {
        "type": "Point",
        "coordinates": [
          13.70059,
          32.48835
        ]
      }
    },
    {
      "type": "Feature",
      "properties": {
        "id": 787,
        "name": "عين رأس الحليب",
        "primary_category": "العيون الطبيعية",
        "all_categories": "العيون الطبيعية",
        "description": "",
        "folders": "Untitled layer",
        "source": "اطلس2026.xml",
        "origin": "أطلس ليبيا السياحي 2026",
        "status": "جاهز مبدئياً",
        "geometry_type": "Point",
        "coord_count": 1,
        "source_type": "KML/XML"
      },
      "geometry": {
        "type": "Point",
        "coordinates": [
          22.0717478,
          32.9087394
        ]
      }
    },
    {
      "type": "Feature",
      "properties": {
        "id": 788,
        "name": "عين رأس الهلال",
        "primary_category": "العيون الطبيعية",
        "all_categories": "العيون الطبيعية",
        "description": "",
        "folders": "Untitled layer",
        "source": "اطلس2026.xml",
        "origin": "أطلس ليبيا السياحي 2026",
        "status": "جاهز مبدئياً",
        "geometry_type": "Point",
        "coord_count": 1,
        "source_type": "KML/XML"
      },
      "geometry": {
        "type": "Point",
        "coordinates": [
          22.1699277777777,
          32.8660472222222
        ]
      }
    },
    {
      "type": "Feature",
      "properties": {
        "id": 789,
        "name": "عين رامي",
        "primary_category": "العيون الطبيعية",
        "all_categories": "العيون الطبيعية",
        "description": "",
        "folders": "Untitled layer",
        "source": "اطلس2026.xml",
        "origin": "أطلس ليبيا السياحي 2026",
        "status": "جاهز مبدئياً",
        "geometry_type": "Point",
        "coord_count": 1,
        "source_type": "KML/XML"
      },
      "geometry": {
        "type": "Point",
        "coordinates": [
          14.0175853,
          27.4741599
        ]
      }
    },
    {
      "type": "Feature",
      "properties": {
        "id": 790,
        "name": "عين زواغة",
        "primary_category": "العيون الطبيعية",
        "all_categories": "العيون الطبيعية",
        "description": "",
        "folders": "Untitled layer",
        "source": "اطلس2026.xml",
        "origin": "أطلس ليبيا السياحي 2026",
        "status": "جاهز مبدئياً",
        "geometry_type": "Point",
        "coord_count": 1,
        "source_type": "KML/XML"
      },
      "geometry": {
        "type": "Point",
        "coordinates": [
          13.1622222222222,
          32.1561111111111
        ]
      }
    },
    {
      "type": "Feature",
      "properties": {
        "id": 791,
        "name": "عين زوية",
        "primary_category": "العيون الطبيعية",
        "all_categories": "العيون الطبيعية",
        "description": "",
        "folders": "Untitled layer",
        "source": "اطلس2026.xml",
        "origin": "أطلس ليبيا السياحي 2026",
        "status": "جاهز مبدئياً",
        "geometry_type": "Point",
        "coord_count": 1,
        "source_type": "KML/XML"
      },
      "geometry": {
        "type": "Point",
        "coordinates": [
          24.804039,
          21.8783853
        ]
      }
    },
    {
      "type": "Feature",
      "properties": {
        "id": 792,
        "name": "عين زيانة",
        "primary_category": "العيون الطبيعية",
        "all_categories": "العيون الطبيعية",
        "description": "عين زيانة FID 72 إسم_ا عين زيانة AREA 83.99 المسا المساحة=83.99هكتار Shape_Leng 7469.733585",
        "folders": "مناطق_التنمية_والاستثمار_السياحي",
        "source": "اطلس2026.xml",
        "origin": "أطلس ليبيا السياحي 2026",
        "status": "جاهز مبدئياً",
        "geometry_type": "Polygon",
        "coord_count": 173,
        "source_type": "KML/XML"
      },
      "geometry": {
        "type": "Point",
        "coordinates": [
          20.152961705202312,
          32.22640404624278
        ]
      }
    },
    {
      "type": "Feature",
      "properties": {
        "id": 793,
        "name": "عين سباق",
        "primary_category": "العيون الطبيعية",
        "all_categories": "العيون الطبيعية",
        "description": "",
        "folders": "Untitled layer",
        "source": "اطلس2026.xml",
        "origin": "أطلس ليبيا السياحي 2026",
        "status": "جاهز مبدئياً",
        "geometry_type": "Point",
        "coord_count": 1,
        "source_type": "KML/XML"
      },
      "geometry": {
        "type": "Point",
        "coordinates": [
          21.944176,
          32.711681
        ]
      }
    },
    {
      "type": "Feature",
      "properties": {
        "id": 794,
        "name": "عين سرسرة",
        "primary_category": "العيون الطبيعية",
        "all_categories": "العيون الطبيعية",
        "description": "",
        "folders": "Untitled layer",
        "source": "اطلس2026.xml",
        "origin": "أطلس ليبيا السياحي 2026",
        "status": "جاهز مبدئياً",
        "geometry_type": "Point",
        "coord_count": 1,
        "source_type": "KML/XML"
      },
      "geometry": {
        "type": "Point",
        "coordinates": [
          22.3880636,
          32.723921
        ]
      }
    },
    {
      "type": "Feature",
      "properties": {
        "id": 795,
        "name": "عين سيار",
        "primary_category": "العيون الطبيعية",
        "all_categories": "العيون الطبيعية",
        "description": "",
        "folders": "Untitled layer",
        "source": "اطلس2026.xml",
        "origin": "أطلس ليبيا السياحي 2026",
        "status": "جاهز مبدئياً",
        "geometry_type": "Point",
        "coord_count": 1,
        "source_type": "KML/XML"
      },
      "geometry": {
        "type": "Point",
        "coordinates": [
          13.0224125,
          32.2460993
        ]
      }
    },
    {
      "type": "Feature",
      "properties": {
        "id": 796,
        "name": "عين سيدي محمد",
        "primary_category": "العيون الطبيعية",
        "all_categories": "العيون الطبيعية",
        "description": "",
        "folders": "Untitled layer",
        "source": "اطلس2026.xml",
        "origin": "أطلس ليبيا السياحي 2026",
        "status": "جاهز مبدئياً",
        "geometry_type": "Point",
        "coord_count": 1,
        "source_type": "KML/XML"
      },
      "geometry": {
        "type": "Point",
        "coordinates": [
          20.045787,
          29.140018
        ]
      }
    },
    {
      "type": "Feature",
      "properties": {
        "id": 797,
        "name": "عين شعيب",
        "primary_category": "العيون الطبيعية",
        "all_categories": "العيون الطبيعية",
        "description": "",
        "folders": "Untitled layer",
        "source": "اطلس2026.xml",
        "origin": "أطلس ليبيا السياحي 2026",
        "status": "جاهز مبدئياً",
        "geometry_type": "Point",
        "coord_count": 1,
        "source_type": "KML/XML"
      },
      "geometry": {
        "type": "Point",
        "coordinates": [
          22.37863,
          32.7504912
        ]
      }
    },
    {
      "type": "Feature",
      "properties": {
        "id": 798,
        "name": "عين شوشان",
        "primary_category": "العيون الطبيعية",
        "all_categories": "العيون الطبيعية",
        "description": "",
        "folders": "Untitled layer",
        "source": "اطلس2026.xml",
        "origin": "أطلس ليبيا السياحي 2026",
        "status": "جاهز مبدئياً",
        "geometry_type": "Point",
        "coord_count": 1,
        "source_type": "KML/XML"
      },
      "geometry": {
        "type": "Point",
        "coordinates": [
          22.6496388888888,
          32.7287222222222
        ]
      }
    },
    {
      "type": "Feature",
      "properties": {
        "id": 799,
        "name": "عين صالحة أو عين الشلالة",
        "primary_category": "العيون الطبيعية",
        "all_categories": "العيون الطبيعية",
        "description": "",
        "folders": "Untitled layer",
        "source": "اطلس2026.xml",
        "origin": "أطلس ليبيا السياحي 2026",
        "status": "جاهز مبدئياً",
        "geometry_type": "Point",
        "coord_count": 1,
        "source_type": "KML/XML"
      },
      "geometry": {
        "type": "Point",
        "coordinates": [
          21.9072222222222,
          32.8163888888889
        ]
      }
    },
    {
      "type": "Feature",
      "properties": {
        "id": 800,
        "name": "عين عرق فاطمة",
        "primary_category": "العيون الطبيعية",
        "all_categories": "العيون الطبيعية",
        "description": "",
        "folders": "Untitled layer",
        "source": "اطلس2026.xml",
        "origin": "أطلس ليبيا السياحي 2026",
        "status": "جاهز مبدئياً",
        "geometry_type": "Point",
        "coord_count": 1,
        "source_type": "KML/XML"
      },
      "geometry": {
        "type": "Point",
        "coordinates": [
          18.9091666666667,
          30.1569444444444
        ]
      }
    },
    {
      "type": "Feature",
      "properties": {
        "id": 801,
        "name": "عين غريبة",
        "primary_category": "العيون الطبيعية",
        "all_categories": "العيون الطبيعية",
        "description": "",
        "folders": "Untitled layer",
        "source": "اطلس2026.xml",
        "origin": "أطلس ليبيا السياحي 2026",
        "status": "جاهز مبدئياً",
        "geometry_type": "Point",
        "coord_count": 1,
        "source_type": "KML/XML"
      },
      "geometry": {
        "type": "Point",
        "coordinates": [
          22.3444444444444,
          32.7888888888889
        ]
      }
    },
    {
      "type": "Feature",
      "properties": {
        "id": 802,
        "name": "عين فاسات",
        "primary_category": "العيون الطبيعية",
        "all_categories": "العيون الطبيعية",
        "description": "",
        "folders": "Untitled layer",
        "source": "اطلس2026.xml",
        "origin": "أطلس ليبيا السياحي 2026",
        "status": "جاهز مبدئياً",
        "geometry_type": "Point",
        "coord_count": 1,
        "source_type": "KML/XML"
      },
      "geometry": {
        "type": "Point",
        "coordinates": [
          12.5450425,
          32.1575
        ]
      }
    },
    {
      "type": "Feature",
      "properties": {
        "id": 803,
        "name": "عين فرانسا",
        "primary_category": "العيون الطبيعية",
        "all_categories": "العيون الطبيعية",
        "description": "",
        "folders": "Untitled layer",
        "source": "اطلس2026.xml",
        "origin": "أطلس ليبيا السياحي 2026",
        "status": "جاهز مبدئياً",
        "geometry_type": "Point",
        "coord_count": 1,
        "source_type": "KML/XML"
      },
      "geometry": {
        "type": "Point",
        "coordinates": [
          22.2470775,
          32.7459486
        ]
      }
    },
    {
      "type": "Feature",
      "properties": {
        "id": 804,
        "name": "عين قاو",
        "primary_category": "العيون الطبيعية",
        "all_categories": "العيون الطبيعية",
        "description": "",
        "folders": "Untitled layer",
        "source": "اطلس2026.xml",
        "origin": "أطلس ليبيا السياحي 2026",
        "status": "جاهز مبدئياً",
        "geometry_type": "Point",
        "coord_count": 1,
        "source_type": "KML/XML"
      },
      "geometry": {
        "type": "Point",
        "coordinates": [
          12.9441666666667,
          32.1091666666667
        ]
      }
    },
    {
      "type": "Feature",
      "properties": {
        "id": 805,
        "name": "عين قطة",
        "primary_category": "العيون الطبيعية",
        "all_categories": "العيون الطبيعية",
        "description": "",
        "folders": "Untitled layer",
        "source": "اطلس2026.xml",
        "origin": "أطلس ليبيا السياحي 2026",
        "status": "جاهز مبدئياً",
        "geometry_type": "Point",
        "coord_count": 1,
        "source_type": "KML/XML"
      },
      "geometry": {
        "type": "Point",
        "coordinates": [
          12.674495,
          32.009148
        ]
      }
    },
    {
      "type": "Feature",
      "properties": {
        "id": 806,
        "name": "عين قلو",
        "primary_category": "العيون الطبيعية",
        "all_categories": "العيون الطبيعية",
        "description": "",
        "folders": "Untitled layer",
        "source": "اطلس2026.xml",
        "origin": "أطلس ليبيا السياحي 2026",
        "status": "جاهز مبدئياً",
        "geometry_type": "Point",
        "coord_count": 1,
        "source_type": "KML/XML"
      },
      "geometry": {
        "type": "Point",
        "coordinates": [
          12.098611111111,
          31.9863888888889
        ]
      }
    },
    {
      "type": "Feature",
      "properties": {
        "id": 807,
        "name": "عين كرسة",
        "primary_category": "العيون الطبيعية",
        "all_categories": "العيون الطبيعية",
        "description": "",
        "folders": "Untitled layer",
        "source": "اطلس2026.xml",
        "origin": "أطلس ليبيا السياحي 2026",
        "status": "جاهز مبدئياً",
        "geometry_type": "Point",
        "coord_count": 1,
        "source_type": "KML/XML"
      },
      "geometry": {
        "type": "Point",
        "coordinates": [
          22.4166582,
          32.831244
        ]
      }
    },
    {
      "type": "Feature",
      "properties": {
        "id": 808,
        "name": "عين كعام",
        "primary_category": "العيون الطبيعية",
        "all_categories": "العيون الطبيعية",
        "description": "",
        "folders": "Untitled layer",
        "source": "اطلس2026.xml",
        "origin": "أطلس ليبيا السياحي 2026",
        "status": "جاهز مبدئياً",
        "geometry_type": "Point",
        "coord_count": 1,
        "source_type": "KML/XML"
      },
      "geometry": {
        "type": "Point",
        "coordinates": [
          14.4458198,
          32.5205458
        ]
      }
    },
    {
      "type": "Feature",
      "properties": {
        "id": 809,
        "name": "عين لالي",
        "primary_category": "العيون الطبيعية",
        "all_categories": "العيون الطبيعية",
        "description": "",
        "folders": "Untitled layer",
        "source": "اطلس2026.xml",
        "origin": "أطلس ليبيا السياحي 2026",
        "status": "جاهز مبدئياً",
        "geometry_type": "Point",
        "coord_count": 1,
        "source_type": "KML/XML"
      },
      "geometry": {
        "type": "Point",
        "coordinates": [
          21.9826984,
          32.7219352
        ]
      }
    },
    {
      "type": "Feature",
      "properties": {
        "id": 810,
        "name": "عين ماء",
        "primary_category": "العيون الطبيعية",
        "all_categories": "العيون الطبيعية؛ آبار وخزانات ومصادر مياه أخرى",
        "description": "",
        "folders": "Untitled layer",
        "source": "اطلس2026.xml",
        "origin": "أطلس ليبيا السياحي 2026",
        "status": "جاهز مبدئياً",
        "geometry_type": "Point",
        "coord_count": 1,
        "source_type": "KML/XML"
      },
      "geometry": {
        "type": "Point",
        "coordinates": [
          13.1468637,
          32.1885016
        ]
      }
    },
    {
      "type": "Feature",
      "properties": {
        "id": 811,
        "name": "عين ماء",
        "primary_category": "العيون الطبيعية",
        "all_categories": "العيون الطبيعية؛ آبار وخزانات ومصادر مياه أخرى",
        "description": "",
        "folders": "Untitled layer",
        "source": "اطلس2026.xml",
        "origin": "أطلس ليبيا السياحي 2026",
        "status": "جاهز مبدئياً",
        "geometry_type": "Point",
        "coord_count": 1,
        "source_type": "KML/XML"
      },
      "geometry": {
        "type": "Point",
        "coordinates": [
          13.1510604,
          32.1711812
        ]
      }
    },
    {
      "type": "Feature",
      "properties": {
        "id": 812,
        "name": "عين مارا",
        "primary_category": "العيون الطبيعية",
        "all_categories": "العيون الطبيعية",
        "description": "",
        "folders": "Untitled layer",
        "source": "اطلس2026.xml",
        "origin": "أطلس ليبيا السياحي 2026",
        "status": "جاهز مبدئياً",
        "geometry_type": "Point",
        "coord_count": 1,
        "source_type": "KML/XML"
      },
      "geometry": {
        "type": "Point",
        "coordinates": [
          22.3843861,
          32.7519829
        ]
      }
    },
    {
      "type": "Feature",
      "properties": {
        "id": 813,
        "name": "عين متلالة",
        "primary_category": "العيون الطبيعية",
        "all_categories": "العيون الطبيعية",
        "description": "",
        "folders": "Untitled layer",
        "source": "اطلس2026.xml",
        "origin": "أطلس ليبيا السياحي 2026",
        "status": "جاهز مبدئياً",
        "geometry_type": "Point",
        "coord_count": 1,
        "source_type": "KML/XML"
      },
      "geometry": {
        "type": "Point",
        "coordinates": [
          12.177326,
          31.9270581
        ]
      }
    },
    {
      "type": "Feature",
      "properties": {
        "id": 814,
        "name": "عين مدوين",
        "primary_category": "العيون الطبيعية",
        "all_categories": "العيون الطبيعية",
        "description": "",
        "folders": "Untitled layer",
        "source": "اطلس2026.xml",
        "origin": "أطلس ليبيا السياحي 2026",
        "status": "جاهز مبدئياً",
        "geometry_type": "Point",
        "coord_count": 1,
        "source_type": "KML/XML"
      },
      "geometry": {
        "type": "Point",
        "coordinates": [
          12.2319305555556,
          32.0327166666667
        ]
      }
    },
    {
      "type": "Feature",
      "properties": {
        "id": 815,
        "name": "عين مرزاق",
        "primary_category": "العيون الطبيعية",
        "all_categories": "العيون الطبيعية",
        "description": "",
        "folders": "Untitled layer",
        "source": "اطلس2026.xml",
        "origin": "أطلس ليبيا السياحي 2026",
        "status": "جاهز مبدئياً",
        "geometry_type": "Point",
        "coord_count": 1,
        "source_type": "KML/XML"
      },
      "geometry": {
        "type": "Point",
        "coordinates": [
          22.0313473,
          32.8178318
        ]
      }
    },
    {
      "type": "Feature",
      "properties": {
        "id": 816,
        "name": "عين مرقص",
        "primary_category": "العيون الطبيعية",
        "all_categories": "العيون الطبيعية",
        "description": "",
        "folders": "Untitled layer",
        "source": "اطلس2026.xml",
        "origin": "أطلس ليبيا السياحي 2026",
        "status": "جاهز مبدئياً",
        "geometry_type": "Point",
        "coord_count": 1,
        "source_type": "KML/XML"
      },
      "geometry": {
        "type": "Point",
        "coordinates": [
          22.2287028,
          32.8488151
        ]
      }
    },
    {
      "type": "Feature",
      "properties": {
        "id": 817,
        "name": "عين مزراق",
        "primary_category": "العيون الطبيعية",
        "all_categories": "العيون الطبيعية؛ آبار وخزانات ومصادر مياه أخرى",
        "description": "هبوط أرضي عمقه 120 متر، وعرضه 30 متراً مربعاً.. يوجد بها عين للماء، وكانت مقر تورد إليه القوافل للشرب وسقاية الحيوانات.",
        "folders": "Untitled layer",
        "source": "اطلس2026.xml",
        "origin": "أطلس ليبيا السياحي 2026",
        "status": "جاهز مبدئياً",
        "geometry_type": "Point",
        "coord_count": 1,
        "source_type": "KML/XML"
      },
      "geometry": {
        "type": "Point",
        "coordinates": [
          13.4572883,
          31.2648783
        ]
      }
    },
    {
      "type": "Feature",
      "properties": {
        "id": 818,
        "name": "عين مزيتن",
        "primary_category": "العيون الطبيعية",
        "all_categories": "العيون الطبيعية",
        "description": "",
        "folders": "Untitled layer",
        "source": "اطلس2026.xml",
        "origin": "أطلس ليبيا السياحي 2026",
        "status": "جاهز مبدئياً",
        "geometry_type": "Point",
        "coord_count": 1,
        "source_type": "KML/XML"
      },
      "geometry": {
        "type": "Point",
        "coordinates": [
          13.83621,
          32.631297
        ]
      }
    },
    {
      "type": "Feature",
      "properties": {
        "id": 819,
        "name": "عين مسة",
        "primary_category": "العيون الطبيعية",
        "all_categories": "العيون الطبيعية",
        "description": "",
        "folders": "Untitled layer",
        "source": "اطلس2026.xml",
        "origin": "أطلس ليبيا السياحي 2026",
        "status": "جاهز مبدئياً",
        "geometry_type": "Point",
        "coord_count": 1,
        "source_type": "KML/XML"
      },
      "geometry": {
        "type": "Point",
        "coordinates": [
          21.6180583333334,
          32.7572222222222
        ]
      }
    },
    {
      "type": "Feature",
      "properties": {
        "id": 820,
        "name": "عين مسلغين",
        "primary_category": "العيون الطبيعية",
        "all_categories": "العيون الطبيعية",
        "description": "",
        "folders": "Untitled layer",
        "source": "اطلس2026.xml",
        "origin": "أطلس ليبيا السياحي 2026",
        "status": "جاهز مبدئياً",
        "geometry_type": "Point",
        "coord_count": 1,
        "source_type": "KML/XML"
      },
      "geometry": {
        "type": "Point",
        "coordinates": [
          12.2230655,
          31.9541314
        ]
      }
    },
    {
      "type": "Feature",
      "properties": {
        "id": 821,
        "name": "عين مغار",
        "primary_category": "العيون الطبيعية",
        "all_categories": "العيون الطبيعية",
        "description": "",
        "folders": "Untitled layer",
        "source": "اطلس2026.xml",
        "origin": "أطلس ليبيا السياحي 2026",
        "status": "جاهز مبدئياً",
        "geometry_type": "Point",
        "coord_count": 1,
        "source_type": "KML/XML"
      },
      "geometry": {
        "type": "Point",
        "coordinates": [
          12.9743703,
          32.1550811
        ]
      }
    },
    {
      "type": "Feature",
      "properties": {
        "id": 822,
        "name": "عين مقه",
        "primary_category": "العيون الطبيعية",
        "all_categories": "العيون الطبيعية",
        "description": "",
        "folders": "Untitled layer",
        "source": "اطلس2026.xml",
        "origin": "أطلس ليبيا السياحي 2026",
        "status": "جاهز مبدئياً",
        "geometry_type": "Point",
        "coord_count": 1,
        "source_type": "KML/XML"
      },
      "geometry": {
        "type": "Point",
        "coordinates": [
          22.2677435,
          32.7166248
        ]
      }
    },
    {
      "type": "Feature",
      "properties": {
        "id": 823,
        "name": "عين مور",
        "primary_category": "العيون الطبيعية",
        "all_categories": "العيون الطبيعية",
        "description": "",
        "folders": "Untitled layer",
        "source": "اطلس2026.xml",
        "origin": "أطلس ليبيا السياحي 2026",
        "status": "جاهز مبدئياً",
        "geometry_type": "Point",
        "coord_count": 1,
        "source_type": "KML/XML"
      },
      "geometry": {
        "type": "Point",
        "coordinates": [
          24.62,
          22.2766666666667
        ]
      }
    },
    {
      "type": "Feature",
      "properties": {
        "id": 824,
        "name": "عين مياه طبيعية (بقيرة)",
        "primary_category": "العيون الطبيعية",
        "all_categories": "العيون الطبيعية؛ آبار وخزانات ومصادر مياه أخرى",
        "description": "",
        "folders": "Untitled layer",
        "source": "اطلس2026.xml",
        "origin": "أطلس ليبيا السياحي 2026",
        "status": "جاهز مبدئياً",
        "geometry_type": "Point",
        "coord_count": 1,
        "source_type": "KML/XML"
      },
      "geometry": {
        "type": "Point",
        "coordinates": [
          13.8257769,
          32.6260609
        ]
      }
    },
    {
      "type": "Feature",
      "properties": {
        "id": 825,
        "name": "عين ميمونة",
        "primary_category": "العيون الطبيعية",
        "all_categories": "العيون الطبيعية",
        "description": "",
        "folders": "Untitled layer",
        "source": "اطلس2026.xml",
        "origin": "أطلس ليبيا السياحي 2026",
        "status": "جاهز مبدئياً",
        "geometry_type": "Point",
        "coord_count": 1,
        "source_type": "KML/XML"
      },
      "geometry": {
        "type": "Point",
        "coordinates": [
          13.013682,
          32.1788662
        ]
      }
    },
    {
      "type": "Feature",
      "properties": {
        "id": 826,
        "name": "عين ناز",
        "primary_category": "العيون الطبيعية",
        "all_categories": "العيون الطبيعية",
        "description": "",
        "folders": "Untitled layer",
        "source": "اطلس2026.xml",
        "origin": "أطلس ليبيا السياحي 2026",
        "status": "جاهز مبدئياً",
        "geometry_type": "Point",
        "coord_count": 1,
        "source_type": "KML/XML"
      },
      "geometry": {
        "type": "Point",
        "coordinates": [
          13.0433142,
          32.2755011
        ]
      }
    },
    {
      "type": "Feature",
      "properties": {
        "id": 827,
        "name": "عين وردمة",
        "primary_category": "العيون الطبيعية",
        "all_categories": "العيون الطبيعية",
        "description": "",
        "folders": "Untitled layer",
        "source": "اطلس2026.xml",
        "origin": "أطلس ليبيا السياحي 2026",
        "status": "جاهز مبدئياً",
        "geometry_type": "Point",
        "coord_count": 1,
        "source_type": "KML/XML"
      },
      "geometry": {
        "type": "Point",
        "coordinates": [
          21.7849269,
          32.8034697
        ]
      }
    },
    {
      "type": "Feature",
      "properties": {
        "id": 828,
        "name": "عين ويف",
        "primary_category": "العيون الطبيعية",
        "all_categories": "العيون الطبيعية",
        "description": "",
        "folders": "Untitled layer",
        "source": "اطلس2026.xml",
        "origin": "أطلس ليبيا السياحي 2026",
        "status": "جاهز مبدئياً",
        "geometry_type": "Point",
        "coord_count": 1,
        "source_type": "KML/XML"
      },
      "geometry": {
        "type": "Point",
        "coordinates": [
          13.3691118,
          32.2403302
        ]
      }
    },
    {
      "type": "Feature",
      "properties": {
        "id": 829,
        "name": "عين ويف",
        "primary_category": "العيون الطبيعية",
        "all_categories": "العيون الطبيعية",
        "description": "",
        "folders": "Untitled layer",
        "source": "اطلس2026.xml",
        "origin": "أطلس ليبيا السياحي 2026",
        "status": "جاهز مبدئياً",
        "geometry_type": "Point",
        "coord_count": 1,
        "source_type": "KML/XML"
      },
      "geometry": {
        "type": "Point",
        "coordinates": [
          12.144,
          31.9603
        ]
      }
    },
    {
      "type": "Feature",
      "properties": {
        "id": 830,
        "name": "غابة عين الزاوية",
        "primary_category": "العيون الطبيعية",
        "all_categories": "العيون الطبيعية",
        "description": "",
        "folders": "Untitled layer",
        "source": "اطلس2026.xml",
        "origin": "أطلس ليبيا السياحي 2026",
        "status": "جاهز مبدئياً",
        "geometry_type": "Point",
        "coord_count": 1,
        "source_type": "KML/XML"
      },
      "geometry": {
        "type": "Point",
        "coordinates": [
          11.6705555555556,
          31.9944444444444
        ]
      }
    },
    {
      "type": "Feature",
      "properties": {
        "id": 831,
        "name": "غار تفوشيت",
        "primary_category": "العيون الطبيعية",
        "all_categories": "العيون الطبيعية؛ محميات وموائل الطيور المهاجرة؛ آبار وخزانات ومصادر مياه أخرى",
        "description": "يعتبر غار تفوشيت حديث نسبياً بالمقارنة مع مغارات أخرى بالمنطقة، حيث تم حفره سنة 1918 – 1919، واستغرق الحفر نحو سنة كاملة من قبل عائلة تفوشيت إحدى العائلات النالوتية، بإستخدام الفؤوس، وأقامت فيه العائلة إلى سنة 1924، فيما تم الاستيلاء على البيت من قبل قوات الاحتلال الإيطالي، ووظف كمستشفى لمعالجة المرضى من وباء الجدري الذي إنتشر خلال تلك الفترة، واستمر ولمدة عشر سنوات بنفس التوظيف، إلى أن أغلق المستشفى، وظل المكان مهجوراً إلى أن تمت تهيئته كفضاء لعرض للمقتنيات الشعبية، يفتح أبوابه أيام مهرجان الربيع السياحي بمدينة نالوت ويغلق باقي أيام السنة \" . يحوي الغار اليوم على 30 غرفة تمثل كامل تفاصيل الغار التقليدي، وقسم إلى على عدة أجنحة المعرض، منها جناح يضم الأدوات التقليدية المستخدمة في عمليات صيد الحيوانات والطيور البرية، ويتضمن الجناح الثاني معدات الزراعة التي استخدمت في فترات سابقة، إلى جانب جناح آخر يختص بعرض الصناعات التقليدية المختلفة والمقنيات الشعبية بمدينة نالوت، فضلا عن جناح الأكلات الشعبية، ويشتمل أحد الأجنحة على عروض تسجد الأفراح التقليدية والمناسبات الاجتماعية بكامل تفاصيلها، وكان للتاريخ الطبيعي بالمنطقة نصيب ضمن محتويات المتحف حيث خصص أحد الأجنحة لعرض المتحجرات من بقايا الهياكل العظمية للديناصورات المكتشفة بمحيط مدينة نالوت \". كما توجد بنالوت غابة للآشجار المتحجرة فى منطقة المالحة تحوى أشجار عملاقة يبلغ طولها الى مايقارب من عشرين متر. وحول المدينة توجد عدد من عيون المياه منها عين تالة وتونين وسركوكم وعيون الحيسان وتغليس، وعلى الطريق الجبلي الصاعد نحو نالوت توجد غابة وعين تالة.",
        "folders": "Untitled layer",
        "source": "اطلس2026.xml",
        "origin": "أطلس ليبيا السياحي 2026",
        "status": "جاهز مبدئياً",
        "geometry_type": "Point",
        "coord_count": 1,
        "source_type": "KML/XML"
      },
      "geometry": {
        "type": "Point",
        "coordinates": [
          10.9790701,
          31.8698064
        ]
      }
    },
    {
      "type": "Feature",
      "properties": {
        "id": 832,
        "name": "قلعة ام العبيد",
        "primary_category": "العيون الطبيعية",
        "all_categories": "العيون الطبيعية",
        "description": "قلعة ايطالية مهجورة، بالقرب من نبع جاف، تحيط بها مباني عثمانية.",
        "folders": "Untitled layer",
        "source": "اطلس2026.xml",
        "origin": "أطلس ليبيا السياحي 2026",
        "status": "جاهز مبدئياً",
        "geometry_type": "Point",
        "coord_count": 1,
        "source_type": "KML/XML"
      },
      "geometry": {
        "type": "Point",
        "coordinates": [
          15.0273444444445,
          27.5092527777778
        ]
      }
    },
    {
      "type": "Feature",
      "properties": {
        "id": 833,
        "name": "محمية الهيشة",
        "primary_category": "العيون الطبيعية",
        "all_categories": "العيون الطبيعية؛ السبخات والأراضي الرطبة؛ محميات وموائل الطيور المهاجرة؛ آبار وخزانات ومصادر مياه أخرى",
        "description": "تقع محمية الهيشة على مسافة 300 كيلومتر شرق مدينة طرابلس، وتتوزع أراضيها على مساحة 10 آلاف هكتار، بمافي ذلك 200 هكتار من لأراضي الرطبة، تنتشر عليها شبكة من السبخات المنبسطة التي تتخللها عيون المياه محدودة التدفق. ويغطي أغلب المحمية نباتات صحراوية معمرة، وبعض النباتات الموسمية، التي تعتمد كليا علي معدلات الأمطار السنوية، مثل الرتم، السويدا، الجل، العوسج، السدر، الأثل، القطف بأنواعه، السبط، الحلاب، الجداري، الزيتاء، الطلح، القصب. وتعتبر المحمية بيئة ملائمة للأحياء البرية، مثل غزال الدوركاس، والأغنام البرية (الودان)، وطائر الطاووس، النعام، الأيل الاوربي، بالإضافة إلى الاغنام والابل، والأرنب، ابن آوى، القنفذ، السلحفاة، وأفاعي الكوبرا، والورل، الثعبان الرملي، والأفعى القرناء. كما نفذ بالموقع برنامج تربية طيور السمان والبط والإوز بالمحمية، في حين تستقبل المحمية أسراب الطيور المهاجرة، والطيور المستوطنة بمافي ذلك الحباري، القطا، الغراب، صقر شاهين، البومة، الحداة، طائر أبو جراد، الباز الحوام، اللقلق.",
        "folders": "Untitled layer",
        "source": "اطلس2026.xml",
        "origin": "أطلس ليبيا السياحي 2026",
        "status": "جاهز مبدئياً",
        "geometry_type": "Point",
        "coord_count": 1,
        "source_type": "KML/XML"
      },
      "geometry": {
        "type": "Point",
        "coordinates": [
          15.3094482,
          31.6089489
        ]
      }
    },
    {
      "type": "Feature",
      "properties": {
        "id": 834,
        "name": "مستشفى عين مارة",
        "primary_category": "العيون الطبيعية",
        "all_categories": "العيون الطبيعية",
        "description": "",
        "folders": "Untitled layer",
        "source": "اطلس2026.xml",
        "origin": "أطلس ليبيا السياحي 2026",
        "status": "جاهز مبدئياً",
        "geometry_type": "Point",
        "coord_count": 1,
        "source_type": "KML/XML"
      },
      "geometry": {
        "type": "Point",
        "coordinates": [
          22.3879812,
          32.7494853
        ]
      }
    },
    {
      "type": "Feature",
      "properties": {
        "id": 835,
        "name": "منتزه الشرشارة الوطني",
        "primary_category": "العيون الطبيعية",
        "all_categories": "العيون الطبيعية؛ آبار وخزانات ومصادر مياه أخرى",
        "description": "يتربع منتزه عين الشرشارة على مساحة 128 هكتار، ويحتوي الموقع على عين ومجري للمياه، وموقع أثري، يشمل مبنى محصن، وفرن للفخار، إلى جانب غطاء نباتي من أشجار الصنوبر الحلبي.",
        "folders": "Untitled layer",
        "source": "اطلس2026.xml",
        "origin": "أطلس ليبيا السياحي 2026",
        "status": "جاهز مبدئياً",
        "geometry_type": "Point",
        "coord_count": 1,
        "source_type": "KML/XML"
      },
      "geometry": {
        "type": "Point",
        "coordinates": [
          13.6197853,
          32.4711382
        ]
      }
    },
    {
      "type": "Feature",
      "properties": {
        "id": 836,
        "name": "منطقة عين ويف",
        "primary_category": "العيون الطبيعية",
        "all_categories": "العيون الطبيعية",
        "description": "",
        "folders": "Untitled layer",
        "source": "اطلس2026.xml",
        "origin": "أطلس ليبيا السياحي 2026",
        "status": "جاهز مبدئياً",
        "geometry_type": "Point",
        "coord_count": 1,
        "source_type": "KML/XML"
      },
      "geometry": {
        "type": "Point",
        "coordinates": [
          13.371038,
          32.2433341
        ]
      }
    },
    {
      "type": "Feature",
      "properties": {
        "id": 837,
        "name": "نبع أبولو",
        "primary_category": "العيون الطبيعية",
        "all_categories": "العيون الطبيعية",
        "description": "",
        "folders": "Untitled layer",
        "source": "اطلس2026.xml",
        "origin": "أطلس ليبيا السياحي 2026",
        "status": "جاهز مبدئياً",
        "geometry_type": "Point",
        "coord_count": 1,
        "source_type": "KML/XML"
      },
      "geometry": {
        "type": "Point",
        "coordinates": [
          21.8525,
          32.82302
        ]
      }
    },
    {
      "type": "Feature",
      "properties": {
        "id": 838,
        "name": "نبع فوار الخادم",
        "primary_category": "العيون الطبيعية",
        "all_categories": "العيون الطبيعية؛ الفوارات والمياه الكبريتية والحمامات",
        "description": "",
        "folders": "Untitled layer",
        "source": "اطلس2026.xml",
        "origin": "أطلس ليبيا السياحي 2026",
        "status": "جاهز مبدئياً",
        "geometry_type": "Point",
        "coord_count": 1,
        "source_type": "KML/XML"
      },
      "geometry": {
        "type": "Point",
        "coordinates": [
          14.2776169,
          31.5124843
        ]
      }
    },
    {
      "type": "Feature",
      "properties": {
        "id": 839,
        "name": "نبع ماء",
        "primary_category": "العيون الطبيعية",
        "all_categories": "العيون الطبيعية؛ آبار وخزانات ومصادر مياه أخرى",
        "description": "",
        "folders": "Untitled layer",
        "source": "اطلس2026.xml",
        "origin": "أطلس ليبيا السياحي 2026",
        "status": "جاهز مبدئياً",
        "geometry_type": "Point",
        "coord_count": 1,
        "source_type": "KML/XML"
      },
      "geometry": {
        "type": "Point",
        "coordinates": [
          11.7158333333333,
          31.9275
        ]
      }
    },
    {
      "type": "Feature",
      "properties": {
        "id": 840,
        "name": "أمانج",
        "primary_category": "الفوارات والمياه الكبريتية والحمامات",
        "all_categories": "الفوارات والمياه الكبريتية والحمامات؛ آبار وخزانات ومصادر مياه أخرى",
        "description": "القصر المرتفع حسب اللغة المحلية، وهو عبارة عن تجمع سكني يقع وسط المزارع، ويضم عدد من المنازل، ومسجد، و وحمام بخاري تركي، وميدان أمي نلمودوجرسان، ويعتبر الموقع مركز صناعي مهم، وحيوي، وتشير إلى ذلك ربط المجمع بثلاث قنوات للمياه التي تصب من العيون الرئيسية في المدينة.",
        "folders": "Untitled layer",
        "source": "اطلس2026.xml",
        "origin": "أطلس ليبيا السياحي 2026",
        "status": "جاهز مبدئياً",
        "geometry_type": "Point",
        "coord_count": 1,
        "source_type": "KML/XML"
      },
      "geometry": {
        "type": "Point",
        "coordinates": [
          9.5003146,
          30.1346333
        ]
      }
    },
    {
      "type": "Feature",
      "properties": {
        "id": 841,
        "name": "الحمام التركي",
        "primary_category": "الفوارات والمياه الكبريتية والحمامات",
        "all_categories": "الفوارات والمياه الكبريتية والحمامات",
        "description": "",
        "folders": "Untitled layer",
        "source": "اطلس2026.xml",
        "origin": "أطلس ليبيا السياحي 2026",
        "status": "جاهز مبدئياً",
        "geometry_type": "Point",
        "coord_count": 1,
        "source_type": "KML/XML"
      },
      "geometry": {
        "type": "Point",
        "coordinates": [
          9.5002408,
          30.1346334
        ]
      }
    },
    {
      "type": "Feature",
      "properties": {
        "id": 842,
        "name": "الحمامات الأغريقية",
        "primary_category": "الفوارات والمياه الكبريتية والحمامات",
        "all_categories": "الفوارات والمياه الكبريتية والحمامات",
        "description": "",
        "folders": "Untitled layer",
        "source": "اطلس2026.xml",
        "origin": "أطلس ليبيا السياحي 2026",
        "status": "جاهز مبدئياً",
        "geometry_type": "Point",
        "coord_count": 1,
        "source_type": "KML/XML"
      },
      "geometry": {
        "type": "Point",
        "coordinates": [
          21.8544831,
          32.8222095
        ]
      }
    },
    {
      "type": "Feature",
      "properties": {
        "id": 843,
        "name": "الحمامات الشرقية",
        "primary_category": "الفوارات والمياه الكبريتية والحمامات",
        "all_categories": "الفوارات والمياه الكبريتية والحمامات",
        "description": "",
        "folders": "Untitled layer",
        "source": "اطلس2026.xml",
        "origin": "أطلس ليبيا السياحي 2026",
        "status": "جاهز مبدئياً",
        "geometry_type": "Point",
        "coord_count": 1,
        "source_type": "KML/XML"
      },
      "geometry": {
        "type": "Point",
        "coordinates": [
          14.3010798,
          32.6363098
        ]
      }
    },
    {
      "type": "Feature",
      "properties": {
        "id": 844,
        "name": "الحمامات العامة",
        "primary_category": "الفوارات والمياه الكبريتية والحمامات",
        "all_categories": "الفوارات والمياه الكبريتية والحمامات",
        "description": "",
        "folders": "Untitled layer",
        "source": "اطلس2026.xml",
        "origin": "أطلس ليبيا السياحي 2026",
        "status": "جاهز مبدئياً",
        "geometry_type": "Point",
        "coord_count": 1,
        "source_type": "KML/XML"
      },
      "geometry": {
        "type": "Point",
        "coordinates": [
          20.9515388,
          32.709831
        ]
      }
    },
    {
      "type": "Feature",
      "properties": {
        "id": 845,
        "name": "الحمامة",
        "primary_category": "الفوارات والمياه الكبريتية والحمامات",
        "all_categories": "الفوارات والمياه الكبريتية والحمامات",
        "description": "الحمامة",
        "folders": "Untitled layer",
        "source": "اطلس2026.xml",
        "origin": "أطلس ليبيا السياحي 2026",
        "status": "جاهز مبدئياً",
        "geometry_type": "Point",
        "coord_count": 1,
        "source_type": "KML/XML"
      },
      "geometry": {
        "type": "Point",
        "coordinates": [
          21.6315222,
          32.9076586
        ]
      }
    },
    {
      "type": "Feature",
      "properties": {
        "id": 846,
        "name": "الحمامة",
        "primary_category": "الفوارات والمياه الكبريتية والحمامات",
        "all_categories": "الفوارات والمياه الكبريتية والحمامات",
        "description": "الحمامة FID 79 إسم_ا الحمامة AREA 13.24 المسا المساحة=13.23هكتار Shape_Leng 2549.421025",
        "folders": "مناطق_التنمية_والاستثمار_السياحي",
        "source": "اطلس2026.xml",
        "origin": "أطلس ليبيا السياحي 2026",
        "status": "جاهز مبدئياً",
        "geometry_type": "Polygon",
        "coord_count": 1173,
        "source_type": "KML/XML"
      },
      "geometry": {
        "type": "Point",
        "coordinates": [
          21.631779108269395,
          32.925385988917306
        ]
      }
    },
    {
      "type": "Feature",
      "properties": {
        "id": 847,
        "name": "الفوار",
        "primary_category": "الفوارات والمياه الكبريتية والحمامات",
        "all_categories": "الفوارات والمياه الكبريتية والحمامات",
        "description": "الفوار FID 42 إسم_ا الفوار AREA 51.08 المسا المساحة=51.08هكتار Shape_Leng 3946.826293",
        "folders": "مناطق_التنمية_والاستثمار_السياحي",
        "source": "اطلس2026.xml",
        "origin": "أطلس ليبيا السياحي 2026",
        "status": "جاهز مبدئياً",
        "geometry_type": "Polygon",
        "coord_count": 703,
        "source_type": "KML/XML"
      },
      "geometry": {
        "type": "Point",
        "coordinates": [
          13.314980372688478,
          32.89998023897582
        ]
      }
    },
    {
      "type": "Feature",
      "properties": {
        "id": 848,
        "name": "الفوار الكبريتي",
        "primary_category": "الفوارات والمياه الكبريتية والحمامات",
        "all_categories": "الفوارات والمياه الكبريتية والحمامات",
        "description": "",
        "folders": "Untitled layer",
        "source": "اطلس2026.xml",
        "origin": "أطلس ليبيا السياحي 2026",
        "status": "جاهز مبدئياً",
        "geometry_type": "Point",
        "coord_count": 1,
        "source_type": "KML/XML"
      },
      "geometry": {
        "type": "Point",
        "coordinates": [
          21.0529073,
          26.3757502
        ]
      }
    },
    {
      "type": "Feature",
      "properties": {
        "id": 849,
        "name": "جزيرة المعيقل أو الحمام - بسيس",
        "primary_category": "الفوارات والمياه الكبريتية والحمامات",
        "all_categories": "الفوارات والمياه الكبريتية والحمامات",
        "description": "وهي عبارة عن صخرة مستطيلة الشكل، ترتفع عشرات الأمتار فوق مستوى سطح البحر، وتبلغ مساحتها نحو 600 متر مربع.",
        "folders": "Untitled layer",
        "source": "اطلس2026.xml",
        "origin": "أطلس ليبيا السياحي 2026",
        "status": "جاهز مبدئياً",
        "geometry_type": "Point",
        "coord_count": 1,
        "source_type": "KML/XML"
      },
      "geometry": {
        "type": "Point",
        "coordinates": [
          13.9948386,
          32.7451385
        ]
      }
    },
    {
      "type": "Feature",
      "properties": {
        "id": 850,
        "name": "حقفة الحمام",
        "primary_category": "الفوارات والمياه الكبريتية والحمامات",
        "all_categories": "الفوارات والمياه الكبريتية والحمامات",
        "description": "",
        "folders": "Untitled layer",
        "source": "اطلس2026.xml",
        "origin": "أطلس ليبيا السياحي 2026",
        "status": "جاهز مبدئياً",
        "geometry_type": "Point",
        "coord_count": 1,
        "source_type": "KML/XML"
      },
      "geometry": {
        "type": "Point",
        "coordinates": [
          22.2012609,
          32.8792628
        ]
      }
    },
    {
      "type": "Feature",
      "properties": {
        "id": 851,
        "name": "حقفة الحمام",
        "primary_category": "الفوارات والمياه الكبريتية والحمامات",
        "all_categories": "الفوارات والمياه الكبريتية والحمامات",
        "description": "",
        "folders": "Untitled layer",
        "source": "اطلس2026.xml",
        "origin": "أطلس ليبيا السياحي 2026",
        "status": "جاهز مبدئياً",
        "geometry_type": "Point",
        "coord_count": 1,
        "source_type": "KML/XML"
      },
      "geometry": {
        "type": "Point",
        "coordinates": [
          14.118409,
          32.716936
        ]
      }
    },
    {
      "type": "Feature",
      "properties": {
        "id": 852,
        "name": "حقفة الحمام",
        "primary_category": "الفوارات والمياه الكبريتية والحمامات",
        "all_categories": "الفوارات والمياه الكبريتية والحمامات",
        "description": "كهف بحري",
        "folders": "Untitled layer",
        "source": "اطلس2026.xml",
        "origin": "أطلس ليبيا السياحي 2026",
        "status": "جاهز مبدئياً",
        "geometry_type": "Point",
        "coord_count": 1,
        "source_type": "KML/XML"
      },
      "geometry": {
        "type": "Point",
        "coordinates": [
          22.1677227,
          32.9089036
        ]
      }
    },
    {
      "type": "Feature",
      "properties": {
        "id": 853,
        "name": "حمام البئر الساخن",
        "primary_category": "الفوارات والمياه الكبريتية والحمامات",
        "all_categories": "مواقع السياحة الاستشفائية؛ الفوارات/الحمامات/البحيرات",
        "description": "موقع مستخرج من وثائق السياحة الاستشفائية والفوارات",
        "folders": "وثائق السياحة الاستشفائية / الفوارات",
        "source": "الفوارات.docx",
        "origin": "وثائق داعمة 2025-2026",
        "status": "مستخرج من وثائق داعمة - يحتاج اعتماد إحداثيات",
        "geometry_type": "Point",
        "coord_count": 1,
        "source_type": "DOCX"
      },
      "geometry": {
        "type": "Point",
        "coordinates": [
          10.25588,
          25.17864
        ]
      }
    },
    {
      "type": "Feature",
      "properties": {
        "id": 854,
        "name": "حمام الجبيبينة العسة",
        "primary_category": "الفوارات والمياه الكبريتية والحمامات",
        "all_categories": "مواقع السياحة الاستشفائية؛ الفوارات/الحمامات/البحيرات",
        "description": "موقع مستخرج من وثائق السياحة الاستشفائية والفوارات",
        "folders": "وثائق السياحة الاستشفائية / الفوارات",
        "source": "الفوارات.docx",
        "origin": "وثائق داعمة 2025-2026",
        "status": "مستخرج من وثائق داعمة - يحتاج اعتماد إحداثيات",
        "geometry_type": "Point",
        "coord_count": 1,
        "source_type": "DOCX"
      },
      "geometry": {
        "type": "Point",
        "coordinates": [
          11.71286,
          32.88871
        ]
      }
    },
    {
      "type": "Feature",
      "properties": {
        "id": 855,
        "name": "حمام الزلفة نينا",
        "primary_category": "الفوارات والمياه الكبريتية والحمامات",
        "all_categories": "مواقع السياحة الاستشفائية؛ الفوارات/الحمامات/البحيرات",
        "description": "موقع مستخرج من وثائق السياحة الاستشفائية والفوارات",
        "folders": "وثائق السياحة الاستشفائية / الفوارات",
        "source": "الفوارات.docx",
        "origin": "وثائق داعمة 2025-2026",
        "status": "مستخرج من وثائق داعمة - يحتاج اعتماد إحداثيات",
        "geometry_type": "Point",
        "coord_count": 1,
        "source_type": "DOCX"
      },
      "geometry": {
        "type": "Point",
        "coordinates": [
          15.2554822,
          29.862589
        ]
      }
    },
    {
      "type": "Feature",
      "properties": {
        "id": 856,
        "name": "حمام العجيلات",
        "primary_category": "الفوارات والمياه الكبريتية والحمامات",
        "all_categories": "مواقع السياحة الاستشفائية؛ الفوارات/الحمامات/البحيرات",
        "description": "موقع مستخرج من وثائق السياحة الاستشفائية والفوارات",
        "folders": "وثائق السياحة الاستشفائية / الفوارات",
        "source": "الفوارات.docx",
        "origin": "وثائق داعمة 2025-2026",
        "status": "مستخرج من وثائق داعمة - يحتاج اعتماد إحداثيات",
        "geometry_type": "Point",
        "coord_count": 1,
        "source_type": "DOCX"
      },
      "geometry": {
        "type": "Point",
        "coordinates": [
          12.39477,
          32.731286
        ]
      }
    },
    {
      "type": "Feature",
      "properties": {
        "id": 857,
        "name": "حمام العجيلات السياحي",
        "primary_category": "الفوارات والمياه الكبريتية والحمامات",
        "all_categories": "الفوارات والمياه الكبريتية والحمامات؛ آبار وخزانات ومصادر مياه أخرى",
        "description": "ﻣﺸﺮﻭﻉ ﻗﺎﺋﻢ ﻋﻠﻲ ﻣﺴﺎﺣﺔ 8 ﻫـﻜـﺘـﺎﺭﺍﺕ ﻭﻳــﺤــﺘــﻮﻱ ﻋـﻠـﻲ ﺑـﺌـﺮ ﻟﻠـﻤـﻴـﺎﻩ ﺍﻟـﻜـﺒـﺮﻳـﺘـﻴـﺔ ﻭﻗـﺴـﻢ ﻟﻠـﻌـﻼﺝ ﺍﻟـﻄـﺒـﻴـﻌـﻲ ﻭﻗــﺮﻳــﺔ ﺳــﻜــﻨــﻴــﺔ ﻣــﺘــﻜـﺎﻣـﻠـــﺓ ﺍﻟـﻤـﺮﺍﻓـﻖ ﻭﺣﺪﻳﻘﺔ ﻭﻣﻘﻬﻰ ﻭﻣﻠﻌﺐ ﻛﺮﺓ ﻗﺪﻡ ﻣﻌﺸﺐ ﺻﻨﺎﻋﻴﺎ ﻭﻣﻘﻬﻰ ﺳﻴﺎﺣﻲ ﻭﻣﺴﺠﺪ ﻭﻣﺨﺎﺯﻥ ﻭﺻﻴﺪﻟﺔ ﻭﻣﺒﻨﻲ ﺇﺩﺍﺭﻱ. يقدم حمام العجيلات السياحي خدمات طبية متميزة في مجال العلاج الطبيعي، باستخدام مياه كبريتية طبيعية، تحتوي على عديد العناصر الكيميائية، التي تساهم في الشفاء من عدة أمراض، كما يتيح المركز عدة أنواع من العلاج الطبيعي ، بمافي ذلك العلاج بالشمع والكمادات، والعلاج الحركي، وعلاج الشد، والعلاج بالموجات فوق الصوتية، والعلاج الحراري، والعلاج بالثلج والكهرباء. ويتوفر بالحمام 89 وحدة سكنية مقسمة إلى ثلاث أقسام، يشمل الأول 21 وحدة سكنية متوسط مساحة، في حين يحتوي القاطع الثاني على 38 وحدة سكنية، ويبلغ عدد وحدات القاطع الثالث 30 وحدة سكنية. وتصنف مياه الحمام كمياه حرارية حمضية، تحتوي على مركبات تساعد على علاج عديد الأمراض، مثل أمراض الروماتيزيوم، والعظام وآلام الظهر، والأعصاب وحالات التوتر العصبي، والأمراض المرتبطة بالدورة الدموية، والمضاعفات الناجمة عن الجلطات الدموية. كما توجد بالمركز عيادات متخصصة في العلاج الطبيعي للعظام، مزودة بالأجهزة الطبية كجهاز تنبيه الأعصاب، وأجهزة الموجات فوق الصوتية، الموجات الدقيقة، والموجات القصيرة و الأشعة فوق البنفسجية، والأشعة تحت الحمراء، إضافة إلى جهاز شد، وجهاز التيار المنقطع، وجهاز تدليك كهربائي هزاز، و جهاز الكمادات الساخنة، والكمادات الباردة وجهاز شمع البرافين، وجهاز سير متحرك، وجهاز تقوية الكتفين، وآخر لتقوية اليدين والرجلين. وتتوزع المرافق والعيادات العلاجية على مساحة 1750 متر مربع، وتنقسم إلى قسمين أحدها للرجال، والآخر للنساء مجهزين بأحدث الأجهزة الخاصة بالعلاج الطبيعي مع وجود حوضين للمياه كبيرين، خصص أحدهما للرجال، ويوجد به حوض للمياه الكبريتية يسع 150 متر مربع من المياه الكبريتية، ويحتوي على وحدة للعلاج الكهربائي والحراري، ووحدة للعلاج الحركي، ووحدة للعلاج بالشمع، فضلاً عن وحدة للعلاج بالكمادات الباردة والساخنة، وصالة انتظار، ويحتوي القسم المخصص للنساء على حوض يسع حوالي 50 متر مربع من المياه الكبريتية، إضافة الى نفس الوحدات العلاجية الموجودة بقسم الرجال كما يوجد بالقسمين ثمانية أحواض فردية للمياه الكبريتية بواقع أربعة أحواض بكل قسم. كما يتميز المركز بوفرة المياه الكبريتية الحرارية الحمضية والتي بها نسبة كبيرة من الأملاح المذابة ، وتؤكد التحليلات التي أجريت على هذه المياه إلى أنها خالية من التلوث وذات نقاوة من الناحية البكترولوجية ويبلغ الأس الهيدروجيني bh 7.96 وتحتوى المياه الكبريتية على المركبات التالية :الكالسيوم والماغنسيوم والصوديوم والبوتاسيوم وبكربونات وكلوريدات وكبريتات ونترات بنسب متوازنة.",
        "folders": "Untitled layer",
        "source": "اطلس2026.xml",
        "origin": "أطلس ليبيا السياحي 2026",
        "status": "جاهز مبدئياً",
        "geometry_type": "Point",
        "coord_count": 1,
        "source_type": "KML/XML"
      },
      "geometry": {
        "type": "Point",
        "coordinates": [
          12.3947222222222,
          32.7316666666667
        ]
      }
    },
    {
      "type": "Feature",
      "properties": {
        "id": 858,
        "name": "حمام العسة الكبريتي",
        "primary_category": "الفوارات والمياه الكبريتية والحمامات",
        "all_categories": "الفوارات والمياه الكبريتية والحمامات؛ آبار وخزانات ومصادر مياه أخرى",
        "description": "يقع المركز فى منطقة العسة التي تبعد حوالي 40 كم _ من مدينة زواره .. وتعتبر المياه الكبريتية بالمركز ذات جودة عالية ، لتداوى بها والاستشفاء ، وتبلغ درجة حرارتها 40-50 درجة مئوية . وتوجد عدة أملاح ذائبة أملاح الكبريت وأملاح الكلوريد، بدرجة التوصيل الكهربائي 7672 مكر وموز / سم . ويبلغ عمق البئر من 904 إلى 1549 متر . بسعة إنتاجية للبئر 221 م مكعب فى الساعة أرتوازى بتدفق انسيابي . كما تم تنفيذ المرحلة الأولى من مشروع إقامة عشرون وحدة إيوائية، ومكتبية متكاملة، وذلك من خطة مستهدفة للمشروع 100 وحدة سكنية .",
        "folders": "Untitled layer",
        "source": "اطلس2026.xml",
        "origin": "أطلس ليبيا السياحي 2026",
        "status": "جاهز مبدئياً",
        "geometry_type": "Point",
        "coord_count": 1,
        "source_type": "KML/XML"
      },
      "geometry": {
        "type": "Point",
        "coordinates": [
          11.7128634000001,
          32.8887104
        ]
      }
    },
    {
      "type": "Feature",
      "properties": {
        "id": 859,
        "name": "حمام النسي",
        "primary_category": "الفوارات والمياه الكبريتية والحمامات",
        "all_categories": "الفوارات والمياه الكبريتية والحمامات",
        "description": "",
        "folders": "Untitled layer",
        "source": "اطلس2026.xml",
        "origin": "أطلس ليبيا السياحي 2026",
        "status": "جاهز مبدئياً",
        "geometry_type": "Point",
        "coord_count": 1,
        "source_type": "KML/XML"
      },
      "geometry": {
        "type": "Point",
        "coordinates": [
          13.1788355,
          32.8949686
        ]
      }
    },
    {
      "type": "Feature",
      "properties": {
        "id": 860,
        "name": "حمام بدر",
        "primary_category": "الفوارات والمياه الكبريتية والحمامات",
        "all_categories": "مواقع السياحة الاستشفائية؛ الفوارات/الحمامات/البحيرات",
        "description": "موقع مستخرج من وثائق السياحة الاستشفائية والفوارات",
        "folders": "وثائق السياحة الاستشفائية / الفوارات",
        "source": "الفوارات.docx",
        "origin": "وثائق داعمة 2025-2026",
        "status": "مستخرج من وثائق داعمة - يحتاج اعتماد إحداثيات",
        "geometry_type": "Point",
        "coord_count": 1,
        "source_type": "DOCX"
      },
      "geometry": {
        "type": "Point",
        "coordinates": [
          11.60317,
          32.09418
        ]
      }
    },
    {
      "type": "Feature",
      "properties": {
        "id": 861,
        "name": "حمام بدر الكبريتي",
        "primary_category": "الفوارات والمياه الكبريتية والحمامات",
        "all_categories": "الفوارات والمياه الكبريتية والحمامات",
        "description": "",
        "folders": "Untitled layer",
        "source": "اطلس2026.xml",
        "origin": "أطلس ليبيا السياحي 2026",
        "status": "جاهز مبدئياً",
        "geometry_type": "Point",
        "coord_count": 1,
        "source_type": "KML/XML"
      },
      "geometry": {
        "type": "Point",
        "coordinates": [
          11.6031787,
          32.0941818
        ]
      }
    },
    {
      "type": "Feature",
      "properties": {
        "id": 862,
        "name": "حمام درغوث",
        "primary_category": "الفوارات والمياه الكبريتية والحمامات",
        "all_categories": "الفوارات والمياه الكبريتية والحمامات",
        "description": "",
        "folders": "Untitled layer",
        "source": "اطلس2026.xml",
        "origin": "أطلس ليبيا السياحي 2026",
        "status": "جاهز مبدئياً",
        "geometry_type": "Point",
        "coord_count": 1,
        "source_type": "KML/XML"
      },
      "geometry": {
        "type": "Point",
        "coordinates": [
          13.1771269,
          32.8985539
        ]
      }
    },
    {
      "type": "Feature",
      "properties": {
        "id": 863,
        "name": "حمامات السود",
        "primary_category": "الفوارات والمياه الكبريتية والحمامات",
        "all_categories": "الفوارات والمياه الكبريتية والحمامات",
        "description": "",
        "folders": "Untitled layer",
        "source": "اطلس2026.xml",
        "origin": "أطلس ليبيا السياحي 2026",
        "status": "جاهز مبدئياً",
        "geometry_type": "Point",
        "coord_count": 1,
        "source_type": "KML/XML"
      },
      "geometry": {
        "type": "Point",
        "coordinates": [
          16.0277241,
          29.1000055
        ]
      }
    },
    {
      "type": "Feature",
      "properties": {
        "id": 864,
        "name": "حمامات الصيد",
        "primary_category": "الفوارات والمياه الكبريتية والحمامات",
        "all_categories": "الفوارات والمياه الكبريتية والحمامات",
        "description": "",
        "folders": "Untitled layer",
        "source": "اطلس2026.xml",
        "origin": "أطلس ليبيا السياحي 2026",
        "status": "جاهز مبدئياً",
        "geometry_type": "Point",
        "coord_count": 1,
        "source_type": "KML/XML"
      },
      "geometry": {
        "type": "Point",
        "coordinates": [
          14.2859977,
          32.641254
        ]
      }
    },
    {
      "type": "Feature",
      "properties": {
        "id": 865,
        "name": "حمامات المسرح",
        "primary_category": "الفوارات والمياه الكبريتية والحمامات",
        "all_categories": "الفوارات والمياه الكبريتية والحمامات",
        "description": "",
        "folders": "Untitled layer",
        "source": "اطلس2026.xml",
        "origin": "أطلس ليبيا السياحي 2026",
        "status": "جاهز مبدئياً",
        "geometry_type": "Point",
        "coord_count": 1,
        "source_type": "KML/XML"
      },
      "geometry": {
        "type": "Point",
        "coordinates": [
          12.4844438,
          32.8063309
        ]
      }
    },
    {
      "type": "Feature",
      "properties": {
        "id": 866,
        "name": "حمامات اوقيانوس",
        "primary_category": "الفوارات والمياه الكبريتية والحمامات",
        "all_categories": "الفوارات والمياه الكبريتية والحمامات",
        "description": "",
        "folders": "Untitled layer",
        "source": "اطلس2026.xml",
        "origin": "أطلس ليبيا السياحي 2026",
        "status": "جاهز مبدئياً",
        "geometry_type": "Point",
        "coord_count": 1,
        "source_type": "KML/XML"
      },
      "geometry": {
        "type": "Point",
        "coordinates": [
          12.4865735,
          32.807697
        ]
      }
    },
    {
      "type": "Feature",
      "properties": {
        "id": 867,
        "name": "حمامات على البحر",
        "primary_category": "الفوارات والمياه الكبريتية والحمامات",
        "all_categories": "الفوارات والمياه الكبريتية والحمامات",
        "description": "",
        "folders": "Untitled layer",
        "source": "اطلس2026.xml",
        "origin": "أطلس ليبيا السياحي 2026",
        "status": "جاهز مبدئياً",
        "geometry_type": "Point",
        "coord_count": 1,
        "source_type": "KML/XML"
      },
      "geometry": {
        "type": "Point",
        "coordinates": [
          12.4820861,
          32.8076339
        ]
      }
    },
    {
      "type": "Feature",
      "properties": {
        "id": 868,
        "name": "حمامات غير مكتملة",
        "primary_category": "الفوارات والمياه الكبريتية والحمامات",
        "all_categories": "الفوارات والمياه الكبريتية والحمامات",
        "description": "",
        "folders": "Untitled layer",
        "source": "اطلس2026.xml",
        "origin": "أطلس ليبيا السياحي 2026",
        "status": "جاهز مبدئياً",
        "geometry_type": "Point",
        "coord_count": 1,
        "source_type": "KML/XML"
      },
      "geometry": {
        "type": "Point",
        "coordinates": [
          14.2917591,
          32.6400389
        ]
      }
    },
    {
      "type": "Feature",
      "properties": {
        "id": 869,
        "name": "حمامات هادريان",
        "primary_category": "الفوارات والمياه الكبريتية والحمامات",
        "all_categories": "الفوارات والمياه الكبريتية والحمامات",
        "description": "",
        "folders": "Untitled layer",
        "source": "اطلس2026.xml",
        "origin": "أطلس ليبيا السياحي 2026",
        "status": "جاهز مبدئياً",
        "geometry_type": "Point",
        "coord_count": 1,
        "source_type": "KML/XML"
      },
      "geometry": {
        "type": "Point",
        "coordinates": [
          14.2914963,
          32.635045
        ]
      }
    },
    {
      "type": "Feature",
      "properties": {
        "id": 870,
        "name": "رأس الحمام",
        "primary_category": "الفوارات والمياه الكبريتية والحمامات",
        "all_categories": "الفوارات والمياه الكبريتية والحمامات",
        "description": "",
        "folders": "Untitled layer",
        "source": "اطلس2026.xml",
        "origin": "أطلس ليبيا السياحي 2026",
        "status": "جاهز مبدئياً",
        "geometry_type": "Point",
        "coord_count": 1,
        "source_type": "KML/XML"
      },
      "geometry": {
        "type": "Point",
        "coordinates": [
          13.3852777777778,
          31.8376388888889
        ]
      }
    },
    {
      "type": "Feature",
      "properties": {
        "id": 871,
        "name": "رأس الحمام",
        "primary_category": "الفوارات والمياه الكبريتية والحمامات",
        "all_categories": "الفوارات والمياه الكبريتية والحمامات",
        "description": "",
        "folders": "Untitled layer",
        "source": "اطلس2026.xml",
        "origin": "أطلس ليبيا السياحي 2026",
        "status": "جاهز مبدئياً",
        "geometry_type": "Point",
        "coord_count": 1,
        "source_type": "KML/XML"
      },
      "geometry": {
        "type": "Point",
        "coordinates": [
          23.4589005,
          32.1761937
        ]
      }
    },
    {
      "type": "Feature",
      "properties": {
        "id": 872,
        "name": "رأس الحمامة",
        "primary_category": "الفوارات والمياه الكبريتية والحمامات",
        "all_categories": "الفوارات والمياه الكبريتية والحمامات",
        "description": "",
        "folders": "Untitled layer",
        "source": "اطلس2026.xml",
        "origin": "أطلس ليبيا السياحي 2026",
        "status": "جاهز مبدئياً",
        "geometry_type": "Point",
        "coord_count": 1,
        "source_type": "KML/XML"
      },
      "geometry": {
        "type": "Point",
        "coordinates": [
          21.6313505,
          32.9263198
        ]
      }
    },
    {
      "type": "Feature",
      "properties": {
        "id": 873,
        "name": "فوار الاتحادية",
        "primary_category": "الفوارات والمياه الكبريتية والحمامات",
        "all_categories": "الفوارات والمياه الكبريتية والحمامات",
        "description": "",
        "folders": "Untitled layer",
        "source": "اطلس2026.xml",
        "origin": "أطلس ليبيا السياحي 2026",
        "status": "جاهز مبدئياً",
        "geometry_type": "Point",
        "coord_count": 1,
        "source_type": "KML/XML"
      },
      "geometry": {
        "type": "Point",
        "coordinates": [
          14.6456308,
          31.9669222
        ]
      }
    },
    {
      "type": "Feature",
      "properties": {
        "id": 874,
        "name": "فوار البحيرة",
        "primary_category": "الفوارات والمياه الكبريتية والحمامات",
        "all_categories": "مواقع السياحة الاستشفائية؛ الفوارات/الحمامات/البحيرات",
        "description": "موقع مستخرج من وثائق السياحة الاستشفائية والفوارات",
        "folders": "وثائق السياحة الاستشفائية / الفوارات",
        "source": "الفوارات.docx",
        "origin": "وثائق داعمة 2025-2026",
        "status": "مستخرج من وثائق داعمة - يحتاج اعتماد إحداثيات",
        "geometry_type": "Point",
        "coord_count": 1,
        "source_type": "DOCX"
      },
      "geometry": {
        "type": "Point",
        "coordinates": [
          17.84284,
          30.77528
        ]
      }
    },
    {
      "type": "Feature",
      "properties": {
        "id": 875,
        "name": "فوار البنية",
        "primary_category": "الفوارات والمياه الكبريتية والحمامات",
        "all_categories": "مواقع السياحة الاستشفائية؛ الفوارات/الحمامات/البحيرات",
        "description": "موقع مستخرج من وثائق السياحة الاستشفائية والفوارات",
        "folders": "وثائق السياحة الاستشفائية / الفوارات",
        "source": "الفوارات.docx",
        "origin": "وثائق داعمة 2025-2026",
        "status": "مستخرج من وثائق داعمة - يحتاج اعتماد إحداثيات",
        "geometry_type": "Point",
        "coord_count": 1,
        "source_type": "DOCX"
      },
      "geometry": {
        "type": "Point",
        "coordinates": [
          17.02491,
          31.00257
        ]
      }
    },
    {
      "type": "Feature",
      "properties": {
        "id": 876,
        "name": "فوار البنيه",
        "primary_category": "الفوارات والمياه الكبريتية والحمامات",
        "all_categories": "الفوارات والمياه الكبريتية والحمامات",
        "description": "",
        "folders": "Untitled layer",
        "source": "اطلس2026.xml",
        "origin": "أطلس ليبيا السياحي 2026",
        "status": "جاهز مبدئياً",
        "geometry_type": "Point",
        "coord_count": 1,
        "source_type": "KML/XML"
      },
      "geometry": {
        "type": "Point",
        "coordinates": [
          17.0249134,
          31.0025742
        ]
      }
    },
    {
      "type": "Feature",
      "properties": {
        "id": 877,
        "name": "فوار البويرات",
        "primary_category": "الفوارات والمياه الكبريتية والحمامات",
        "all_categories": "الفوارات والمياه الكبريتية والحمامات",
        "description": "",
        "folders": "Untitled layer",
        "source": "اطلس2026.xml",
        "origin": "أطلس ليبيا السياحي 2026",
        "status": "جاهز مبدئياً",
        "geometry_type": "Point",
        "coord_count": 1,
        "source_type": "KML/XML"
      },
      "geometry": {
        "type": "Point",
        "coordinates": [
          15.715626,
          31.3695155
        ]
      }
    },
    {
      "type": "Feature",
      "properties": {
        "id": 878,
        "name": "فوار البويرات",
        "primary_category": "الفوارات والمياه الكبريتية والحمامات",
        "all_categories": "مواقع السياحة الاستشفائية؛ الفوارات/الحمامات/البحيرات",
        "description": "موقع مستخرج من وثائق السياحة الاستشفائية والفوارات",
        "folders": "وثائق السياحة الاستشفائية / الفوارات",
        "source": "الفوارات.docx",
        "origin": "وثائق داعمة 2025-2026",
        "status": "مستخرج من وثائق داعمة - يحتاج اعتماد إحداثيات",
        "geometry_type": "Point",
        "coord_count": 1,
        "source_type": "DOCX"
      },
      "geometry": {
        "type": "Point",
        "coordinates": [
          15.716226,
          31.3686745
        ]
      }
    },
    {
      "type": "Feature",
      "properties": {
        "id": 879,
        "name": "فوار التلاويط",
        "primary_category": "الفوارات والمياه الكبريتية والحمامات",
        "all_categories": "الفوارات والمياه الكبريتية والحمامات",
        "description": "",
        "folders": "Untitled layer",
        "source": "اطلس2026.xml",
        "origin": "أطلس ليبيا السياحي 2026",
        "status": "جاهز مبدئياً",
        "geometry_type": "Point",
        "coord_count": 1,
        "source_type": "KML/XML"
      },
      "geometry": {
        "type": "Point",
        "coordinates": [
          17.7748793,
          30.7569364
        ]
      }
    },
    {
      "type": "Feature",
      "properties": {
        "id": 880,
        "name": "فوار التلاويط",
        "primary_category": "الفوارات والمياه الكبريتية والحمامات",
        "all_categories": "مواقع السياحة الاستشفائية؛ الفوارات/الحمامات/البحيرات",
        "description": "موقع مستخرج من وثائق السياحة الاستشفائية والفوارات",
        "folders": "وثائق السياحة الاستشفائية / الفوارات",
        "source": "الفوارات.docx",
        "origin": "وثائق داعمة 2025-2026",
        "status": "مستخرج من وثائق داعمة - يحتاج اعتماد إحداثيات",
        "geometry_type": "Point",
        "coord_count": 1,
        "source_type": "DOCX"
      },
      "geometry": {
        "type": "Point",
        "coordinates": [
          17.77487,
          30.75693
        ]
      }
    },
    {
      "type": "Feature",
      "properties": {
        "id": 881,
        "name": "فوار الحاشي",
        "primary_category": "الفوارات والمياه الكبريتية والحمامات",
        "all_categories": "مواقع السياحة الاستشفائية؛ الفوارات/الحمامات/البحيرات",
        "description": "موقع مستخرج من وثائق السياحة الاستشفائية والفوارات",
        "folders": "وثائق السياحة الاستشفائية / الفوارات",
        "source": "الفوارات.docx",
        "origin": "وثائق داعمة 2025-2026",
        "status": "مستخرج من وثائق داعمة - يحتاج اعتماد إحداثيات",
        "geometry_type": "Point",
        "coord_count": 1,
        "source_type": "DOCX"
      },
      "geometry": {
        "type": "Point",
        "coordinates": [
          14.2589624,
          30.9197869
        ]
      }
    },
    {
      "type": "Feature",
      "properties": {
        "id": 882,
        "name": "فوار الحشادية",
        "primary_category": "الفوارات والمياه الكبريتية والحمامات",
        "all_categories": "الفوارات والمياه الكبريتية والحمامات",
        "description": "",
        "folders": "Untitled layer",
        "source": "اطلس2026.xml",
        "origin": "أطلس ليبيا السياحي 2026",
        "status": "جاهز مبدئياً",
        "geometry_type": "Point",
        "coord_count": 1,
        "source_type": "KML/XML"
      },
      "geometry": {
        "type": "Point",
        "coordinates": [
          14.2540277777778,
          30.9203
        ]
      }
    },
    {
      "type": "Feature",
      "properties": {
        "id": 883,
        "name": "فوار الخادم",
        "primary_category": "الفوارات والمياه الكبريتية والحمامات",
        "all_categories": "مواقع السياحة الاستشفائية؛ الفوارات/الحمامات/البحيرات",
        "description": "موقع مستخرج من وثائق السياحة الاستشفائية والفوارات",
        "folders": "وثائق السياحة الاستشفائية / الفوارات",
        "source": "الفوارات.docx",
        "origin": "وثائق داعمة 2025-2026",
        "status": "مستخرج من وثائق داعمة - يحتاج اعتماد إحداثيات",
        "geometry_type": "Point",
        "coord_count": 1,
        "source_type": "DOCX"
      },
      "geometry": {
        "type": "Point",
        "coordinates": [
          14.27761,
          31.51248
        ]
      }
    },
    {
      "type": "Feature",
      "properties": {
        "id": 884,
        "name": "فوار السباخ",
        "primary_category": "الفوارات والمياه الكبريتية والحمامات",
        "all_categories": "الفوارات والمياه الكبريتية والحمامات",
        "description": "",
        "folders": "Untitled layer",
        "source": "اطلس2026.xml",
        "origin": "أطلس ليبيا السياحي 2026",
        "status": "جاهز مبدئياً",
        "geometry_type": "Point",
        "coord_count": 1,
        "source_type": "KML/XML"
      },
      "geometry": {
        "type": "Point",
        "coordinates": [
          16.1408255,
          29.1717332
        ]
      }
    },
    {
      "type": "Feature",
      "properties": {
        "id": 885,
        "name": "فوار السباخ",
        "primary_category": "الفوارات والمياه الكبريتية والحمامات",
        "all_categories": "مواقع السياحة الاستشفائية؛ الفوارات/الحمامات/البحيرات",
        "description": "موقع مستخرج من وثائق السياحة الاستشفائية والفوارات",
        "folders": "وثائق السياحة الاستشفائية / الفوارات",
        "source": "الفوارات.docx",
        "origin": "وثائق داعمة 2025-2026",
        "status": "مستخرج من وثائق داعمة - يحتاج اعتماد إحداثيات",
        "geometry_type": "Point",
        "coord_count": 1,
        "source_type": "DOCX"
      },
      "geometry": {
        "type": "Point",
        "coordinates": [
          16.14082,
          29.17173
        ]
      }
    },
    {
      "type": "Feature",
      "properties": {
        "id": 886,
        "name": "فوار السكيرات",
        "primary_category": "الفوارات والمياه الكبريتية والحمامات",
        "all_categories": "الفوارات والمياه الكبريتية والحمامات",
        "description": "",
        "folders": "Untitled layer",
        "source": "اطلس2026.xml",
        "origin": "أطلس ليبيا السياحي 2026",
        "status": "جاهز مبدئياً",
        "geometry_type": "Point",
        "coord_count": 1,
        "source_type": "KML/XML"
      },
      "geometry": {
        "type": "Point",
        "coordinates": [
          15.1255295,
          32.3511743
        ]
      }
    },
    {
      "type": "Feature",
      "properties": {
        "id": 887,
        "name": "فوار السكيرات",
        "primary_category": "الفوارات والمياه الكبريتية والحمامات",
        "all_categories": "مواقع السياحة الاستشفائية؛ الفوارات/الحمامات/البحيرات",
        "description": "موقع مستخرج من وثائق السياحة الاستشفائية والفوارات",
        "folders": "وثائق السياحة الاستشفائية / الفوارات",
        "source": "الفوارات.docx",
        "origin": "وثائق داعمة 2025-2026",
        "status": "مستخرج من وثائق داعمة - يحتاج اعتماد إحداثيات",
        "geometry_type": "Point",
        "coord_count": 1,
        "source_type": "DOCX"
      },
      "geometry": {
        "type": "Point",
        "coordinates": [
          15.12552,
          32.35117
        ]
      }
    },
    {
      "type": "Feature",
      "properties": {
        "id": 888,
        "name": "فوار الصحة",
        "primary_category": "الفوارات والمياه الكبريتية والحمامات",
        "all_categories": "الفوارات والمياه الكبريتية والحمامات",
        "description": "",
        "folders": "Untitled layer",
        "source": "اطلس2026.xml",
        "origin": "أطلس ليبيا السياحي 2026",
        "status": "جاهز مبدئياً",
        "geometry_type": "Point",
        "coord_count": 1,
        "source_type": "KML/XML"
      },
      "geometry": {
        "type": "Point",
        "coordinates": [
          14.7311111111111,
          30.9269444444444
        ]
      }
    },
    {
      "type": "Feature",
      "properties": {
        "id": 889,
        "name": "فوار العريبات",
        "primary_category": "الفوارات والمياه الكبريتية والحمامات",
        "all_categories": "الفوارات والمياه الكبريتية والحمامات",
        "description": "",
        "folders": "Untitled layer",
        "source": "اطلس2026.xml",
        "origin": "أطلس ليبيا السياحي 2026",
        "status": "جاهز مبدئياً",
        "geometry_type": "Point",
        "coord_count": 1,
        "source_type": "KML/XML"
      },
      "geometry": {
        "type": "Point",
        "coordinates": [
          18.1677862,
          30.5475353
        ]
      }
    },
    {
      "type": "Feature",
      "properties": {
        "id": 890,
        "name": "فوار العريبات",
        "primary_category": "الفوارات والمياه الكبريتية والحمامات",
        "all_categories": "الفوارات والمياه الكبريتية والحمامات",
        "description": "",
        "folders": "Untitled layer",
        "source": "اطلس2026.xml",
        "origin": "أطلس ليبيا السياحي 2026",
        "status": "جاهز مبدئياً",
        "geometry_type": "Point",
        "coord_count": 1,
        "source_type": "KML/XML"
      },
      "geometry": {
        "type": "Point",
        "coordinates": [
          18.1677862,
          30.5475353
        ]
      }
    },
    {
      "type": "Feature",
      "properties": {
        "id": 891,
        "name": "فوار العريبات",
        "primary_category": "الفوارات والمياه الكبريتية والحمامات",
        "all_categories": "مواقع السياحة الاستشفائية؛ الفوارات/الحمامات/البحيرات",
        "description": "موقع مستخرج من وثائق السياحة الاستشفائية والفوارات",
        "folders": "وثائق السياحة الاستشفائية / الفوارات",
        "source": "الفوارات.docx",
        "origin": "وثائق داعمة 2025-2026",
        "status": "مستخرج من وثائق داعمة - يحتاج اعتماد إحداثيات",
        "geometry_type": "Point",
        "coord_count": 1,
        "source_type": "DOCX"
      },
      "geometry": {
        "type": "Point",
        "coordinates": [
          18.16778,
          30.54753
        ]
      }
    },
    {
      "type": "Feature",
      "properties": {
        "id": 892,
        "name": "فوار الفايدي",
        "primary_category": "الفوارات والمياه الكبريتية والحمامات",
        "all_categories": "الفوارات والمياه الكبريتية والحمامات",
        "description": "",
        "folders": "Untitled layer",
        "source": "اطلس2026.xml",
        "origin": "أطلس ليبيا السياحي 2026",
        "status": "جاهز مبدئياً",
        "geometry_type": "Point",
        "coord_count": 1,
        "source_type": "KML/XML"
      },
      "geometry": {
        "type": "Point",
        "coordinates": [
          21.8270347,
          31.2428828
        ]
      }
    },
    {
      "type": "Feature",
      "properties": {
        "id": 893,
        "name": "فوار الكنيسة",
        "primary_category": "الفوارات والمياه الكبريتية والحمامات",
        "all_categories": "الفوارات والمياه الكبريتية والحمامات",
        "description": "",
        "folders": "Untitled layer",
        "source": "اطلس2026.xml",
        "origin": "أطلس ليبيا السياحي 2026",
        "status": "جاهز مبدئياً",
        "geometry_type": "Point",
        "coord_count": 1,
        "source_type": "KML/XML"
      },
      "geometry": {
        "type": "Point",
        "coordinates": [
          16.1108671,
          31.0013299
        ]
      }
    },
    {
      "type": "Feature",
      "properties": {
        "id": 894,
        "name": "فوار الكنيسة",
        "primary_category": "الفوارات والمياه الكبريتية والحمامات",
        "all_categories": "الفوارات والمياه الكبريتية والحمامات",
        "description": "",
        "folders": "Untitled layer",
        "source": "اطلس2026.xml",
        "origin": "أطلس ليبيا السياحي 2026",
        "status": "جاهز مبدئياً",
        "geometry_type": "Point",
        "coord_count": 1,
        "source_type": "KML/XML"
      },
      "geometry": {
        "type": "Point",
        "coordinates": [
          16.1110066,
          31.0014609
        ]
      }
    },
    {
      "type": "Feature",
      "properties": {
        "id": 895,
        "name": "فوار الكنيسة",
        "primary_category": "الفوارات والمياه الكبريتية والحمامات",
        "all_categories": "مواقع السياحة الاستشفائية؛ الفوارات/الحمامات/البحيرات",
        "description": "موقع مستخرج من وثائق السياحة الاستشفائية والفوارات",
        "folders": "وثائق السياحة الاستشفائية / الفوارات",
        "source": "الفوارات.docx",
        "origin": "وثائق داعمة 2025-2026",
        "status": "مستخرج من وثائق داعمة - يحتاج اعتماد إحداثيات",
        "geometry_type": "Point",
        "coord_count": 1,
        "source_type": "DOCX"
      },
      "geometry": {
        "type": "Point",
        "coordinates": [
          16.111,
          31.00146
        ]
      }
    },
    {
      "type": "Feature",
      "properties": {
        "id": 896,
        "name": "فوار اللود",
        "primary_category": "الفوارات والمياه الكبريتية والحمامات",
        "all_categories": "الفوارات والمياه الكبريتية والحمامات",
        "description": "",
        "folders": "Untitled layer",
        "source": "اطلس2026.xml",
        "origin": "أطلس ليبيا السياحي 2026",
        "status": "جاهز مبدئياً",
        "geometry_type": "Point",
        "coord_count": 1,
        "source_type": "KML/XML"
      },
      "geometry": {
        "type": "Point",
        "coordinates": [
          15.546351,
          30.396774
        ]
      }
    },
    {
      "type": "Feature",
      "properties": {
        "id": 897,
        "name": "فوار المقاصبة",
        "primary_category": "الفوارات والمياه الكبريتية والحمامات",
        "all_categories": "الفوارات والمياه الكبريتية والحمامات",
        "description": "",
        "folders": "Untitled layer",
        "source": "اطلس2026.xml",
        "origin": "أطلس ليبيا السياحي 2026",
        "status": "جاهز مبدئياً",
        "geometry_type": "Point",
        "coord_count": 1,
        "source_type": "KML/XML"
      },
      "geometry": {
        "type": "Point",
        "coordinates": [
          15.094082,
          32.3567256
        ]
      }
    },
    {
      "type": "Feature",
      "properties": {
        "id": 898,
        "name": "فوار المقاصة",
        "primary_category": "الفوارات والمياه الكبريتية والحمامات",
        "all_categories": "مواقع السياحة الاستشفائية؛ الفوارات/الحمامات/البحيرات",
        "description": "موقع مستخرج من وثائق السياحة الاستشفائية والفوارات",
        "folders": "وثائق السياحة الاستشفائية / الفوارات",
        "source": "الفوارات.docx",
        "origin": "وثائق داعمة 2025-2026",
        "status": "مستخرج من وثائق داعمة - يحتاج اعتماد إحداثيات",
        "geometry_type": "Point",
        "coord_count": 1,
        "source_type": "DOCX"
      },
      "geometry": {
        "type": "Point",
        "coordinates": [
          15.09408,
          32.35672
        ]
      }
    },
    {
      "type": "Feature",
      "properties": {
        "id": 899,
        "name": "فوار الميتين",
        "primary_category": "الفوارات والمياه الكبريتية والحمامات",
        "all_categories": "الفوارات والمياه الكبريتية والحمامات",
        "description": "",
        "folders": "Untitled layer",
        "source": "اطلس2026.xml",
        "origin": "أطلس ليبيا السياحي 2026",
        "status": "جاهز مبدئياً",
        "geometry_type": "Point",
        "coord_count": 1,
        "source_type": "KML/XML"
      },
      "geometry": {
        "type": "Point",
        "coordinates": [
          17.5953782,
          24.0526091
        ]
      }
    },
    {
      "type": "Feature",
      "properties": {
        "id": 900,
        "name": "فوار الميتين 200",
        "primary_category": "الفوارات والمياه الكبريتية والحمامات",
        "all_categories": "مواقع السياحة الاستشفائية؛ الفوارات/الحمامات/البحيرات",
        "description": "موقع مستخرج من وثائق السياحة الاستشفائية والفوارات",
        "folders": "وثائق السياحة الاستشفائية / الفوارات",
        "source": "الفوارات.docx",
        "origin": "وثائق داعمة 2025-2026",
        "status": "مستخرج من وثائق داعمة - يحتاج اعتماد إحداثيات",
        "geometry_type": "Point",
        "coord_count": 1,
        "source_type": "DOCX"
      },
      "geometry": {
        "type": "Point",
        "coordinates": [
          17.59537,
          24.0526
        ]
      }
    },
    {
      "type": "Feature",
      "properties": {
        "id": 901,
        "name": "فوار الناموس",
        "primary_category": "الفوارات والمياه الكبريتية والحمامات",
        "all_categories": "الفوارات والمياه الكبريتية والحمامات",
        "description": "",
        "folders": "Untitled layer",
        "source": "اطلس2026.xml",
        "origin": "أطلس ليبيا السياحي 2026",
        "status": "جاهز مبدئياً",
        "geometry_type": "Point",
        "coord_count": 1,
        "source_type": "KML/XML"
      },
      "geometry": {
        "type": "Point",
        "coordinates": [
          15.8587917,
          31.0372232
        ]
      }
    },
    {
      "type": "Feature",
      "properties": {
        "id": 902,
        "name": "فوار النعاس",
        "primary_category": "الفوارات والمياه الكبريتية والحمامات",
        "all_categories": "الفوارات والمياه الكبريتية والحمامات",
        "description": "",
        "folders": "Untitled layer",
        "source": "اطلس2026.xml",
        "origin": "أطلس ليبيا السياحي 2026",
        "status": "جاهز مبدئياً",
        "geometry_type": "Point",
        "coord_count": 1,
        "source_type": "KML/XML"
      },
      "geometry": {
        "type": "Point",
        "coordinates": [
          17.9956724,
          30.6250361
        ]
      }
    },
    {
      "type": "Feature",
      "properties": {
        "id": 903,
        "name": "فوار النعاس",
        "primary_category": "الفوارات والمياه الكبريتية والحمامات",
        "all_categories": "مواقع السياحة الاستشفائية؛ الفوارات/الحمامات/البحيرات",
        "description": "موقع مستخرج من وثائق السياحة الاستشفائية والفوارات",
        "folders": "وثائق السياحة الاستشفائية / الفوارات",
        "source": "الفوارات.docx",
        "origin": "وثائق داعمة 2025-2026",
        "status": "مستخرج من وثائق داعمة - يحتاج اعتماد إحداثيات",
        "geometry_type": "Point",
        "coord_count": 1,
        "source_type": "DOCX"
      },
      "geometry": {
        "type": "Point",
        "coordinates": [
          17.99567,
          30.62503
        ]
      }
    },
    {
      "type": "Feature",
      "properties": {
        "id": 904,
        "name": "فوار تاجوراء",
        "primary_category": "الفوارات والمياه الكبريتية والحمامات",
        "all_categories": "الفوارات والمياه الكبريتية والحمامات",
        "description": "",
        "folders": "Untitled layer",
        "source": "اطلس2026.xml",
        "origin": "أطلس ليبيا السياحي 2026",
        "status": "جاهز مبدئياً",
        "geometry_type": "Point",
        "coord_count": 1,
        "source_type": "KML/XML"
      },
      "geometry": {
        "type": "Point",
        "coordinates": [
          13.3080268,
          32.8970112
        ]
      }
    },
    {
      "type": "Feature",
      "properties": {
        "id": 905,
        "name": "فوار تاجوراء",
        "primary_category": "الفوارات والمياه الكبريتية والحمامات",
        "all_categories": "مواقع السياحة الاستشفائية؛ الفوارات/الحمامات/البحيرات",
        "description": "موقع مستخرج من وثائق السياحة الاستشفائية والفوارات",
        "folders": "وثائق السياحة الاستشفائية / الفوارات",
        "source": "الفوارات.docx",
        "origin": "وثائق داعمة 2025-2026",
        "status": "مستخرج من وثائق داعمة - يحتاج اعتماد إحداثيات",
        "geometry_type": "Point",
        "coord_count": 1,
        "source_type": "DOCX"
      },
      "geometry": {
        "type": "Point",
        "coordinates": [
          13.30802,
          32.89701
        ]
      }
    },
    {
      "type": "Feature",
      "properties": {
        "id": 906,
        "name": "فوار زكير",
        "primary_category": "الفوارات والمياه الكبريتية والحمامات",
        "all_categories": "الفوارات والمياه الكبريتية والحمامات",
        "description": "",
        "folders": "Untitled layer",
        "source": "اطلس2026.xml",
        "origin": "أطلس ليبيا السياحي 2026",
        "status": "جاهز مبدئياً",
        "geometry_type": "Point",
        "coord_count": 1,
        "source_type": "KML/XML"
      },
      "geometry": {
        "type": "Point",
        "coordinates": [
          16.0248984,
          30.890353
        ]
      }
    },
    {
      "type": "Feature",
      "properties": {
        "id": 907,
        "name": "فوار زكير",
        "primary_category": "الفوارات والمياه الكبريتية والحمامات",
        "all_categories": "مواقع السياحة الاستشفائية؛ الفوارات/الحمامات/البحيرات",
        "description": "موقع مستخرج من وثائق السياحة الاستشفائية والفوارات",
        "folders": "وثائق السياحة الاستشفائية / الفوارات",
        "source": "الفوارات.docx",
        "origin": "وثائق داعمة 2025-2026",
        "status": "مستخرج من وثائق داعمة - يحتاج اعتماد إحداثيات",
        "geometry_type": "Point",
        "coord_count": 1,
        "source_type": "DOCX"
      },
      "geometry": {
        "type": "Point",
        "coordinates": [
          16.02489,
          30.89035
        ]
      }
    },
    {
      "type": "Feature",
      "properties": {
        "id": 908,
        "name": "فوار ويس",
        "primary_category": "الفوارات والمياه الكبريتية والحمامات",
        "all_categories": "الفوارات والمياه الكبريتية والحمامات",
        "description": "",
        "folders": "Untitled layer",
        "source": "اطلس2026.xml",
        "origin": "أطلس ليبيا السياحي 2026",
        "status": "جاهز مبدئياً",
        "geometry_type": "Point",
        "coord_count": 1,
        "source_type": "KML/XML"
      },
      "geometry": {
        "type": "Point",
        "coordinates": [
          17.8396805,
          30.5582773
        ]
      }
    },
    {
      "type": "Feature",
      "properties": {
        "id": 909,
        "name": "فوار ويس",
        "primary_category": "الفوارات والمياه الكبريتية والحمامات",
        "all_categories": "مواقع السياحة الاستشفائية؛ الفوارات/الحمامات/البحيرات",
        "description": "موقع مستخرج من وثائق السياحة الاستشفائية والفوارات",
        "folders": "وثائق السياحة الاستشفائية / الفوارات",
        "source": "الفوارات.docx",
        "origin": "وثائق داعمة 2025-2026",
        "status": "مستخرج من وثائق داعمة - يحتاج اعتماد إحداثيات",
        "geometry_type": "Point",
        "coord_count": 1,
        "source_type": "DOCX"
      },
      "geometry": {
        "type": "Point",
        "coordinates": [
          17.83968,
          30.55827
        ]
      }
    },
    {
      "type": "Feature",
      "properties": {
        "id": 910,
        "name": "فيلا ليبتوس",
        "primary_category": "الفوارات والمياه الكبريتية والحمامات",
        "all_categories": "الفوارات والمياه الكبريتية والحمامات",
        "description": "مواصفات فيلا لبتوس 1- اربعة ابارتمنت (شاليه) فاخرة التجهيز على اعلي مستوي . 2- كل شاليه يتمتع بمزايا خاصة ينفرد بها عن الشاليه الاخر من ناحية المنظر والمساحة والخصوصية والشمس والظل والخ .... 3-مساحة الشاليه 200 متر مربع 4- يتكون من عدد اثنين دار نوم زوجية كل منها اكثر من 22 متر مربع , صالة كبيرة 8 * 4.5 متر مطبخ عصرى 5*4.5 متر , عدد اثنين حمامات كاملة التجهيز , عدد 1 مغسلة وجه خارج الحمام , مدخل بطول 9 متر , ردهة 2 * 2.5 متر , فيراند المداخل 4*5 متر , البلكونات 4 * 4.5 متر. 5- كل الشاليهات لها اطلالة على منظر البحر . 6- الشاليهات المتوفرة للايجار عددها أربعة , اثنان فى الطابق الاسفل و اثنان فى الطابق العلوى. 7-الثاثيت : 2 دار نوم كاملة , مطبخ عصرى 12 متر مؤثث كامل ثلاجة , غاز, كوشة , طاقم اواني , صالة مجهزة (مكتبة تلفزيون , 51 بوصة تلفزيون , دار اكل , صالون , ) , غسالة اتوماتيك , منشر , مكتبة , دولاب احدية . 8- الشاطي والبحر مناسبان لاستخدام الدراجة البحرية (موطو). 9- تنس طاولة و جطوني متوفران فى فيلا لبتوس. 10-نظرا لموقع فيلا لبتوس جنب مدينة لبدة فيمكن للعائلة التمتع بزيارة مدينة لبدة الاثرية . بادر بالاتصال والحجز . 091-1384342",
        "folders": "Untitled layer",
        "source": "اطلس2026.xml",
        "origin": "أطلس ليبيا السياحي 2026",
        "status": "جاهز مبدئياً",
        "geometry_type": "Point",
        "coord_count": 1,
        "source_type": "KML/XML"
      },
      "geometry": {
        "type": "Point",
        "coordinates": [
          14.3218267,
          32.6271051
        ]
      }
    },
    {
      "type": "Feature",
      "properties": {
        "id": 911,
        "name": "قرية أم الحمام",
        "primary_category": "الفوارات والمياه الكبريتية والحمامات",
        "all_categories": "الفوارات والمياه الكبريتية والحمامات",
        "description": "",
        "folders": "Untitled layer",
        "source": "اطلس2026.xml",
        "origin": "أطلس ليبيا السياحي 2026",
        "status": "جاهز مبدئياً",
        "geometry_type": "Point",
        "coord_count": 1,
        "source_type": "KML/XML"
      },
      "geometry": {
        "type": "Point",
        "coordinates": [
          13.6380565,
          25.9933936
        ]
      }
    },
    {
      "type": "Feature",
      "properties": {
        "id": 912,
        "name": "قرية ابوحمام تحتوي على مجموعة كبيرة من بيوت الحفر",
        "primary_category": "الفوارات والمياه الكبريتية والحمامات",
        "all_categories": "الفوارات والمياه الكبريتية والحمامات",
        "description": "",
        "folders": "Untitled layer",
        "source": "اطلس2026.xml",
        "origin": "أطلس ليبيا السياحي 2026",
        "status": "جاهز مبدئياً",
        "geometry_type": "Point",
        "coord_count": 1,
        "source_type": "KML/XML"
      },
      "geometry": {
        "type": "Point",
        "coordinates": [
          13.0437195,
          32.2665851
        ]
      }
    },
    {
      "type": "Feature",
      "properties": {
        "id": 913,
        "name": "قصر أم الحمام الأثري",
        "primary_category": "الفوارات والمياه الكبريتية والحمامات",
        "all_categories": "الفوارات والمياه الكبريتية والحمامات",
        "description": "",
        "folders": "Untitled layer",
        "source": "اطلس2026.xml",
        "origin": "أطلس ليبيا السياحي 2026",
        "status": "جاهز مبدئياً",
        "geometry_type": "Point",
        "coord_count": 1,
        "source_type": "KML/XML"
      },
      "geometry": {
        "type": "Point",
        "coordinates": [
          13.6240768,
          25.9997678
        ]
      }
    },
    {
      "type": "Feature",
      "properties": {
        "id": 914,
        "name": "قصر الحمام",
        "primary_category": "الفوارات والمياه الكبريتية والحمامات",
        "all_categories": "الفوارات والمياه الكبريتية والحمامات",
        "description": "",
        "folders": "Untitled layer",
        "source": "اطلس2026.xml",
        "origin": "أطلس ليبيا السياحي 2026",
        "status": "جاهز مبدئياً",
        "geometry_type": "Point",
        "coord_count": 1,
        "source_type": "KML/XML"
      },
      "geometry": {
        "type": "Point",
        "coordinates": [
          21.4831015,
          32.8097767
        ]
      }
    },
    {
      "type": "Feature",
      "properties": {
        "id": 915,
        "name": "قصر حمامات تينيناي",
        "primary_category": "الفوارات والمياه الكبريتية والحمامات",
        "all_categories": "الفوارات والمياه الكبريتية والحمامات",
        "description": "",
        "folders": "Untitled layer",
        "source": "اطلس2026.xml",
        "origin": "أطلس ليبيا السياحي 2026",
        "status": "جاهز مبدئياً",
        "geometry_type": "Point",
        "coord_count": 1,
        "source_type": "KML/XML"
      },
      "geometry": {
        "type": "Point",
        "coordinates": [
          13.4025808,
          31.7868172
        ]
      }
    },
    {
      "type": "Feature",
      "properties": {
        "id": 916,
        "name": "قويرات الكبريت",
        "primary_category": "الفوارات والمياه الكبريتية والحمامات",
        "all_categories": "الفوارات والمياه الكبريتية والحمامات",
        "description": "",
        "folders": "Untitled layer",
        "source": "اطلس2026.xml",
        "origin": "أطلس ليبيا السياحي 2026",
        "status": "جاهز مبدئياً",
        "geometry_type": "Point",
        "coord_count": 1,
        "source_type": "KML/XML"
      },
      "geometry": {
        "type": "Point",
        "coordinates": [
          17.7448501,
          26.6528165
        ]
      }
    },
    {
      "type": "Feature",
      "properties": {
        "id": 917,
        "name": "مزرعة الفوارة",
        "primary_category": "الفوارات والمياه الكبريتية والحمامات",
        "all_categories": "الفوارات والمياه الكبريتية والحمامات",
        "description": "",
        "folders": "Untitled layer",
        "source": "اطلس2026.xml",
        "origin": "أطلس ليبيا السياحي 2026",
        "status": "جاهز مبدئياً",
        "geometry_type": "Point",
        "coord_count": 1,
        "source_type": "KML/XML"
      },
      "geometry": {
        "type": "Point",
        "coordinates": [
          15.9311843,
          29.1178809
        ]
      }
    },
    {
      "type": "Feature",
      "properties": {
        "id": 918,
        "name": "مسجد الحمامة العتيق",
        "primary_category": "الفوارات والمياه الكبريتية والحمامات",
        "all_categories": "الفوارات والمياه الكبريتية والحمامات",
        "description": "",
        "folders": "Untitled layer",
        "source": "اطلس2026.xml",
        "origin": "أطلس ليبيا السياحي 2026",
        "status": "جاهز مبدئياً",
        "geometry_type": "Point",
        "coord_count": 1,
        "source_type": "KML/XML"
      },
      "geometry": {
        "type": "Point",
        "coordinates": [
          21.6344444444444,
          32.9216666666667
        ]
      }
    },
    {
      "type": "Feature",
      "properties": {
        "id": 919,
        "name": "مصيف الحمامة",
        "primary_category": "الفوارات والمياه الكبريتية والحمامات",
        "all_categories": "الفوارات والمياه الكبريتية والحمامات",
        "description": "",
        "folders": "Untitled layer",
        "source": "اطلس2026.xml",
        "origin": "أطلس ليبيا السياحي 2026",
        "status": "جاهز مبدئياً",
        "geometry_type": "Point",
        "coord_count": 1,
        "source_type": "KML/XML"
      },
      "geometry": {
        "type": "Point",
        "coordinates": [
          21.6207075,
          32.9163412
        ]
      }
    },
    {
      "type": "Feature",
      "properties": {
        "id": 920,
        "name": "مصيف الحمامة",
        "primary_category": "الفوارات والمياه الكبريتية والحمامات",
        "all_categories": "الفوارات والمياه الكبريتية والحمامات",
        "description": "",
        "folders": "Untitled layer",
        "source": "اطلس2026.xml",
        "origin": "أطلس ليبيا السياحي 2026",
        "status": "جاهز مبدئياً",
        "geometry_type": "Point",
        "coord_count": 1,
        "source_type": "KML/XML"
      },
      "geometry": {
        "type": "Point",
        "coordinates": [
          21.5969456,
          32.9009913
        ]
      }
    },
    {
      "type": "Feature",
      "properties": {
        "id": 921,
        "name": "مصيف الحمامة 1",
        "primary_category": "الفوارات والمياه الكبريتية والحمامات",
        "all_categories": "الفوارات والمياه الكبريتية والحمامات",
        "description": "",
        "folders": "Untitled layer",
        "source": "اطلس2026.xml",
        "origin": "أطلس ليبيا السياحي 2026",
        "status": "جاهز مبدئياً",
        "geometry_type": "Point",
        "coord_count": 1,
        "source_type": "KML/XML"
      },
      "geometry": {
        "type": "Point",
        "coordinates": [
          21.6059017,
          32.9051545
        ]
      }
    },
    {
      "type": "Feature",
      "properties": {
        "id": 922,
        "name": "مصيف الكنوز الذهبية",
        "primary_category": "الفوارات والمياه الكبريتية والحمامات",
        "all_categories": "الفوارات والمياه الكبريتية والحمامات؛ آبار وخزانات ومصادر مياه أخرى",
        "description": "ـ مــــكونــات المــشــروع 1. شقق فندقية ( عدد 195 وحدة ) بمستوى ( 4 نجوم ) : عدد من النماذج السكنية مختلفة المساحة موزعة على مباني من طابقين الى خمسة طوابق ، وتشتمل على ثلاثة غرف وغرفتين وغرفة واحدة بالإضافة إلى صالة جلوس ومعيشة ومطبخ وحمام او أكثر ذات تصميم عصري مستوحي من العمارة المحلية والإسلامية ، شاملة أعمال التأثيث والتجهيز بالكامل . .2.المبنى الفندقي ( 4 نجوم ) ويضم المكونات التالية :ـ غرف ( عدد 80 غرفة فردية زوجية ) أجنحة فاخرة ( 24 جناح ) عدد 2 من المطاعم المتخصصة عدد3 من المقاهي مطبخ متكامل مغسلة حمام سباحة مغلق خاص للنساء والأطفال متكامل الخدمات مكاتب إدارية سوق تجارى وصناعات تقليدية .3. قمرات (شاليهات) ارضية عدد ( 70 ) شاليه بركن مستقل يشمل الخدمات الاساسية منهم ( 50 ) شاليه عائلي يحتوى علي غرفتين وصالون ومطبخ حمام ) و (20 ) شاليه يحتوى علي غرفة نوم وصالون ومطبخ حمام . كما أن المشروع يراعي جملة من المقتضيات المحلّيّة، على غرار الطابع المعماري الليبي والجوانب الثقافيّة الاجتماعية لجعله منصهراً في بيئته، 4. نادي الشراع والغطس. 5 . نادي صحي ورياضي 6. نادي رجال الأعمال و صالة متعددة الأغراض . 7. ملاعب رياضة وترفيه والألعاب مائية وشاطئية 8 . مواقف سيارات ومناطق خضراء 9. مبنى الخدمات ويضم سكن العاملين والورشة والمخازن 10. مسجد 11 . عيادة طبية متكاملة 12. خدمات تقنية ومرافق خدمية مثل تحلية وتنقية المياه ومحطة الكهرباء",
        "folders": "Untitled layer",
        "source": "اطلس2026.xml",
        "origin": "أطلس ليبيا السياحي 2026",
        "status": "جاهز مبدئياً",
        "geometry_type": "Point",
        "coord_count": 1,
        "source_type": "KML/XML"
      },
      "geometry": {
        "type": "Point",
        "coordinates": [
          13.7001512,
          32.7904311
        ]
      }
    },
    {
      "type": "Feature",
      "properties": {
        "id": 923,
        "name": "مفرق الحمام الكبريتي نينة",
        "primary_category": "الفوارات والمياه الكبريتية والحمامات",
        "all_categories": "الفوارات والمياه الكبريتية والحمامات",
        "description": "",
        "folders": "Untitled layer",
        "source": "اطلس2026.xml",
        "origin": "أطلس ليبيا السياحي 2026",
        "status": "جاهز مبدئياً",
        "geometry_type": "Point",
        "coord_count": 1,
        "source_type": "KML/XML"
      },
      "geometry": {
        "type": "Point",
        "coordinates": [
          15.0672103,
          29.2774246
        ]
      }
    },
    {
      "type": "Feature",
      "properties": {
        "id": 924,
        "name": "منتجع التلال الحمامة",
        "primary_category": "الفوارات والمياه الكبريتية والحمامات",
        "all_categories": "الفوارات والمياه الكبريتية والحمامات",
        "description": "منتجع التلال الحمامة FID 93 FID_ 93 ت 94 إسم_ا منتجع التلال الحمامة التصن منتجع سياحي المدي الحمامة X 21.617087 Y 32.911754 عدد_ا 14 عدد__1 42",
        "folders": "القري السياحية والمنتجعات",
        "source": "اطلس2026.xml",
        "origin": "أطلس ليبيا السياحي 2026",
        "status": "جاهز مبدئياً",
        "geometry_type": "Point",
        "coord_count": 1,
        "source_type": "KML/XML"
      },
      "geometry": {
        "type": "Point",
        "coordinates": [
          21.617087,
          32.911754
        ]
      }
    },
    {
      "type": "Feature",
      "properties": {
        "id": 925,
        "name": "منتجع التلال الحمامة",
        "primary_category": "الفوارات والمياه الكبريتية والحمامات",
        "all_categories": "الفوارات والمياه الكبريتية والحمامات",
        "description": "منتجع التلال الحمامة FID 85 Field1 86 إسم_ا منتجع التلال الحمامة X 21.615861 Y 32.911311 التصن منتجع سياحي المدي الحمامة عدد_ا 0 عدد__1 0",
        "folders": "القرى_والمنتجعات_السياحية",
        "source": "اطلس2026.xml",
        "origin": "أطلس ليبيا السياحي 2026",
        "status": "جاهز مبدئياً",
        "geometry_type": "Point",
        "coord_count": 1,
        "source_type": "KML/XML"
      },
      "geometry": {
        "type": "Point",
        "coordinates": [
          21.615861,
          32.911311
        ]
      }
    },
    {
      "type": "Feature",
      "properties": {
        "id": 926,
        "name": "منتجع الجراري السياحي - للعائلات",
        "primary_category": "الفوارات والمياه الكبريتية والحمامات",
        "all_categories": "الفوارات والمياه الكبريتية والحمامات",
        "description": "منتجع الجراري السياحي - للعائلات FID 94 FID_ 94 ت 95 إسم_ا منتجع الجراري السياحي - للعائلات التصن منتجع سياحي المدي الحمامة X 21.604555 Y 32.905509 عدد_ا 12 عدد__1 48",
        "folders": "القري السياحية والمنتجعات",
        "source": "اطلس2026.xml",
        "origin": "أطلس ليبيا السياحي 2026",
        "status": "جاهز مبدئياً",
        "geometry_type": "Point",
        "coord_count": 1,
        "source_type": "KML/XML"
      },
      "geometry": {
        "type": "Point",
        "coordinates": [
          21.604555,
          32.905509
        ]
      }
    },
    {
      "type": "Feature",
      "properties": {
        "id": 927,
        "name": "منتجع الجراري السياحي - للعائلات",
        "primary_category": "الفوارات والمياه الكبريتية والحمامات",
        "all_categories": "الفوارات والمياه الكبريتية والحمامات",
        "description": "منتجع الجراري السياحي - للعائلات التصن منتجع سياحي المدي الحمامة عدد_ا 12 عدد__1 48",
        "folders": "القرى_والمنتجعات_السياحية",
        "source": "اطلس2026.xml",
        "origin": "أطلس ليبيا السياحي 2026",
        "status": "جاهز مبدئياً",
        "geometry_type": "Point",
        "coord_count": 1,
        "source_type": "KML/XML"
      },
      "geometry": {
        "type": "Point",
        "coordinates": [
          21.604209,
          32.905579
        ]
      }
    },
    {
      "type": "Feature",
      "properties": {
        "id": 928,
        "name": "منتجع ومصيف الحمامة",
        "primary_category": "الفوارات والمياه الكبريتية والحمامات",
        "all_categories": "الفوارات والمياه الكبريتية والحمامات",
        "description": "منتجع ومصيف الحمامة FID 95 FID_ 95 ت 96 إسم_ا منتجع ومصيف الحمامة التصن منتجع سياحي المدي الحمامة X 21.620739 Y 32.917068 عدد_ا 20 عدد__1 80",
        "folders": "القري السياحية والمنتجعات",
        "source": "اطلس2026.xml",
        "origin": "أطلس ليبيا السياحي 2026",
        "status": "جاهز مبدئياً",
        "geometry_type": "Point",
        "coord_count": 1,
        "source_type": "KML/XML"
      },
      "geometry": {
        "type": "Point",
        "coordinates": [
          21.620739,
          32.917068
        ]
      }
    },
    {
      "type": "Feature",
      "properties": {
        "id": 929,
        "name": "منتجع ومصيف الحمامة",
        "primary_category": "الفوارات والمياه الكبريتية والحمامات",
        "all_categories": "الفوارات والمياه الكبريتية والحمامات",
        "description": "منتجع ومصيف الحمامة التصن منتجع سياحي المدي الحمامة عدد_ا 20 عدد__1 80",
        "folders": "القرى_والمنتجعات_السياحية",
        "source": "اطلس2026.xml",
        "origin": "أطلس ليبيا السياحي 2026",
        "status": "جاهز مبدئياً",
        "geometry_type": "Point",
        "coord_count": 1,
        "source_type": "KML/XML"
      },
      "geometry": {
        "type": "Point",
        "coordinates": [
          21.621093,
          32.916555
        ]
      }
    },
    {
      "type": "Feature",
      "properties": {
        "id": 930,
        "name": "منتزه الفوار الترفيهي",
        "primary_category": "الفوارات والمياه الكبريتية والحمامات",
        "all_categories": "الفوارات والمياه الكبريتية والحمامات",
        "description": "",
        "folders": "Untitled layer",
        "source": "اطلس2026.xml",
        "origin": "أطلس ليبيا السياحي 2026",
        "status": "جاهز مبدئياً",
        "geometry_type": "Point",
        "coord_count": 1,
        "source_type": "KML/XML"
      },
      "geometry": {
        "type": "Point",
        "coordinates": [
          15.1266522,
          32.3529264
        ]
      }
    },
    {
      "type": "Feature",
      "properties": {
        "id": 931,
        "name": "منتزه الفوار الكبريتي",
        "primary_category": "الفوارات والمياه الكبريتية والحمامات",
        "all_categories": "مواقع السياحة الاستشفائية؛ الفوارات/الحمامات/البحيرات",
        "description": "موقع مستخرج من وثائق السياحة الاستشفائية والفوارات",
        "folders": "وثائق السياحة الاستشفائية / الفوارات",
        "source": "الفوارات.docx",
        "origin": "وثائق داعمة 2025-2026",
        "status": "مستخرج من وثائق داعمة - يحتاج اعتماد إحداثيات",
        "geometry_type": "Point",
        "coord_count": 1,
        "source_type": "DOCX"
      },
      "geometry": {
        "type": "Point",
        "coordinates": [
          15.12665,
          32.35292
        ]
      }
    },
    {
      "type": "Feature",
      "properties": {
        "id": 932,
        "name": "منتزه صبراتة",
        "primary_category": "الفوارات والمياه الكبريتية والحمامات",
        "all_categories": "الفوارات والمياه الكبريتية والحمامات؛ محميات وموائل الطيور المهاجرة",
        "description": "أقيم منتزه صبراتة وسط غابة صناعية من أشجار الصنوبر الحلبي، وأشجار السرول، والكازورينا وكذلك اشجار السنط الحقيقي وسنط السايكلوب والسنط المسلح والكينا بنوعيها. بالإضافة إلى نباتات السدر والرتم والقندول والنباتات الحولية، وأضيف إلى المنتزه الذي أنشىء عام 1995، مرافق خدمية، وألعاب أطفال. كما تتواجد اعداد من الحيوانات البرية التي شوهدت في المنتزه مثل الأرنب البري القنفذ الثعلب والفئران الحقلية الجربوع و الثعابين والسحالي. ومن الطيور الحمام البري ومن الطيور المهاجرة العصفور احمر الذيل واحمر الصدر وابوقصادة والوروار كم تم ادخال طائر النعام وطائر الريا بالإضافة إلى بعض الحيوانات الأخرى متل المها الأفريقي وغزال الدوركاس.",
        "folders": "Untitled layer",
        "source": "اطلس2026.xml",
        "origin": "أطلس ليبيا السياحي 2026",
        "status": "جاهز مبدئياً",
        "geometry_type": "Point",
        "coord_count": 1,
        "source_type": "KML/XML"
      },
      "geometry": {
        "type": "Point",
        "coordinates": [
          12.4141645,
          32.8122012
        ]
      }
    },
    {
      "type": "Feature",
      "properties": {
        "id": 933,
        "name": "منتزه صرمان الوطني",
        "primary_category": "الفوارات والمياه الكبريتية والحمامات",
        "all_categories": "الفوارات والمياه الكبريتية والحمامات؛ محميات وموائل الطيور المهاجرة",
        "description": "تنتشر بالمنتزه البالغة مساحته 1100 هكتار، أشجار الكازورينا، والايوكلبتس، والطلح، والسنط الحقيقي، والسدر، والرتم إضافة إلي الشجيرات البرية الأخرى والأعشاب الموسمية والنباتات الحولية. ويعتبر المنتزه موطناً لأصناف عديدة من الأحياء البرية، بمافي ذلك الثعلب والأرنب البري والقنفذ والفئران الحقلية وبعض الثعابين والسحالي، فضلاً عن الطيور البرية يوجد الحمام البري والحجل والزرزور الدوري والوروار وكذلك كما يوجد بالمنتزه مشروع لتربية النحل. وقد تم ادخال حيوان الالما والمها الأفريقي بهدف دراسة تأقلمها للظروف المحلية بالإضافة الي غزال الدور كاس والنعام والريا.",
        "folders": "Untitled layer",
        "source": "اطلس2026.xml",
        "origin": "أطلس ليبيا السياحي 2026",
        "status": "جاهز مبدئياً",
        "geometry_type": "Point",
        "coord_count": 1,
        "source_type": "KML/XML"
      },
      "geometry": {
        "type": "Point",
        "coordinates": [
          12.5599999999999,
          32.715
        ]
      }
    },
    {
      "type": "Feature",
      "properties": {
        "id": 934,
        "name": "منتزه ودان",
        "primary_category": "الفوارات والمياه الكبريتية والحمامات",
        "all_categories": "مواقع السياحة الاستشفائية؛ الفوارات/الحمامات/البحيرات",
        "description": "موقع مستخرج من وثائق السياحة الاستشفائية والفوارات",
        "folders": "وثائق السياحة الاستشفائية / الفوارات",
        "source": "الفوارات.docx",
        "origin": "وثائق داعمة 2025-2026",
        "status": "مستخرج من وثائق داعمة - يحتاج اعتماد إحداثيات",
        "geometry_type": "Point",
        "coord_count": 1,
        "source_type": "DOCX"
      },
      "geometry": {
        "type": "Point",
        "coordinates": [
          16.16483,
          29.14256
        ]
      }
    },
    {
      "type": "Feature",
      "properties": {
        "id": 935,
        "name": "موقع مغمور بالمياه",
        "primary_category": "الفوارات والمياه الكبريتية والحمامات",
        "all_categories": "الفوارات والمياه الكبريتية والحمامات؛ آبار وخزانات ومصادر مياه أخرى",
        "description": "موقع مرفأ فيكوس القديم، ويعرف اليوم باسم الحمامة",
        "folders": "Untitled layer",
        "source": "اطلس2026.xml",
        "origin": "أطلس ليبيا السياحي 2026",
        "status": "جاهز مبدئياً",
        "geometry_type": "Point",
        "coord_count": 1,
        "source_type": "KML/XML"
      },
      "geometry": {
        "type": "Point",
        "coordinates": [
          21.633695,
          32.924585
        ]
      }
    },
    {
      "type": "Feature",
      "properties": {
        "id": 936,
        "name": "موقع مياة فوار",
        "primary_category": "الفوارات والمياه الكبريتية والحمامات",
        "all_categories": "الفوارات والمياه الكبريتية والحمامات",
        "description": "",
        "folders": "Untitled layer",
        "source": "اطلس2026.xml",
        "origin": "أطلس ليبيا السياحي 2026",
        "status": "جاهز مبدئياً",
        "geometry_type": "Point",
        "coord_count": 1,
        "source_type": "KML/XML"
      },
      "geometry": {
        "type": "Point",
        "coordinates": [
          15.092652,
          31.9678741
        ]
      }
    },
    {
      "type": "Feature",
      "properties": {
        "id": 937,
        "name": "موقف سيارات ومركز خدمات",
        "primary_category": "الفوارات والمياه الكبريتية والحمامات",
        "all_categories": "الفوارات والمياه الكبريتية والحمامات",
        "description": "يحتوي على مقاهي وحمامات، ومحلات بيع التذكارات",
        "folders": "Untitled layer",
        "source": "اطلس2026.xml",
        "origin": "أطلس ليبيا السياحي 2026",
        "status": "جاهز مبدئياً",
        "geometry_type": "Point",
        "coord_count": 1,
        "source_type": "KML/XML"
      },
      "geometry": {
        "type": "Point",
        "coordinates": [
          14.2872208,
          32.6349117
        ]
      }
    },
    {
      "type": "Feature",
      "properties": {
        "id": 938,
        "name": "جزيرة الحبري أو قارة",
        "primary_category": "محميات وموائل الطيور المهاجرة",
        "all_categories": "محميات وموائل الطيور المهاجرة",
        "description": "جزيرة صغيرة تبعد عن البر الرئيسي نحو 7 كيلومترات، وتبلغ مساحتها نحو 2.5 هكتار، تنمو بها بعض النباتات، وتحفها شواطىء رملية، وهي جزيرة صغيرة نسبياً، تتشكل أراضيها من الحجر الرملي ، مع المنحدرات الرملية المنخفضة، وبعض التلال المحيطة، و صخور متناثرة تتخللها بعض النباتات المحلية التي تنمو على الصخور الرملية، والحد الأقصى لارتفاع الجزيرة يبلغ 8 متر فوق مستوى سطح البحر.كما تعتبر الجزيرة من أهم مواقع استراحة الطيور المهاجرة. وصنفت الجزيرة كموطناً لطائر الخطاف المتوج، الذي يقصد الجزيرة في شهر أغسطس للتعشيش، وقد أُعلن أن جزيرة الحبري محمية بحرية طبيعية للأسماك والقشريات والرخويات والنباتات والطيور البحرية والطيور البحرية وخاصة الخطاف المتوج المهدد بالإنقراض.",
        "folders": "Untitled layer",
        "source": "اطلس2026.xml",
        "origin": "أطلس ليبيا السياحي 2026",
        "status": "جاهز مبدئياً",
        "geometry_type": "Point",
        "coord_count": 1,
        "source_type": "KML/XML"
      },
      "geometry": {
        "type": "Point",
        "coordinates": [
          19.9023879,
          30.7913593
        ]
      }
    },
    {
      "type": "Feature",
      "properties": {
        "id": 939,
        "name": "قلعة القيقب",
        "primary_category": "محميات وموائل الطيور المهاجرة",
        "all_categories": "محميات وموائل الطيور المهاجرة",
        "description": "قلعة عسكرية إدارية عثمانية يعود تاريخ انشاؤها إلى عام 1852م، بهدف السيطرة علي المنطقة والتحكم في المحاصيل الزراعية، فيما استغلت منذ عام 1975 كمتحف للتاريخ الطبيعي والشعبي للمنطقة. شيد البناء على شكل مربع طول أضلاعه 50 متر، يتألف من طابقين، وتتوزع على أركانها الأربعة أبراج، ويقع مدخل القلعة في منتصف الجدار الجنوبي على شكل نصف دائري يفضي إلى ممر عريض يضم ثلاثة أبواب، اثنان يفتحان على قاعة كبيرة، والثالث في نهاية الممر ويفتح نحو ساحة القلعة . وتضم القلعة اليوم متحفاً مقسم إلى عدة أجنحة منها قسم التاريخ الطبيعي، يختص بعرض أحياء وجيولوجيا لإقليم الجبل الأخضر، بمافي ذلك صخور وأحفوريات ونباتات متحجرة تمثل مادة علمية بالغة الأهمية لدارسي تاريخ المنطقة الجيولوجي. من معروضاته مجموعة طيور وحشرات وحيوانات برية محنطة، يليها قسم المقتنيات الشعبية من أدوات طبخ وسلال ومباخر وشكوة اللبن ( كيس مصنوع من الجلد يرج فيها الحليب لتحويله إلى لبن) ، وأدوات زراعية، وملابس وحلي نسائية، ونموذج لبيت الشعر، وقسم يعرض بعض الأسلحة التقليدية من سيوف بمقابض مصنوعة من العظم ومسدسات معدنية وبنادق تاريخية وقيود تكبيل وصندوق للبريد .",
        "folders": "Untitled layer",
        "source": "اطلس2026.xml",
        "origin": "أطلس ليبيا السياحي 2026",
        "status": "جاهز مبدئياً",
        "geometry_type": "Point",
        "coord_count": 1,
        "source_type": "KML/XML"
      },
      "geometry": {
        "type": "Point",
        "coordinates": [
          22.0215212,
          32.7257113
        ]
      }
    },
    {
      "type": "Feature",
      "properties": {
        "id": 940,
        "name": "محمية البرج",
        "primary_category": "محميات وموائل الطيور المهاجرة",
        "all_categories": "محميات وموائل الطيور المهاجرة",
        "description": "",
        "folders": "Untitled layer",
        "source": "اطلس2026.xml",
        "origin": "أطلس ليبيا السياحي 2026",
        "status": "جاهز مبدئياً",
        "geometry_type": "Point",
        "coord_count": 1,
        "source_type": "KML/XML"
      },
      "geometry": {
        "type": "Point",
        "coordinates": [
          21.2880555555555,
          29.1844444444444
        ]
      }
    },
    {
      "type": "Feature",
      "properties": {
        "id": 941,
        "name": "محمية الثلاثين",
        "primary_category": "محميات وموائل الطيور المهاجرة",
        "all_categories": "محميات وموائل الطيور المهاجرة",
        "description": "",
        "folders": "Untitled layer",
        "source": "اطلس2026.xml",
        "origin": "أطلس ليبيا السياحي 2026",
        "status": "جاهز مبدئياً",
        "geometry_type": "Point",
        "coord_count": 1,
        "source_type": "KML/XML"
      },
      "geometry": {
        "type": "Point",
        "coordinates": [
          16.2005833,
          31.2376944
        ]
      }
    },
    {
      "type": "Feature",
      "properties": {
        "id": 942,
        "name": "محمية الشعافيين",
        "primary_category": "محميات وموائل الطيور المهاجرة",
        "all_categories": "محميات وموائل الطيور المهاجرة",
        "description": "",
        "folders": "Untitled layer",
        "source": "اطلس2026.xml",
        "origin": "أطلس ليبيا السياحي 2026",
        "status": "جاهز مبدئياً",
        "geometry_type": "Point",
        "coord_count": 1,
        "source_type": "KML/XML"
      },
      "geometry": {
        "type": "Point",
        "coordinates": [
          13.8333044,
          32.6073756
        ]
      }
    },
    {
      "type": "Feature",
      "properties": {
        "id": 943,
        "name": "محمية الشماري",
        "primary_category": "محميات وموائل الطيور المهاجرة",
        "all_categories": "محميات وموائل الطيور المهاجرة",
        "description": "",
        "folders": "Untitled layer",
        "source": "اطلس2026.xml",
        "origin": "أطلس ليبيا السياحي 2026",
        "status": "جاهز مبدئياً",
        "geometry_type": "Point",
        "coord_count": 1,
        "source_type": "KML/XML"
      },
      "geometry": {
        "type": "Point",
        "coordinates": [
          22.0975224,
          32.7859765
        ]
      }
    },
    {
      "type": "Feature",
      "properties": {
        "id": 944,
        "name": "محمية جبال النقازة",
        "primary_category": "محميات وموائل الطيور المهاجرة",
        "all_categories": "محميات وموائل الطيور المهاجرة؛ آبار وخزانات ومصادر مياه أخرى",
        "description": "تبرز محمية النقازة على مسافة 100 كيلومتر شرق مدينة طرابلس، على هيئة مرتفعات تكسوها الأشجار الصنوبرية، ونبات الزعتر، والكليل، والسدر، والحرمل، والرتم، التي تشكل بيئة مناسبة لأصناف من الأحياء البرية، بمافي ذلك الأرنب البري، والسلحفاة الجبلية، والثعالب، القنافذ، الفأر الحقلي، وأنواع من الثعابين والسحالي والحشرات والطيور المستوطنة والمهاجرة. وتصنف سواحل المنطقة من أجمل الشواطىء على طول الساحل الليبي، حيث تمتزح زرقة مياه البحر، مع الرمال النقية، على خلفية المرتفعات المنهمرة بأشجارها على الشاطىء، فيما تتميز المنطقة بوجود فندق يطل على مناظر الغابات الخلابة.",
        "folders": "Untitled layer",
        "source": "اطلس2026.xml",
        "origin": "أطلس ليبيا السياحي 2026",
        "status": "جاهز مبدئياً",
        "geometry_type": "Point",
        "coord_count": 1,
        "source_type": "KML/XML"
      },
      "geometry": {
        "type": "Point",
        "coordinates": [
          14.0984631,
          32.6987213
        ]
      }
    },
    {
      "type": "Feature",
      "properties": {
        "id": 945,
        "name": "مشروع المحمية السياحي",
        "primary_category": "محميات وموائل الطيور المهاجرة",
        "all_categories": "محميات وموائل الطيور المهاجرة",
        "description": "",
        "folders": "Untitled layer",
        "source": "اطلس2026.xml",
        "origin": "أطلس ليبيا السياحي 2026",
        "status": "جاهز مبدئياً",
        "geometry_type": "Point",
        "coord_count": 1,
        "source_type": "KML/XML"
      },
      "geometry": {
        "type": "Point",
        "coordinates": [
          15.0997598,
          32.0116714
        ]
      }
    }
  ]
}